distributor_id,date,pos_code,units,amount
D001,2025-11-27,P000001,609.38,5468.64
D001,2026-02-10,P000001,382.69,5680.79
D001,2026-03-05,P000001,193.01,4426.49
D001,2026-05-25,P000001,264.91,4630.44
D001,2026-06-27,P000001,479.37,8414.44
D001,2025-11-09,P000002,1507.62,27342.26
D001,2025-12-08,P000002,2244.65,31860.95
D001,2026-02-08,P000002,1454.26,30337.68
D001,2026-03-09,P000002,884.5,15485.09
D001,2026-04-18,P000002,915.07,22734.57
D001,2025-11-22,P000003,123.94,2655.04
D001,2025-12-03,P000003,92.2,1915.21
D001,2026-01-22,P000003,108.31,1437.89
D001,2026-03-13,P000003,66.98,1164.7
D001,2026-04-12,P000003,70.99,1565.56
D001,2025-11-25,P000004,1401.04,31175.29
D001,2025-12-16,P000004,3081.14,35577.8
D001,2026-01-26,P000004,1580.27,12708.76
D001,2026-02-24,P000004,1125.21,24617.42
D001,2026-03-12,P000004,1647.72,24163.31
D001,2026-04-24,P000004,4048.27,32430.35
D001,2026-05-21,P000004,1772.24,31263.86
D001,2026-06-14,P000004,2074.67,26404.82
D001,2025-11-13,P000005,196.83,4824.66
D001,2025-12-25,P000005,524.78,5734.16
D001,2026-01-17,P000005,568.69,9584.96
D001,2026-02-24,P000005,568.34,9435.17
D001,2026-03-11,P000005,1168.04,12392.85
D001,2026-04-23,P000005,942.3,7802.61
D001,2026-05-09,P000005,563.92,11271.14
D001,2026-06-22,P000005,653.46,6943.35
D001,2025-12-04,P000006,266.34,3150.58
D001,2026-01-09,P000006,140.54,3507.94
D001,2026-02-18,P000006,58.12,1318.28
D001,2026-03-15,P000006,214.24,2779.11
D001,2026-04-14,P000006,78.21,1856.55
D001,2026-05-17,P000006,247.54,4100.88
D001,2025-12-16,P000007,2903.17,47058.78
D001,2026-01-23,P000007,3685.26,38281.18
D001,2026-02-17,P000007,1973.07,26595.87
D001,2026-03-11,P000007,1780.99,36812.65
D001,2026-04-17,P000007,1616.24,34691.6
D001,2026-05-11,P000007,2054.0,44391.4
D001,2026-06-11,P000007,2621.89,55712.65
D001,2025-11-08,P000008,3653.84,34622.32
D001,2025-12-21,P000008,1743.19,39711.27
D001,2026-02-24,P000008,3334.21,34043.67
D001,2026-03-21,P000008,1503.42,35938.31
D001,2026-04-01,P000008,1382.97,15741.37
D001,2026-05-14,P000008,2468.19,33487.61
D001,2025-11-17,P000009,1313.12,14070.81
D001,2025-12-07,P000009,326.18,6057.33
D001,2026-01-08,P000009,394.49,7638.82
D001,2026-02-25,P000009,496.13,9640.54
D001,2026-03-18,P000009,613.58,14975.89
D001,2026-04-09,P000009,656.81,11831.3
D001,2026-05-02,P000009,227.9,4940.3
D001,2026-06-04,P000009,1111.89,9466.14
D001,2025-11-23,P000010,408.08,5693.03
D001,2025-12-21,P000010,344.48,7787.27
D001,2026-01-09,P000010,551.46,6316.12
D001,2026-02-25,P000010,636.03,6802.3
D001,2026-04-12,P000010,101.14,2370.89
D001,2026-06-10,P000010,217.78,3296.51
D001,2025-11-06,P000011,257.4,3634.14
D001,2025-12-25,P000011,254.23,3528.59
D001,2026-02-22,P000011,402.46,5122.78
D001,2026-03-27,P000011,532.95,5812.97
D001,2026-04-12,P000011,491.16,4718.79
D001,2026-05-10,P000011,105.08,1939.44
D001,2026-06-11,P000011,175.76,1681.77
D001,2025-11-17,P000012,383.34,5017.87
D001,2025-12-02,P000012,105.15,1867.43
D001,2026-01-18,P000012,313.09,3319.63
D001,2026-02-09,P000012,166.62,3412.67
D001,2026-04-24,P000012,324.37,6754.62
D001,2026-05-24,P000012,231.15,4999.82
D001,2025-11-05,P000013,2457.79,55220.65
D001,2025-12-12,P000013,2560.77,62359.92
D001,2026-01-15,P000013,4183.0,87289.38
D001,2026-03-26,P000013,7660.36,83068.55
D001,2026-05-22,P000013,3863.76,83180.96
D001,2026-06-12,P000013,3062.9,69100.39
D001,2025-11-24,P000014,541.57,6635.83
D001,2025-12-24,P000014,841.04,7941.63
D001,2026-01-18,P000014,230.58,4789.77
D001,2026-02-13,P000014,745.61,9490.5
D001,2026-04-11,P000014,282.56,3830.83
D001,2026-05-03,P000014,503.34,10786.73
D001,2026-06-08,P000014,383.5,7384.31
D001,2025-12-18,P000015,995.93,21383.83
D001,2026-01-22,P000015,5061.67,47227.45
D001,2026-03-21,P000015,1950.83,46548.03
D001,2026-04-06,P000015,1343.6,31942.24
D001,2026-05-26,P000015,1239.28,24622.63
D001,2026-06-23,P000015,4630.8,38879.99
D001,2025-11-05,P000016,185.58,3940.3
D001,2025-12-08,P000016,497.22,4109.49
D001,2026-01-06,P000016,634.25,5291.19
D001,2026-02-17,P000016,249.23,4661.41
D001,2026-03-26,P000016,529.52,5474.44
D001,2026-04-09,P000016,299.76,4593.84
D001,2026-05-11,P000016,170.42,3350.24
D001,2026-06-03,P000016,204.36,3815.79
D001,2025-11-15,P000017,1107.75,13960.55
D001,2025-12-17,P000017,726.13,13516.39
D001,2026-01-13,P000017,973.41,15567.85
D001,2026-02-27,P000017,695.87,13677.42
D001,2026-03-02,P000017,844.65,16558.19
D001,2026-04-02,P000017,811.72,14885.42
D001,2026-05-26,P000017,541.09,10817.84
D001,2026-06-14,P000017,996.92,15161.46
D001,2025-11-08,P000018,5801.09,68094.0
D001,2025-12-12,P000018,3220.59,64431.53
D001,2026-01-03,P000018,2912.3,56762.07
D001,2026-02-08,P000018,2682.94,36246.78
D001,2026-03-16,P000018,1373.28,21889.67
D001,2026-04-23,P000018,3649.17,36111.66
D001,2026-06-04,P000018,2109.52,51050.03
D001,2025-11-13,P000019,105.48,2483.85
D001,2025-12-20,P000019,64.93,1608.79
D001,2026-01-14,P000019,172.15,2122.87
D001,2026-02-04,P000019,93.74,1583.64
D001,2026-04-24,P000019,85.99,1272.73
D001,2026-05-04,P000019,84.13,1832.02
D001,2026-06-14,P000019,109.37,1571.0
D001,2025-12-19,P000020,483.9,8077.44
D001,2026-01-15,P000020,517.25,7535.43
D001,2026-02-11,P000020,294.26,5079.69
D001,2026-03-24,P000020,503.31,5890.31
D001,2026-04-24,P000020,451.92,5208.43
D001,2026-05-03,P000020,270.16,5967.09
D001,2025-11-04,P000021,1055.81,9093.07
D001,2025-12-08,P000021,692.94,9580.38
D001,2026-01-18,P000021,1273.23,11766.83
D001,2026-02-23,P000021,395.86,7260.43
D001,2026-04-05,P000021,267.38,6119.68
D001,2026-05-18,P000021,429.8,10445.62
D001,2026-06-26,P000021,770.84,13942.08
D001,2025-12-15,P000022,779.79,10421.25
D001,2026-01-04,P000022,585.84,8121.33
D001,2026-02-02,P000022,695.25,10668.92
D001,2026-04-04,P000022,715.99,8125.48
D001,2026-05-18,P000022,1461.32,13051.26
D001,2026-06-04,P000022,879.3,8339.94
D001,2025-11-06,P000023,1307.57,18731.33
D001,2025-12-02,P000023,681.49,16926.5
D001,2026-03-01,P000023,2873.16,38789.76
D001,2026-04-07,P000023,1065.57,16734.01
D001,2026-05-08,P000023,1105.36,22299.18
D001,2025-11-10,P000024,101.38,1664.69
D001,2025-12-08,P000024,135.54,2495.05
D001,2026-01-08,P000024,346.34,3023.88
D001,2026-02-22,P000024,269.76,3307.34
D001,2026-03-13,P000024,134.33,1580.88
D001,2026-04-20,P000024,80.68,1883.15
D001,2026-06-22,P000024,181.26,2929.25
D001,2025-11-06,P000025,2500.15,47218.79
D001,2025-12-15,P000025,2599.06,34636.49
D001,2026-01-25,P000025,1465.9,32200.7
D001,2026-02-12,P000025,1361.93,32303.62
D001,2026-03-10,P000025,2647.4,32047.63
D001,2026-04-08,P000025,540.57,13051.17
D001,2026-05-18,P000025,1697.64,26527.55
D001,2026-06-23,P000025,1560.14,37768.12
D001,2025-11-21,P000026,276.49,5519.41
D001,2025-12-05,P000026,195.03,4176.63
D001,2026-01-24,P000026,506.21,11881.41
D001,2026-02-05,P000026,480.25,7268.15
D001,2026-03-12,P000026,579.39,8639.99
D001,2026-04-18,P000026,380.87,5965.14
D001,2026-05-03,P000026,436.6,8905.54
D001,2026-06-09,P000026,316.09,5426.56
D001,2025-11-21,P000027,3738.9,36327.8
D001,2025-12-21,P000027,2427.21,28465.45
D001,2026-01-10,P000027,2657.84,49357.54
D001,2026-03-19,P000027,2971.4,52044.96
D001,2026-04-26,P000027,5254.55,50565.65
D001,2026-05-20,P000027,2851.87,47956.65
D001,2026-06-17,P000027,2788.99,58858.15
D001,2025-11-14,P000028,759.2,17239.94
D001,2025-12-15,P000028,854.76,20657.54
D001,2026-02-22,P000028,1736.31,18393.76
D001,2026-03-14,P000028,1588.08,34260.27
D001,2026-04-25,P000028,1894.24,28917.96
D001,2026-05-04,P000028,3579.49,29875.35
D001,2025-11-14,P000029,279.91,4756.39
D001,2025-12-12,P000029,317.22,5096.12
D001,2026-01-07,P000029,272.23,4191.38
D001,2026-02-20,P000029,392.61,6304.41
D001,2026-03-16,P000029,583.4,5372.26
D001,2026-04-18,P000029,240.24,4061.05
D001,2026-06-08,P000029,397.63,4863.39
D001,2025-11-24,P000030,101.93,1611.73
D001,2025-12-26,P000030,28.14,366.3
D001,2026-01-16,P000030,77.94,1434.11
D001,2026-02-27,P000030,74.0,1504.9
D001,2026-03-14,P000030,78.7,1277.51
D001,2026-04-25,P000030,277.28,2849.51
D001,2026-05-12,P000030,116.42,1091.25
D001,2026-06-20,P000030,165.29,2108.5
D001,2025-11-25,P000031,587.93,6452.57
D001,2025-12-03,P000031,772.16,7566.24
D001,2026-01-07,P000031,425.76,8842.31
D001,2026-02-06,P000031,432.98,4954.23
D001,2026-03-08,P000031,320.79,5016.88
D001,2026-04-04,P000031,244.95,4787.05
D001,2026-05-13,P000031,218.8,4296.5
D001,2026-06-05,P000031,754.65,7997.69
D001,2025-12-12,P000032,262.76,4588.57
D001,2026-02-07,P000032,398.8,8430.94
D001,2026-03-22,P000032,447.57,6504.66
D001,2026-04-24,P000032,303.53,6468.54
D001,2026-05-15,P000032,160.23,2667.71
D001,2026-06-20,P000032,342.41,2860.3
D001,2025-11-05,P000033,405.44,4276.28
D001,2025-12-06,P000033,870.38,8008.4
D001,2026-01-26,P000033,141.47,3431.49
D001,2026-04-08,P000033,191.47,3764.16
D001,2026-05-15,P000033,300.85,6577.74
D001,2026-06-22,P000033,195.71,4435.13
D001,2025-11-25,P000034,287.16,6479.65
D001,2025-12-08,P000034,429.11,6025.17
D001,2026-01-26,P000034,251.02,5834.21
D001,2026-03-05,P000034,526.86,9631.32
D001,2026-04-21,P000034,744.34,6902.8
D001,2026-05-16,P000034,410.32,6385.48
D001,2026-06-23,P000034,327.32,6447.28
D001,2025-12-13,P000035,2517.04,25511.79
D001,2026-01-01,P000035,1540.99,36952.6
D001,2026-02-17,P000035,2600.8,32239.65
D001,2026-03-12,P000035,1514.42,28069.07
D001,2026-04-26,P000035,2841.28,41903.83
D001,2026-05-19,P000035,1736.17,32145.42
D001,2026-06-02,P000035,3457.85,31119.34
D001,2025-11-18,P000036,3707.8,36077.1
D001,2025-12-26,P000036,1811.03,40357.4
D001,2026-01-22,P000036,3574.7,30113.66
D001,2026-02-14,P000036,2830.42,28639.22
D001,2026-03-10,P000036,1036.14,21151.33
D001,2026-04-26,P000036,1672.0,28144.74
D001,2026-05-19,P000036,2514.13,23034.28
D001,2026-06-18,P000036,1644.04,32480.39
D001,2025-11-20,P000037,322.54,6647.18
D001,2025-12-07,P000037,612.8,15099.21
D001,2026-01-22,P000037,629.96,10130.16
D001,2026-02-16,P000037,822.76,10554.43
D001,2026-03-26,P000037,1212.76,13116.91
D001,2026-04-16,P000037,1905.16,21564.75
D001,2026-06-09,P000037,958.67,12886.22
D001,2025-11-07,P000038,2002.0,26336.74
D001,2025-12-15,P000038,1790.49,32038.98
D001,2026-01-06,P000038,1250.21,23888.63
D001,2026-02-12,P000038,1421.62,15731.41
D001,2026-03-21,P000038,908.08,19583.73
D001,2026-04-21,P000038,1585.87,20050.57
D001,2026-05-13,P000038,1213.66,17458.87
D001,2025-11-07,P000039,127.29,2624.99
D001,2025-12-05,P000039,293.24,2415.54
D001,2026-01-18,P000039,178.0,2346.83
D001,2026-02-05,P000039,251.69,4547.49
D001,2026-03-04,P000039,127.04,1314.56
D001,2026-04-07,P000039,134.23,3132.04
D001,2026-05-01,P000039,62.82,1117.45
D001,2026-06-16,P000039,238.92,3115.21
D001,2025-11-19,P000040,256.94,5890.23
D001,2025-12-25,P000040,633.0,9167.67
D001,2026-01-04,P000040,683.84,5706.25
D001,2026-03-23,P000040,466.99,7927.48
D001,2026-04-09,P000040,392.79,7042.29
D001,2026-05-02,P000040,571.13,8595.93
D001,2026-06-24,P000040,991.62,10881.62
D001,2025-11-05,P000041,1029.63,12358.69
D001,2026-01-26,P000041,3963.82,34439.58
D001,2026-02-14,P000041,1965.76,23674.06
D001,2026-03-24,P000041,770.78,12183.2
D001,2026-04-18,P000041,953.81,21647.41
D001,2026-05-21,P000041,4142.53,41034.64
D001,2026-06-08,P000041,1463.45,32865.11
D001,2025-11-27,P000042,478.05,6730.58
D001,2025-12-13,P000042,197.02,4157.04
D001,2026-01-22,P000042,296.77,5492.33
D001,2026-02-13,P000042,366.05,5490.08
D001,2026-03-21,P000042,462.26,6223.8
D001,2026-04-16,P000042,622.9,6275.21
D001,2026-05-24,P000042,399.37,6122.67
D001,2026-06-09,P000042,500.14,4721.89
D001,2025-11-01,P000043,554.89,11356.81
D001,2025-12-16,P000043,532.78,6385.0
D001,2026-01-17,P000043,633.42,8482.14
D001,2026-02-18,P000043,833.11,7940.36
D001,2026-03-25,P000043,631.62,8983.98
D001,2026-04-02,P000043,613.18,10049.35
D001,2026-05-06,P000043,359.91,8875.48
D001,2026-06-07,P000043,903.89,8314.27
D001,2025-11-05,P000044,8480.97,103946.24
D001,2025-12-21,P000044,5189.76,43678.13
D001,2026-01-01,P000044,10508.89,127416.44
D001,2026-02-08,P000044,4048.57,77853.67
D001,2026-03-25,P000044,5573.13,97050.3
D001,2026-04-16,P000044,6773.8,72931.75
D001,2026-05-09,P000044,4915.56,55255.41
D001,2026-06-23,P000044,9985.27,92669.54
D001,2025-11-19,P000045,2492.74,61524.57
D001,2025-12-19,P000045,3057.14,71893.42
D001,2026-01-24,P000045,6173.6,74099.82
D001,2026-02-14,P000045,7086.29,82149.8
D001,2026-04-01,P000045,4162.04,56748.91
D001,2026-05-11,P000045,2517.22,62356.7
D001,2026-06-26,P000045,4593.76,61883.01
D001,2025-11-24,P000046,207.15,4700.4
D001,2025-12-22,P000046,260.5,4152.18
D001,2026-01-09,P000046,325.86,5649.83
D001,2026-02-18,P000046,524.42,6115.24
D001,2026-03-26,P000046,551.49,5436.33
D001,2026-04-13,P000046,539.76,7354.58
D001,2026-05-06,P000046,390.07,6086.02
D001,2026-06-26,P000046,290.7,5530.48
D001,2025-11-02,P000047,672.79,7909.23
D001,2025-12-12,P000047,452.16,7259.06
D001,2026-01-02,P000047,205.84,4860.5
D001,2026-02-06,P000047,495.52,7870.37
D001,2026-03-23,P000047,723.85,7322.2
D001,2026-04-03,P000047,434.38,9988.75
D001,2026-05-03,P000047,294.8,5797.01
D001,2025-11-18,P000048,280.44,4191.12
D001,2025-12-22,P000048,341.7,4513.92
D001,2026-01-19,P000048,183.37,3524.75
D001,2026-02-04,P000048,427.75,3985.91
D001,2026-05-21,P000048,178.58,3666.47
D001,2026-06-27,P000048,263.42,4136.26
D001,2025-11-12,P000049,1887.76,22950.6
D001,2026-01-20,P000049,2632.06,38963.95
D001,2026-02-13,P000049,1351.35,28631.44
D001,2026-03-27,P000049,1068.22,15330.11
D001,2026-04-14,P000049,4161.74,39410.06
D001,2026-05-12,P000049,2094.79,38548.73
D001,2025-11-02,P000050,2065.06,37246.05
D001,2025-12-14,P000050,1609.85,27741.21
D001,2026-01-21,P000050,1764.9,16224.19
D001,2026-02-10,P000050,1337.64,24462.78
D001,2026-03-04,P000050,806.74,19018.19
D001,2026-04-10,P000050,803.5,16617.33
D001,2026-05-08,P000050,1552.34,15881.17
D001,2026-06-18,P000050,1736.04,36882.73
D001,2025-11-16,P000051,1512.67,23497.86
D001,2026-01-17,P000051,1130.25,19221.67
D001,2026-02-06,P000051,71.33,1691.32
D001,2026-03-15,P000051,4750.91,43274.48
D001,2026-05-23,P000051,1239.67,29347.15
D001,2026-06-14,P000051,1627.12,31240.56
D001,2025-11-08,P000052,3870.28,73339.69
D001,2025-12-11,P000052,5935.18,48092.66
D001,2026-01-21,P000052,4959.64,46584.14
D001,2026-02-08,P000052,2061.92,51465.58
D001,2026-04-05,P000052,3538.59,80525.13
D001,2026-05-09,P000052,3209.11,63018.53
D001,2026-06-26,P000052,5368.04,67969.68
D001,2025-11-26,P000053,138.59,2237.69
D001,2025-12-05,P000053,208.1,3210.31
D001,2026-01-06,P000053,112.27,2453.26
D001,2026-02-13,P000053,161.99,2933.7
D001,2026-03-12,P000053,171.84,3364.01
D001,2026-04-01,P000053,226.06,3453.45
D001,2026-05-01,P000053,181.71,3123.46
D001,2026-06-13,P000053,112.21,1421.59
D001,2025-11-18,P000054,403.8,4458.63
D001,2025-12-05,P000054,239.48,5616.38
D001,2026-01-17,P000054,199.57,4107.68
D001,2026-02-11,P000054,480.35,4444.56
D001,2026-03-01,P000054,158.02,3625.26
D001,2026-04-08,P000054,349.7,5348.48
D001,2026-05-11,P000054,285.35,5464.62
D001,2026-06-10,P000054,397.55,4543.5
D001,2025-11-20,P000055,2600.6,62785.58
D001,2025-12-15,P000055,9627.55,80827.4
D001,2026-01-08,P000055,6347.8,80074.17
D001,2026-02-17,P000055,10093.95,100531.71
D001,2026-03-08,P000055,5495.34,103316.15
D001,2026-04-07,P000055,2361.86,46835.6
D001,2026-05-16,P000055,8751.1,103020.63
D001,2026-06-17,P000055,6094.24,86409.94
D001,2025-11-05,P000056,493.2,11154.93
D001,2025-12-23,P000056,279.12,5530.91
D001,2026-02-11,P000056,581.32,9019.64
D001,2026-03-02,P000056,754.27,12200.69
D001,2026-04-06,P000056,472.32,10140.97
D001,2026-05-24,P000056,676.75,7483.53
D001,2026-06-24,P000056,264.51,6070.61
D001,2025-11-06,P000057,104.82,1053.42
D001,2025-12-13,P000057,217.06,2931.91
D001,2026-01-03,P000057,115.81,2738.56
D001,2026-02-12,P000057,193.25,2451.9
D001,2026-04-18,P000057,161.17,1881.44
D001,2026-05-14,P000057,86.76,1811.65
D001,2026-06-14,P000057,157.41,1930.75
D001,2025-11-18,P000058,1073.43,20114.25
D001,2025-12-07,P000058,846.81,7542.47
D001,2026-02-17,P000058,871.12,15782.97
D001,2026-03-16,P000058,603.13,11911.38
D001,2026-04-07,P000058,216.72,5346.72
D001,2026-05-15,P000058,293.42,6630.62
D001,2026-06-07,P000058,1634.71,17489.33
D001,2025-11-10,P000059,583.78,7009.0
D001,2025-12-01,P000059,1936.61,16518.59
D001,2026-01-05,P000059,1422.84,13095.23
D001,2026-03-09,P000059,759.7,12084.29
D001,2026-04-03,P000059,445.62,10488.98
D001,2026-05-25,P000059,1427.79,15321.02
D001,2026-06-15,P000059,511.93,9605.17
D001,2025-11-06,P000060,274.51,6185.73
D001,2025-12-09,P000060,197.23,3574.56
D001,2026-01-07,P000060,550.07,7703.33
D001,2026-02-08,P000060,209.17,4030.72
D001,2026-03-21,P000060,356.17,5510.95
D001,2026-04-22,P000060,322.14,6420.9
D001,2026-05-11,P000060,612.0,7022.17
D001,2026-06-24,P000060,348.17,4509.36
D001,2025-11-14,P000061,409.43,9675.27
D001,2025-12-09,P000061,483.59,9044.02
D001,2026-01-18,P000061,901.81,12152.66
D001,2026-02-23,P000061,922.07,7493.47
D001,2026-03-23,P000061,531.28,9804.75
D001,2026-04-16,P000061,812.73,9128.3
D001,2026-05-24,P000061,1083.17,11441.12
D001,2026-06-05,P000061,768.06,9353.69
D001,2025-11-27,P000062,120.18,2964.11
D001,2025-12-21,P000062,186.14,3256.55
D001,2026-01-04,P000062,137.82,2389.53
D001,2026-02-16,P000062,150.68,1347.6
D001,2026-03-05,P000062,217.85,2279.45
D001,2026-05-11,P000062,300.77,4234.05
D001,2026-06-08,P000062,244.67,3386.72
D001,2025-11-11,P000063,145.03,1710.82
D001,2025-12-14,P000063,67.73,1367.78
D001,2026-01-10,P000063,200.37,3022.32
D001,2026-03-02,P000063,259.7,3915.65
D001,2026-05-23,P000063,198.92,4157.61
D001,2026-06-10,P000063,38.58,672.98
D001,2025-11-07,P000064,253.24,5736.19
D001,2025-12-16,P000064,281.78,5197.41
D001,2026-01-23,P000064,258.35,2790.13
D001,2026-02-08,P000064,382.85,4180.66
D001,2026-03-03,P000064,201.23,4812.08
D001,2026-05-04,P000064,493.99,4403.51
D001,2026-06-03,P000064,271.96,3594.29
D001,2025-11-12,P000065,294.78,4560.55
D001,2025-12-05,P000065,195.25,4803.46
D001,2026-01-09,P000065,163.51,2636.11
D001,2026-03-24,P000065,542.75,4710.01
D001,2026-04-07,P000065,155.88,2738.85
D001,2026-05-09,P000065,415.14,5658.38
D001,2025-12-23,P000066,514.98,4889.91
D001,2026-01-10,P000066,538.77,4885.03
D001,2026-02-01,P000066,139.13,2189.82
D001,2026-03-14,P000066,82.51,1977.96
D001,2026-04-04,P000066,213.11,4362.27
D001,2026-05-24,P000066,547.34,5533.94
D001,2026-06-09,P000066,176.16,3916.48
D001,2025-11-17,P000067,484.21,5455.08
D001,2025-12-01,P000067,196.52,3770.06
D001,2026-01-10,P000067,213.22,4148.44
D001,2026-03-02,P000067,161.21,3742.32
D001,2026-04-21,P000067,265.66,5203.49
D001,2026-05-04,P000067,164.72,4045.89
D001,2026-06-06,P000067,270.69,5632.09
D001,2025-11-15,P000068,1424.78,22520.05
D001,2025-12-10,P000068,3286.1,29198.68
D001,2026-01-26,P000068,1279.56,20050.94
D001,2026-02-09,P000068,1942.34,45619.33
D001,2026-03-11,P000068,3278.76,28340.67
D001,2026-04-10,P000068,3849.96,37499.7
D001,2026-05-16,P000068,1291.7,20885.14
D001,2026-06-10,P000068,3367.9,27197.93
D001,2025-11-06,P000069,380.37,5667.98
D001,2025-12-20,P000069,306.27,5714.29
D001,2026-01-05,P000069,410.6,7227.44
D001,2026-02-25,P000069,366.81,4842.25
D001,2026-03-08,P000069,332.7,5542.58
D001,2026-04-03,P000069,404.17,8880.39
D001,2026-05-13,P000069,290.64,6297.74
D001,2026-06-10,P000069,338.45,6171.71
D001,2025-11-12,P000070,1272.7,22840.01
D001,2025-12-07,P000070,1329.73,18967.24
D001,2026-01-02,P000070,421.42,9940.46
D001,2026-02-17,P000070,676.82,15485.07
D001,2026-04-23,P000070,1141.96,20343.81
D001,2026-05-21,P000070,723.94,14792.8
D001,2026-06-26,P000070,507.16,7319.58
D001,2025-11-24,P000071,347.77,6062.34
D001,2025-12-09,P000071,246.97,3858.13
D001,2026-02-08,P000071,312.4,5598.05
D001,2026-03-27,P000071,567.3,5431.03
D001,2026-04-15,P000071,135.22,2750.48
D001,2026-05-10,P000071,226.31,5652.84
D001,2026-06-11,P000071,304.65,3896.53
D001,2025-11-12,P000072,1828.24,25349.44
D001,2025-12-01,P000072,1199.02,28303.01
D001,2026-01-11,P000072,1673.8,31435.82
D001,2026-03-25,P000072,2185.37,22921.53
D001,2026-05-17,P000072,589.13,12383.19
D001,2026-06-11,P000072,1599.86,17172.97
D002,2025-11-10,P000073,452.59,10002.45
D002,2025-12-17,P000073,1079.29,9411.16
D002,2026-01-24,P000073,1540.06,14137.86
D002,2026-02-21,P000073,871.45,16840.79
D002,2026-04-06,P000073,576.28,10987.34
D002,2025-11-12,P000074,3281.49,71944.56
D002,2025-12-18,P000074,2106.29,49083.26
D002,2026-03-01,P000074,2497.3,55139.99
D002,2026-04-09,P000074,4844.45,87949.5
D002,2026-05-20,P000074,2662.73,32873.2
D002,2026-06-20,P000074,5489.69,64366.47
D002,2025-11-02,P000075,579.58,6981.46
D002,2025-12-22,P000075,898.07,14139.29
D002,2026-02-01,P000075,437.4,10774.08
D002,2026-03-13,P000075,647.1,8611.0
D002,2026-04-14,P000075,1041.79,9057.56
D002,2026-05-19,P000075,1099.59,11535.95
D002,2026-06-05,P000075,1262.86,17716.79
D002,2025-11-05,P000076,311.18,6587.58
D002,2025-12-09,P000076,228.71,4657.58
D002,2026-01-13,P000076,420.33,4418.45
D002,2026-02-21,P000076,381.86,6232.04
D002,2026-03-22,P000076,377.73,7170.08
D002,2026-05-01,P000076,430.31,7838.89
D002,2026-06-10,P000076,412.28,6290.44
D002,2025-11-02,P000077,314.29,3605.33
D002,2025-12-26,P000077,232.62,5071.5
D002,2026-01-13,P000077,293.95,7151.53
D002,2026-02-08,P000077,161.7,2770.84
D002,2026-03-14,P000077,289.62,5145.31
D002,2026-04-21,P000077,347.87,5919.56
D002,2026-05-04,P000077,508.22,5723.91
D002,2026-06-02,P000077,355.52,3486.17
D002,2025-11-13,P000078,320.43,6900.37
D002,2025-12-04,P000078,108.38,2032.5
D002,2026-01-25,P000078,287.74,3318.05
D002,2026-02-19,P000078,273.12,4278.81
D002,2026-03-11,P000078,483.88,3873.64
D002,2026-04-10,P000078,215.31,5062.75
D002,2026-06-14,P000078,259.4,5364.43
D002,2025-11-09,P000079,2647.84,59913.53
D002,2025-12-07,P000079,8337.63,110110.13
D002,2026-01-01,P000079,3509.86,58320.06
D002,2026-02-15,P000079,3124.65,71470.9
D002,2026-03-10,P000079,3106.29,66354.81
D002,2026-04-03,P000079,3349.96,57392.1
D002,2026-05-13,P000079,3907.05,96421.66
D002,2026-06-17,P000079,4937.61,51721.02
D002,2025-11-16,P000080,154.99,3014.49
D002,2025-12-04,P000080,334.96,4424.17
D002,2026-02-06,P000080,78.77,1756.93
D002,2026-03-11,P000080,204.19,4548.07
D002,2026-04-21,P000080,351.74,5022.77
D002,2026-05-01,P000080,145.03,2515.36
D002,2026-06-17,P000080,242.13,3130.98
D002,2025-11-24,P000081,1060.42,16681.96
D002,2025-12-08,P000081,1644.56,18079.75
D002,2026-01-16,P000081,1059.07,13923.38
D002,2026-02-09,P000081,609.7,14511.23
D002,2026-03-25,P000081,703.72,7719.53
D002,2026-04-26,P000081,950.27,10124.94
D002,2026-05-22,P000081,1309.44,13770.86
D002,2026-06-01,P000081,625.5,8470.37
D002,2025-12-13,P000082,830.15,17255.72
D002,2026-01-19,P000082,1547.3,31237.31
D002,2026-02-02,P000082,1299.83,22964.29
D002,2026-03-08,P000082,3011.14,45933.19
D002,2026-04-25,P000082,4753.58,38791.16
D002,2026-05-16,P000082,1563.61,23506.23
D002,2026-06-12,P000082,2814.21,47948.96
D002,2025-12-02,P000083,3198.94,28721.54
D002,2026-01-17,P000083,1191.57,23895.52
D002,2026-02-02,P000083,2045.41,39024.42
D002,2026-03-03,P000083,2989.38,46298.52
D002,2026-04-23,P000083,1650.28,25627.94
D002,2026-05-26,P000083,1626.65,30007.8
D002,2026-06-01,P000083,1904.61,40127.19
D002,2025-11-27,P000084,2072.76,22916.73
D002,2025-12-12,P000084,654.15,12669.42
D002,2026-01-05,P000084,1529.87,13490.13
D002,2026-02-16,P000084,995.72,21235.81
D002,2026-03-27,P000084,1079.24,10124.93
D002,2026-04-12,P000084,1237.17,19254.42
D002,2026-05-26,P000084,1026.61,13252.1
D002,2025-11-06,P000085,1141.65,17256.12
D002,2025-12-02,P000085,2728.8,27863.23
D002,2026-01-06,P000085,1274.33,29516.07
D002,2026-02-16,P000085,1059.0,19547.22
D002,2026-03-24,P000085,1134.77,19030.23
D002,2026-05-11,P000085,917.33,19103.74
D002,2025-11-10,P000086,156.32,2368.14
D002,2025-12-27,P000086,349.89,3960.61
D002,2026-02-21,P000086,227.84,3892.66
D002,2026-04-16,P000086,376.94,3809.39
D002,2026-06-25,P000086,404.9,3908.32
D002,2025-11-22,P000087,301.4,4535.24
D002,2025-12-25,P000087,275.08,5081.73
D002,2026-01-27,P000087,194.42,4804.21
D002,2026-02-19,P000087,216.88,4781.41
D002,2026-04-09,P000087,170.38,3574.09
D002,2026-05-02,P000087,187.09,4042.65
D002,2025-11-05,P000088,2220.24,29036.93
D002,2026-01-08,P000088,2650.08,28224.2
D002,2026-03-05,P000088,1312.91,30904.68
D002,2026-04-11,P000088,1135.44,24289.13
D002,2026-06-26,P000088,2983.13,33152.62
D002,2025-12-26,P000089,289.2,6048.52
D002,2026-01-07,P000089,388.63,7135.74
D002,2026-02-04,P000089,346.78,3087.62
D002,2026-03-10,P000089,339.02,7003.81
D002,2026-04-26,P000089,533.12,7513.22
D002,2026-05-23,P000089,439.81,9098.16
D002,2025-11-22,P000090,2368.62,20461.21
D002,2025-12-24,P000090,656.5,13331.47
D002,2026-03-03,P000090,683.45,8297.51
D002,2026-04-22,P000090,705.36,15411.58
D002,2026-05-22,P000090,909.37,17952.77
D002,2026-06-03,P000090,298.87,6313.03
D002,2025-12-17,P000091,250.61,3768.42
D002,2026-01-17,P000091,225.97,3975.74
D002,2026-02-14,P000091,214.1,4735.05
D002,2026-03-22,P000091,246.67,4127.7
D002,2026-04-03,P000091,122.6,2072.12
D002,2026-05-10,P000091,449.28,5136.32
D002,2026-06-10,P000091,134.91,3018.46
D002,2025-11-13,P000092,1502.77,16069.17
D002,2025-12-19,P000092,474.56,10184.52
D002,2026-01-10,P000092,998.38,13636.61
D002,2026-02-18,P000092,406.69,9296.13
D002,2026-03-08,P000092,1344.85,15295.59
D002,2026-04-11,P000092,689.16,12160.86
D002,2026-05-24,P000092,498.08,11955.45
D002,2026-06-06,P000092,509.53,12693.63
D002,2025-11-17,P000093,1476.08,12896.2
D002,2025-12-23,P000093,775.73,13517.51
D002,2026-01-08,P000093,2964.16,25258.6
D002,2026-02-18,P000093,792.86,10819.35
D002,2026-03-06,P000093,447.86,4559.74
D002,2026-04-06,P000093,1158.82,11623.37
D002,2026-05-15,P000093,960.86,15491.35
D002,2026-06-17,P000093,1355.39,17318.07
D002,2025-11-10,P000094,361.04,8779.46
D002,2025-12-14,P000094,626.34,6693.58
D002,2026-01-23,P000094,380.64,9298.96
D002,2026-02-16,P000094,613.27,5193.33
D002,2026-03-13,P000094,0.0,0.0
D002,2026-04-15,P000094,1298.62,10991.97
D002,2026-05-08,P000094,373.96,5947.02
D002,2026-06-24,P000094,731.04,9480.07
D002,2025-12-17,P000095,194.33,2455.13
D002,2026-01-08,P000095,86.68,1838.71
D002,2026-03-04,P000095,232.08,1893.45
D002,2026-04-21,P000095,149.69,1628.29
D002,2026-05-07,P000095,130.88,2999.31
D002,2025-11-02,P000096,606.77,10554.99
D002,2025-12-27,P000096,368.17,7048.66
D002,2026-01-23,P000096,797.3,8380.68
D002,2026-02-05,P000096,357.5,4465.58
D002,2026-03-02,P000096,515.52,9838.6
D002,2026-04-23,P000096,502.95,7939.29
D002,2026-05-02,P000096,333.83,5769.49
D002,2026-06-24,P000096,419.27,5555.54
D002,2025-11-01,P000097,751.02,14873.55
D002,2025-12-10,P000097,885.22,11392.88
D002,2026-01-17,P000097,1556.58,13691.16
D002,2026-02-19,P000097,214.35,5245.7
D002,2026-03-06,P000097,688.43,7383.11
D002,2026-04-07,P000097,749.35,12864.0
D002,2026-05-23,P000097,1169.3,16633.53
D002,2026-06-26,P000097,528.58,12765.58
D002,2025-11-14,P000098,371.86,8714.54
D002,2025-12-26,P000098,648.11,11582.63
D002,2026-02-23,P000098,801.42,8030.72
D002,2026-03-04,P000098,1476.84,13345.15
D002,2026-04-14,P000098,764.5,16290.13
D002,2026-06-05,P000098,2473.92,20217.7
D002,2025-11-17,P000099,126.17,2775.27
D002,2025-12-14,P000099,178.67,4402.81
D002,2026-01-25,P000099,144.17,3208.8
D002,2026-03-06,P000099,219.51,5203.34
D002,2026-04-05,P000099,488.33,4939.7
D002,2026-05-13,P000099,193.46,4430.91
D002,2026-06-25,P000099,322.08,4908.37
D002,2025-11-22,P000100,204.73,5106.76
D002,2025-12-15,P000100,611.84,5894.01
D002,2026-01-05,P000100,375.02,5753.3
D002,2026-02-15,P000100,994.56,8424.2
D002,2026-03-07,P000100,305.28,5402.99
D002,2026-05-22,P000100,605.25,6431.79
D002,2026-06-09,P000100,375.82,8565.0
D002,2025-11-14,P000101,110.2,2602.52
D002,2025-12-03,P000101,254.2,2824.35
D002,2026-01-22,P000101,189.58,2669.55
D002,2026-02-05,P000101,158.23,1782.07
D002,2026-03-01,P000101,125.0,1203.49
D002,2026-04-23,P000101,36.92,446.9
D002,2026-05-10,P000101,197.37,1969.79
D002,2026-06-20,P000101,34.82,854.19
D002,2025-11-11,P000102,389.07,4035.93
D002,2025-12-08,P000102,237.49,5310.4
D002,2026-01-23,P000102,101.08,2492.17
D002,2026-02-17,P000102,371.61,6765.31
D002,2026-03-03,P000102,184.37,4459.08
D002,2026-04-19,P000102,310.86,4530.41
D002,2026-06-04,P000102,267.21,3792.96
D002,2025-11-14,P000103,424.68,5692.07
D002,2025-12-07,P000103,891.31,8897.98
D002,2026-01-08,P000103,343.88,6990.09
D002,2026-02-08,P000103,109.83,2665.28
D002,2026-03-19,P000103,427.47,6653.83
D002,2026-04-06,P000103,577.31,10901.21
D002,2026-05-20,P000103,370.84,7841.76
D002,2025-11-09,P000104,253.89,3578.22
D002,2025-12-15,P000104,595.94,5750.56
D002,2026-01-13,P000104,217.81,5191.53
D002,2026-02-06,P000104,485.19,6695.02
D002,2026-04-16,P000104,157.75,2496.08
D002,2026-05-11,P000104,245.65,6061.74
D002,2026-06-12,P000104,271.15,4130.69
D002,2025-11-27,P000105,659.59,9442.45
D002,2025-12-12,P000105,235.98,5142.84
D002,2026-01-01,P000105,236.35,4815.99
D002,2026-02-20,P000105,206.24,3791.91
D002,2026-03-15,P000105,551.71,6241.09
D002,2026-04-14,P000105,282.86,6053.2
D002,2026-05-02,P000105,164.05,4072.82
D002,2026-06-14,P000105,675.43,7539.23
D002,2025-11-25,P000106,373.23,4825.26
D002,2025-12-01,P000106,261.76,5431.4
D002,2026-01-08,P000106,488.62,5966.25
D002,2026-02-05,P000106,557.18,6309.15
D002,2026-03-08,P000106,300.04,3501.95
D002,2026-04-16,P000106,535.15,5313.13
D002,2026-05-13,P000106,242.04,3797.16
D002,2025-11-12,P000107,425.72,5953.82
D002,2025-12-03,P000107,566.13,10964.81
D002,2026-01-23,P000107,860.3,9474.98
D002,2026-02-14,P000107,692.58,7507.34
D002,2026-05-03,P000107,395.84,8773.71
D002,2026-06-08,P000107,525.81,7397.74
D002,2025-11-25,P000108,3541.19,57357.57
D002,2025-12-18,P000108,2933.16,30366.59
D002,2026-01-02,P000108,1682.41,37437.22
D002,2026-02-05,P000108,2534.62,21885.68
D002,2026-03-01,P000108,2377.89,43023.72
D002,2026-04-18,P000108,1485.18,30240.57
D002,2026-05-06,P000108,2174.22,45845.18
D002,2026-06-27,P000108,3670.46,34769.76
D002,2025-11-23,P000109,320.96,4392.83
D002,2026-01-26,P000109,412.73,9671.36
D002,2026-02-27,P000109,381.9,8278.24
D002,2026-03-23,P000109,210.13,5128.86
D002,2026-04-06,P000109,545.05,5859.91
D002,2026-05-13,P000109,210.21,4158.52
D002,2026-06-23,P000109,302.84,3229.82
D002,2025-12-02,P000110,620.76,10304.0
D002,2026-01-15,P000110,814.37,14826.11
D002,2026-02-08,P000110,549.61,12481.06
D002,2026-03-03,P000110,515.32,11538.69
D002,2026-04-13,P000110,1116.16,13669.61
D002,2026-06-12,P000110,134.09,2773.83
D002,2025-11-16,P000111,743.34,7853.85
D002,2026-03-20,P000111,929.09,17508.4
D002,2026-05-03,P000111,743.23,17560.61
D002,2026-06-21,P000111,1329.46,21933.45
D002,2025-12-04,P000112,742.76,10338.78
D002,2026-01-18,P000112,307.74,7009.28
D002,2026-02-11,P000112,477.08,5484.66
D002,2026-03-15,P000112,775.3,6882.56
D002,2026-05-10,P000112,661.51,7591.55
D002,2025-11-08,P000113,104.05,2374.88
D002,2025-12-06,P000113,275.62,3017.12
D002,2026-01-24,P000113,120.82,2971.66
D002,2026-02-27,P000113,154.76,2885.11
D002,2026-03-09,P000113,221.28,4625.42
D002,2026-04-15,P000113,162.87,2844.81
D002,2026-05-22,P000113,500.0,4020.47
D002,2026-06-18,P000113,201.95,4102.07
D002,2025-11-26,P000114,2660.47,22098.14
D002,2025-12-15,P000114,721.93,17395.26
D002,2026-01-15,P000114,1597.43,18289.19
D002,2026-03-19,P000114,594.38,10088.3
D002,2026-04-19,P000114,1375.11,11527.26
D002,2026-05-26,P000114,1013.69,16152.14
D002,2026-06-04,P000114,1614.94,15914.45
D002,2025-11-24,P000115,3043.05,50567.58
D002,2026-01-09,P000115,789.83,18549.09
D002,2026-02-01,P000115,5264.15,62303.11
D002,2026-03-05,P000115,3664.88,71916.27
D002,2026-04-25,P000115,3036.81,38989.76
D002,2026-05-14,P000115,2111.31,43692.33
D002,2026-06-03,P000115,1966.26,32792.15
D002,2025-11-20,P000116,167.81,2103.01
D002,2025-12-24,P000116,283.97,3476.37
D002,2026-03-20,P000116,148.7,3696.67
D002,2026-04-25,P000116,417.43,3661.86
D002,2026-05-22,P000116,294.42,4095.53
D002,2026-06-22,P000116,98.92,2251.84
D002,2025-12-20,P000117,638.18,5328.33
D002,2026-02-16,P000117,243.17,5455.58
D002,2026-03-05,P000117,424.49,6585.31
D002,2026-04-19,P000117,179.54,3225.99
D002,2026-05-25,P000117,376.97,8638.99
D002,2026-06-07,P000117,195.05,4686.64
D002,2025-11-02,P000118,1046.99,11018.05
D002,2025-12-01,P000118,947.23,9985.28
D002,2026-01-13,P000118,710.43,8226.93
D002,2026-02-10,P000118,791.55,12369.86
D002,2026-03-02,P000118,527.07,13172.14
D002,2026-04-07,P000118,549.4,9185.73
D002,2026-05-03,P000118,754.38,15071.6
D002,2026-06-13,P000118,1352.95,14771.28
D002,2025-11-04,P000119,152.89,3542.27
D002,2025-12-19,P000119,316.9,5325.74
D002,2026-01-07,P000119,184.56,3232.03
D002,2026-02-10,P000119,224.71,5096.37
D002,2026-03-07,P000119,345.8,3706.54
D002,2026-04-16,P000119,245.09,2563.18
D002,2026-05-24,P000119,291.67,4082.29
D002,2026-06-26,P000119,197.77,3055.42
D002,2025-11-19,P000120,109.73,2553.65
D002,2025-12-08,P000120,199.92,3792.19
D002,2026-01-17,P000120,319.05,6661.57
D002,2026-04-07,P000120,146.31,3034.37
D002,2026-05-05,P000120,525.66,4236.53
D002,2025-11-11,P000121,286.24,5662.02
D002,2025-12-12,P000121,628.74,7887.85
D002,2026-01-23,P000121,733.62,6086.27
D002,2026-02-04,P000121,298.39,6101.02
D002,2026-03-15,P000121,603.57,7097.36
D002,2026-04-03,P000121,637.63,7882.73
D002,2026-05-20,P000121,352.1,8714.37
D002,2026-06-04,P000121,679.84,8268.9
D002,2025-11-01,P000122,2164.93,17425.08
D002,2025-12-12,P000122,904.77,17109.99
D002,2026-01-18,P000122,1104.36,21975.7
D002,2026-02-19,P000122,908.61,16218.72
D002,2026-03-26,P000122,1642.0,16542.83
D002,2026-04-19,P000122,2027.04,17032.72
D002,2026-05-20,P000122,550.74,7580.19
D002,2026-06-17,P000122,1571.67,13260.12
D002,2025-11-18,P000123,488.24,12116.61
D002,2025-12-19,P000123,917.77,13222.91
D002,2026-01-07,P000123,485.34,10384.8
D002,2026-02-12,P000123,1292.64,13325.0
D002,2026-03-22,P000123,661.26,13334.69
D002,2026-04-22,P000123,830.31,18566.6
D002,2026-05-13,P000123,994.0,16570.18
D002,2026-06-12,P000123,904.53,13935.83
D002,2025-11-04,P000124,2427.78,46683.92
D002,2025-12-24,P000124,2810.59,33124.93
D002,2026-01-10,P000124,2866.77,66112.32
D002,2026-02-16,P000124,8635.06,77710.6
D002,2026-04-20,P000124,5883.75,75020.59
D002,2026-05-10,P000124,3073.73,53677.77
D002,2026-06-02,P000124,3510.46,86521.89
D002,2025-11-04,P000125,207.41,3533.59
D002,2025-12-17,P000125,427.24,4541.73
D002,2026-01-24,P000125,201.32,3755.6
D002,2026-02-15,P000125,25.53,569.07
D002,2026-03-17,P000125,242.75,3506.19
D002,2026-04-01,P000125,254.76,3874.24
D002,2026-05-11,P000125,173.79,3611.72
D002,2026-06-21,P000125,251.19,4327.0
D002,2025-11-24,P000126,1029.97,8498.0
D002,2025-12-08,P000126,704.95,9617.05
D002,2026-01-17,P000126,1291.84,10520.57
D002,2026-02-03,P000126,313.18,5757.93
D002,2026-03-15,P000126,1274.74,10562.58
D002,2026-04-13,P000126,497.62,11678.94
D002,2026-05-12,P000126,426.5,9829.92
D002,2026-06-08,P000126,2113.17,18485.0
D002,2025-11-16,P000127,1611.43,30502.96
D002,2025-12-08,P000127,2064.45,45285.15
D002,2026-01-11,P000127,2202.26,35015.26
D002,2026-03-02,P000127,2191.75,32249.1
D002,2026-04-15,P000127,1532.0,22169.96
D002,2026-05-16,P000127,5467.88,49399.02
D002,2026-06-18,P000127,2160.08,43692.53
D002,2025-11-18,P000128,2039.58,41084.94
D002,2025-12-16,P000128,1571.94,33224.08
D002,2026-01-14,P000128,2167.11,23161.5
D002,2026-02-11,P000128,1194.71,17267.18
D002,2026-04-19,P000128,1264.4,30536.4
D002,2026-05-12,P000128,2079.35,26737.27
D002,2026-06-11,P000128,1433.09,23689.89
D002,2025-11-06,P000129,95.2,2329.95
D002,2025-12-13,P000129,213.0,3477.91
D002,2026-01-01,P000129,494.58,4082.52
D002,2026-03-16,P000129,450.36,7384.39
D002,2026-04-17,P000129,245.91,3642.44
D002,2026-05-10,P000129,306.94,5775.06
D002,2025-12-27,P000130,2397.13,43677.38
D002,2026-01-16,P000130,3132.98,47302.27
D002,2026-04-06,P000130,1070.5,15984.82
D002,2026-05-05,P000130,1104.21,13214.41
D002,2026-06-09,P000130,3613.62,42265.96
D002,2025-11-09,P000131,623.58,10590.68
D002,2025-12-10,P000131,403.4,7674.91
D002,2026-01-09,P000131,386.53,6819.63
D002,2026-02-12,P000131,375.78,6200.83
D002,2026-03-27,P000131,409.83,8001.48
D002,2026-04-03,P000131,530.94,7837.88
D002,2026-05-24,P000131,258.25,6267.63
D002,2026-06-12,P000131,203.68,3804.6
D002,2025-11-07,P000132,326.87,3781.94
D002,2025-12-05,P000132,742.53,6115.02
D002,2026-01-22,P000132,156.55,2210.65
D002,2026-02-15,P000132,167.62,2702.11
D002,2026-03-22,P000132,323.95,7043.91
D002,2026-04-27,P000132,148.18,2703.97
D002,2026-05-22,P000132,319.31,6624.31
D002,2026-06-24,P000132,394.93,5041.26
D002,2025-11-13,P000133,588.51,8911.34
D002,2025-12-14,P000133,951.39,11824.66
D002,2026-02-12,P000133,527.56,6386.24
D002,2026-03-20,P000133,467.37,8855.43
D002,2026-04-18,P000133,509.56,8957.59
D002,2026-05-02,P000133,935.28,15337.94
D002,2026-06-21,P000133,1120.18,16247.85
D002,2025-11-21,P000134,168.61,3900.92
D002,2025-12-24,P000134,742.29,7442.39
D002,2026-01-18,P000134,574.47,7410.45
D002,2026-02-08,P000134,101.95,2391.22
D002,2026-03-10,P000134,421.26,6205.88
D002,2026-04-24,P000134,231.7,3972.13
D002,2026-05-05,P000134,214.77,4542.61
D002,2026-06-08,P000134,305.59,7386.4
D002,2025-11-16,P000135,973.0,20785.82
D002,2025-12-16,P000135,547.33,13362.97
D002,2026-01-08,P000135,797.19,14904.6
D002,2026-02-16,P000135,2298.16,18587.74
D002,2026-03-02,P000135,768.56,17998.31
D002,2026-04-24,P000135,543.03,12083.08
D002,2026-05-20,P000135,1134.47,23386.94
D002,2026-06-06,P000135,837.86,15230.07
D002,2025-11-15,P000136,650.68,5801.02
D002,2025-12-25,P000136,1051.47,9727.55
D002,2026-01-27,P000136,1112.08,13497.89
D002,2026-03-01,P000136,939.12,7943.03
D002,2026-06-15,P000136,1242.35,12060.44
D002,2025-11-27,P000137,221.93,4084.86
D002,2025-12-25,P000137,247.73,2865.84
D002,2026-01-05,P000137,251.91,4695.66
D002,2026-02-03,P000137,176.85,4200.45
D002,2026-03-13,P000137,358.19,3384.89
D002,2026-06-07,P000137,331.97,5534.02
D002,2025-12-02,P000138,2168.55,33177.3
D002,2026-01-04,P000138,2115.17,21968.44
D002,2026-02-24,P000138,3660.28,39893.8
D002,2026-03-01,P000138,2158.21,31089.11
D002,2026-04-10,P000138,1278.14,30810.18
D002,2026-05-12,P000138,3742.98,43754.66
D002,2026-06-11,P000138,1852.15,39901.26
D002,2025-12-13,P000139,531.15,11554.61
D002,2026-01-26,P000139,1576.19,18187.53
D002,2026-02-18,P000139,1993.92,25156.48
D002,2026-03-20,P000139,1105.16,17856.54
D002,2026-04-16,P000139,705.82,13759.67
D002,2026-05-03,P000139,658.04,9016.74
D002,2026-06-07,P000139,1575.18,19459.75
D002,2025-11-26,P000140,461.74,4045.32
D002,2025-12-18,P000140,514.53,5404.96
D002,2026-02-21,P000140,221.6,3774.45
D002,2026-04-22,P000140,273.96,3262.28
D002,2026-05-08,P000140,593.22,4814.18
D002,2025-12-26,P000141,201.72,4532.88
D002,2026-01-26,P000141,187.98,3630.91
D002,2026-02-04,P000141,182.23,3554.4
D002,2026-03-22,P000141,43.75,879.18
D002,2026-04-05,P000141,204.93,4306.28
D002,2026-05-04,P000141,92.57,1879.94
D002,2026-06-10,P000141,234.8,4276.88
D002,2025-11-25,P000142,158.37,2824.51
D002,2025-12-22,P000142,139.18,3371.79
D002,2026-01-10,P000142,309.44,5559.98
D002,2026-02-13,P000142,179.47,4278.36
D002,2026-03-14,P000142,360.0,4084.37
D002,2026-04-15,P000142,375.6,6486.96
D002,2026-05-04,P000142,413.24,5823.72
D002,2026-06-01,P000142,152.33,3607.24
D002,2025-11-11,P000143,123.62,2438.88
D002,2025-12-10,P000143,228.79,2843.88
D002,2026-01-10,P000143,134.64,2585.17
D002,2026-02-15,P000143,154.69,2533.18
D002,2026-03-11,P000143,234.33,2395.2
D002,2026-04-24,P000143,180.41,2591.2
D002,2026-05-24,P000143,129.57,3200.13
D002,2026-06-17,P000143,335.11,2911.77
D002,2025-11-26,P000144,262.13,5604.33
D002,2025-12-18,P000144,697.52,6389.65
D002,2026-01-06,P000144,264.37,3351.62
D002,2026-02-06,P000144,520.03,8790.69
D002,2026-03-20,P000144,655.42,6414.11
D002,2026-04-01,P000144,255.09,6328.07
D002,2026-05-18,P000144,767.08,8702.6
D002,2026-06-11,P000144,319.2,4532.0
D002,2025-11-03,P000145,465.13,8220.59
D002,2025-12-08,P000145,736.78,11723.93
D002,2026-03-17,P000145,606.91,11055.51
D002,2026-04-15,P000145,763.23,14031.91
D002,2026-05-11,P000145,596.8,9322.72
D002,2026-06-25,P000145,590.17,13590.3
D002,2025-11-05,P000146,694.69,12199.63
D002,2025-12-02,P000146,525.93,12369.6
D002,2026-01-10,P000146,662.98,15654.36
D002,2026-02-01,P000146,364.63,7608.54
D002,2026-03-13,P000146,758.16,13955.23
D002,2026-04-20,P000146,1534.56,16404.89
D002,2026-05-10,P000146,599.26,14100.71
D002,2026-06-22,P000146,790.26,8837.36
D002,2025-11-15,P000147,177.74,1858.44
D002,2026-01-18,P000147,82.96,1944.11
D002,2026-02-04,P000147,88.75,1705.22
D002,2026-03-24,P000147,189.44,2972.61
D002,2026-04-05,P000147,278.3,2824.44
D002,2026-05-11,P000147,198.11,2940.49
D002,2026-06-23,P000147,236.85,2589.45
D002,2025-11-24,P000148,2003.56,17645.77
D002,2025-12-23,P000148,554.02,13193.57
D002,2026-01-20,P000148,1190.17,18196.36
D002,2026-02-03,P000148,1437.39,16668.27
D002,2026-03-24,P000148,1209.73,17678.72
D002,2026-05-19,P000148,858.63,8797.89
D002,2026-06-25,P000148,676.64,15511.85
D002,2025-11-20,P000149,1418.79,19546.51
D002,2025-12-13,P000149,2105.31,18161.48
D002,2026-01-04,P000149,1531.62,27235.07
D002,2026-02-14,P000149,2121.85,22070.26
D002,2026-03-20,P000149,1269.88,20501.1
D002,2026-05-21,P000149,1586.18,15155.92
D002,2026-06-25,P000149,655.02,15415.96
D002,2025-11-25,P000150,1634.45,35937.3
D002,2025-12-26,P000150,4590.37,42905.0
D002,2026-01-26,P000150,3951.86,55551.84
D002,2026-02-15,P000150,4226.6,38318.27
D002,2026-03-04,P000150,3535.93,36013.85
D002,2026-04-06,P000150,2419.3,30081.09
D002,2026-05-01,P000150,1122.07,25294.01
D002,2025-11-05,P000151,2944.3,36306.52
D002,2025-12-09,P000151,2818.51,23203.45
D002,2026-02-22,P000151,1883.24,21836.23
D002,2026-03-21,P000151,1112.12,20146.02
D002,2026-04-04,P000151,3567.86,41043.03
D002,2026-05-24,P000151,2831.56,27736.7
D002,2026-06-05,P000151,2080.77,34205.64
D002,2025-12-21,P000152,733.99,17463.15
D002,2026-01-18,P000152,584.05,11776.45
D002,2026-02-04,P000152,1309.53,12469.15
D002,2026-03-11,P000152,825.38,19460.7
D002,2026-04-24,P000152,1731.72,18389.48
D002,2026-05-10,P000152,817.42,15464.35
D002,2026-06-10,P000152,1346.71,16266.58
D002,2025-11-08,P000153,154.02,3734.72
D002,2025-12-15,P000153,257.61,2557.99
D002,2026-01-20,P000153,136.36,2417.86
D002,2026-04-02,P000153,149.32,1651.97
D002,2026-05-27,P000153,412.52,4543.76
D002,2026-06-22,P000153,158.7,2314.58
D002,2025-11-10,P000154,1603.04,24394.15
D002,2025-12-25,P000154,1093.83,23046.85
D002,2026-01-23,P000154,1505.29,18806.3
D002,2026-02-01,P000154,1027.27,24757.29
D002,2026-04-19,P000154,756.79,17619.67
D002,2026-05-21,P000154,1178.82,22692.12
D002,2026-06-16,P000154,1098.13,22457.62
D002,2025-11-06,P000155,35.48,865.5
D002,2025-12-04,P000155,259.99,4659.46
D002,2026-01-17,P000155,162.22,3223.41
D002,2026-02-13,P000155,166.8,3802.45
D002,2026-03-19,P000155,394.72,3554.74
D002,2026-04-08,P000155,238.58,2585.45
D002,2026-05-06,P000155,212.05,4476.68
D002,2026-06-21,P000155,440.31,4352.66
D002,2025-11-03,P000156,381.3,9283.09
D002,2025-12-06,P000156,278.5,2840.06
D002,2026-02-08,P000156,283.74,6978.24
D002,2026-03-08,P000156,381.52,6502.33
D002,2026-04-02,P000156,335.62,7729.76
D002,2026-05-18,P000156,757.88,8912.51
D002,2025-11-19,P000157,96.52,2237.93
D002,2026-01-03,P000157,85.97,1330.76
D002,2026-03-08,P000157,132.78,3107.75
D002,2026-05-06,P000157,395.22,3670.06
D002,2026-06-10,P000157,81.83,1910.51
D002,2025-11-19,P000158,83.59,1036.1
D002,2025-12-23,P000158,126.65,2206.96
D002,2026-01-20,P000158,73.33,1830.48
D002,2026-02-17,P000158,136.51,3194.08
D002,2026-03-26,P000158,77.48,1431.5
D002,2026-04-24,P000158,84.72,1260.23
D002,2026-05-01,P000158,33.3,823.85
D002,2026-06-14,P000158,63.89,1581.73
D002,2025-11-12,P000159,267.48,6216.68
D002,2025-12-21,P000159,406.79,6126.05
D002,2026-01-14,P000159,539.91,7015.79
D002,2026-02-19,P000159,486.88,6542.67
D002,2026-03-27,P000159,682.78,7064.74
D002,2026-04-12,P000159,169.63,3957.79
D002,2026-05-16,P000159,213.46,3554.22
D002,2025-11-19,P000160,1464.52,24087.92
D002,2026-01-20,P000160,1507.84,12855.38
D002,2026-02-25,P000160,1004.26,19886.44
D002,2026-03-27,P000160,1826.2,26562.08
D002,2026-04-09,P000160,1466.35,24898.44
D002,2026-05-06,P000160,1436.1,30086.13
D002,2026-06-22,P000160,1539.99,26745.87
D002,2025-12-17,P000161,360.33,3772.95
D002,2026-01-13,P000161,373.97,7012.91
D002,2026-02-22,P000161,47.24,517.6
D002,2026-03-26,P000161,412.99,7015.08
D002,2026-04-15,P000161,139.1,3268.09
D002,2026-06-27,P000161,352.02,7907.26
D002,2025-11-18,P000162,91.81,1785.2
D002,2025-12-11,P000162,253.91,3793.9
D002,2026-01-09,P000162,96.5,1730.34
D002,2026-02-09,P000162,279.44,4979.57
D002,2026-03-25,P000162,232.29,4040.26
D002,2026-04-18,P000162,330.24,3657.81
D002,2026-05-01,P000162,41.62,804.27
D002,2026-06-12,P000162,270.62,3249.68
D002,2025-11-21,P000163,1551.86,34334.84
D002,2025-12-21,P000163,707.33,16041.59
D002,2026-01-26,P000163,1466.92,33097.32
D002,2026-02-11,P000163,1506.81,27424.64
D002,2026-03-05,P000163,1658.26,25617.98
D002,2026-04-10,P000163,2153.45,31749.32
D002,2026-05-01,P000163,3477.89,33254.71
D002,2026-06-12,P000163,1599.72,34995.54
D002,2025-11-24,P000164,506.49,8713.99
D002,2025-12-18,P000164,216.25,4879.99
D002,2026-01-25,P000164,226.95,5090.22
D002,2026-03-12,P000164,500.61,6965.35
D002,2026-04-21,P000164,207.04,4972.09
D002,2026-05-07,P000164,717.72,5788.92
D002,2026-06-26,P000164,241.12,5936.86
D002,2025-11-19,P000165,229.75,5558.79
D002,2025-12-12,P000165,258.5,2949.06
D002,2026-01-24,P000165,266.76,5595.61
D002,2026-02-07,P000165,348.4,4107.92
D002,2026-04-11,P000165,309.47,5319.78
D002,2026-05-24,P000165,316.64,5227.58
D002,2026-06-05,P000165,192.92,3955.05
D002,2025-12-18,P000166,3222.3,36466.89
D002,2026-01-22,P000166,2804.56,33059.94
D002,2026-02-08,P000166,2783.98,38336.04
D002,2026-03-26,P000166,2190.29,39445.73
D002,2026-04-15,P000166,2386.33,41568.0
D002,2026-05-09,P000166,1537.95,37737.77
D002,2026-06-26,P000166,2062.12,36760.79
D002,2025-12-09,P000167,3528.85,37024.66
D002,2026-01-13,P000167,2172.76,53105.89
D002,2026-02-19,P000167,3162.18,57746.28
D002,2026-03-10,P000167,2000.38,40445.64
D002,2026-04-21,P000167,3338.97,41971.03
D002,2026-05-01,P000167,3590.63,35260.71
D002,2026-06-08,P000167,3873.35,45143.63
D002,2025-11-25,P000168,462.7,8273.61
D002,2025-12-14,P000168,781.01,8862.0
D002,2026-01-21,P000168,577.59,11898.58
D002,2026-02-17,P000168,683.9,11283.85
D002,2026-03-25,P000168,830.39,6887.21
D002,2026-04-05,P000168,1012.57,8676.01
D002,2026-05-13,P000168,1145.82,10793.11
D002,2026-06-15,P000168,566.36,12014.04
D002,2025-12-20,P000169,592.92,8063.73
D002,2026-01-20,P000169,922.97,12060.11
D002,2026-02-03,P000169,416.44,7997.64
D002,2026-04-15,P000169,588.03,8537.44
D002,2026-05-21,P000169,1548.13,14333.7
D002,2026-06-26,P000169,419.31,7799.95
D002,2025-11-11,P000170,966.38,10812.85
D002,2025-12-17,P000170,944.33,13368.78
D002,2026-02-25,P000170,703.95,16083.33
D002,2026-05-25,P000170,1079.69,16496.35
D002,2026-06-26,P000170,608.03,13274.69
D002,2025-11-16,P000171,483.61,7489.35
D002,2025-12-02,P000171,507.36,6612.39
D002,2026-01-16,P000171,344.57,6405.05
D002,2026-02-02,P000171,597.86,7108.76
D002,2026-03-06,P000171,316.92,4489.54
D002,2026-04-04,P000171,329.12,5974.73
D002,2026-06-07,P000171,280.25,6550.39
D002,2025-11-17,P000172,1234.49,11104.47
D002,2025-12-23,P000172,1231.35,15217.04
D002,2026-01-08,P000172,581.06,6050.26
D002,2026-02-08,P000172,833.5,8945.96
D002,2026-03-22,P000172,463.01,10382.33
D002,2026-04-03,P000172,992.37,10469.88
D002,2026-05-19,P000172,473.66,10069.35
D002,2026-06-25,P000172,752.15,17564.58
D002,2025-11-11,P000173,210.51,5001.25
D002,2025-12-27,P000173,204.18,4913.53
D002,2026-02-10,P000173,426.01,4088.38
D002,2026-03-24,P000173,701.51,7225.91
D002,2026-04-27,P000173,136.71,3306.41
D002,2026-06-16,P000173,294.07,6230.16
D002,2025-11-05,P000174,1490.35,33207.2
D002,2026-01-16,P000174,2204.06,31174.61
D002,2026-02-05,P000174,1692.07,35510.87
D002,2026-03-20,P000174,2409.51,27275.38
D002,2026-04-12,P000174,2449.02,36794.23
D002,2026-05-07,P000174,1453.61,29656.56
D002,2025-11-22,P000175,3474.13,61140.18
D002,2025-12-09,P000175,824.73,12618.89
D002,2026-01-16,P000175,2547.49,56633.05
D002,2026-02-05,P000175,1549.66,24457.21
D002,2026-04-09,P000175,2948.92,72620.11
D002,2026-05-15,P000175,2248.21,46701.37
D002,2025-12-25,P000176,588.36,7753.75
D002,2026-02-20,P000176,495.77,8551.96
D002,2026-03-01,P000176,1384.46,14761.26
D002,2026-04-04,P000176,452.8,11169.34
D002,2026-05-10,P000176,1090.49,12933.78
D002,2025-11-13,P000177,349.89,8619.1
D002,2026-01-18,P000177,371.75,3460.08
D002,2026-02-16,P000177,211.36,5066.84
D002,2026-03-04,P000177,909.0,8848.88
D002,2026-04-10,P000177,222.9,5535.46
D002,2026-05-23,P000177,796.49,7420.65
D002,2026-06-15,P000177,635.54,7234.89
D002,2025-11-14,P000178,259.03,5151.18
D002,2025-12-01,P000178,582.67,10613.16
D002,2026-01-25,P000178,1384.59,17200.74
D002,2026-02-26,P000178,894.58,21417.25
D002,2026-03-10,P000178,726.7,10719.8
D002,2026-04-20,P000178,821.86,16501.79
D002,2026-05-12,P000178,1285.8,18071.85
D002,2026-06-12,P000178,1846.88,28593.47
D002,2025-12-02,P000179,468.54,5806.65
D002,2026-01-12,P000179,237.25,5002.69
D002,2026-02-10,P000179,448.66,5566.97
D002,2026-03-08,P000179,150.52,2697.48
D002,2026-04-25,P000179,234.41,5168.25
D002,2026-05-03,P000179,292.37,5192.64
D002,2026-01-19,P000180,4142.26,57416.48
D002,2026-02-11,P000180,2573.18,30311.76
D002,2026-03-15,P000180,2323.21,45762.85
D002,2026-04-27,P000180,1582.86,38620.9
D002,2026-05-06,P000180,2877.63,49420.39
D002,2025-11-03,P000181,3041.52,44596.38
D002,2025-12-07,P000181,2367.13,39442.71
D002,2026-01-01,P000181,2263.26,32491.86
D002,2026-02-06,P000181,1074.72,23244.55
D002,2026-04-19,P000181,1943.66,45416.94
D002,2026-05-26,P000181,3535.55,55207.93
D002,2026-06-06,P000181,1430.84,17750.32
D002,2025-11-19,P000182,148.93,2198.51
D002,2025-12-10,P000182,183.86,2810.67
D002,2026-02-03,P000182,497.06,5980.04
D002,2026-04-02,P000182,249.61,5442.27
D002,2026-05-03,P000182,387.96,5266.67
D002,2026-06-25,P000182,232.69,4622.96
D002,2025-12-17,P000183,581.27,6713.63
D002,2026-01-25,P000183,587.77,5803.58
D002,2026-03-25,P000183,458.54,6574.9
D002,2026-06-02,P000183,656.92,7128.52
D002,2025-11-15,P000184,280.53,2493.65
D002,2025-12-11,P000184,85.63,1898.09
D002,2026-01-17,P000184,157.45,3312.21
D002,2026-02-07,P000184,117.48,1672.22
D002,2026-03-26,P000184,107.34,2573.4
D002,2026-06-18,P000184,250.3,3488.7
D002,2025-11-25,P000185,317.99,6469.24
D002,2025-12-08,P000185,225.49,4669.55
D002,2026-02-12,P000185,297.88,5387.03
D002,2026-03-11,P000185,475.98,5164.65
D002,2026-04-20,P000185,248.54,3464.4
D002,2026-05-07,P000185,300.18,4744.39
D002,2026-06-24,P000185,159.8,2405.98
D002,2025-11-19,P000186,506.44,10119.46
D002,2025-12-21,P000186,264.8,4207.18
D002,2026-01-21,P000186,414.05,8009.81
D002,2026-02-09,P000186,214.0,4966.88
D002,2026-03-09,P000186,431.34,4951.86
D002,2026-04-21,P000186,336.58,7672.5
D002,2026-05-09,P000186,411.53,7099.28
D002,2026-06-21,P000186,221.01,5025.19
D002,2025-11-06,P000187,2132.15,34298.01
D002,2025-12-19,P000187,2727.81,25545.29
D002,2026-01-16,P000187,1475.51,32574.36
D002,2026-02-13,P000187,1513.4,30979.08
D002,2026-03-05,P000187,2221.1,31165.35
D002,2026-04-21,P000187,1407.78,26267.59
D002,2026-05-04,P000187,1388.81,32451.92
D002,2025-11-04,P000188,281.0,6051.03
D002,2025-12-19,P000188,506.8,5534.55
D002,2026-02-25,P000188,205.43,3576.96
D002,2026-03-27,P000188,396.43,5424.62
D002,2026-04-08,P000188,277.01,4800.29
D002,2026-05-06,P000188,298.23,5308.45
D002,2026-06-11,P000188,291.24,4355.56
D002,2025-11-12,P000189,347.35,4624.88
D002,2025-12-09,P000189,351.48,8627.77
D002,2026-01-16,P000189,554.41,10741.28
D002,2026-02-12,P000189,680.32,13554.5
D002,2026-03-02,P000189,348.29,7267.07
D002,2026-05-19,P000189,836.57,9102.47
D002,2026-06-16,P000189,306.88,6760.6
D002,2025-11-26,P000190,196.46,3846.09
D002,2025-12-19,P000190,276.02,3589.46
D002,2026-01-26,P000190,95.96,2306.19
D002,2026-02-24,P000190,368.63,4704.58
D002,2026-03-04,P000190,125.32,3062.08
D002,2026-04-10,P000190,274.32,3285.79
D002,2026-06-13,P000190,460.26,3878.88
D002,2025-11-24,P000191,663.49,10050.38
D002,2025-12-20,P000191,1034.55,11304.45
D002,2026-01-21,P000191,492.9,7401.73
D002,2026-03-08,P000191,473.59,9263.76
D002,2026-04-03,P000191,729.58,6964.51
D002,2026-05-14,P000191,743.29,8446.38
D002,2025-11-03,P000192,1605.62,37935.88
D002,2025-12-07,P000192,1567.85,35029.89
D002,2026-01-18,P000192,2031.45,33627.16
D002,2026-02-07,P000192,2903.72,45350.27
D002,2026-03-22,P000192,2890.79,37034.82
D002,2026-04-02,P000192,2450.97,38328.23
D002,2026-05-08,P000192,2674.02,29313.35
D002,2026-06-19,P000192,1715.23,36280.64
D002,2025-11-23,P000193,5734.96,114980.39
D002,2025-12-01,P000193,4969.01,73896.34
D002,2026-01-24,P000193,7496.79,80304.92
D002,2026-03-24,P000193,10806.9,89814.42
D002,2026-04-21,P000193,6254.52,122453.38
D002,2026-05-07,P000193,8315.46,100487.33
D002,2025-11-26,P000194,676.2,16445.51
D002,2025-12-07,P000194,881.37,20966.13
D002,2026-01-05,P000194,1014.44,18764.67
D002,2026-02-10,P000194,1261.82,19005.5
D002,2026-03-04,P000194,995.57,19724.84
D002,2026-04-12,P000194,805.79,15241.45
D002,2026-05-02,P000194,1004.44,20658.25
D002,2026-06-21,P000194,1136.18,27417.94
D002,2025-11-04,P000195,1134.68,15136.93
D002,2026-01-25,P000195,746.59,15440.11
D002,2026-02-15,P000195,1090.5,20005.84
D002,2026-03-06,P000195,579.95,11641.54
D002,2026-04-22,P000195,950.15,19506.02
D002,2026-05-26,P000195,364.1,4422.05
D002,2026-06-24,P000195,1123.86,16020.24
D002,2025-11-10,P000196,232.51,4998.58
D002,2026-01-17,P000196,266.13,6430.82
D002,2026-02-08,P000196,408.57,5074.49
D002,2026-03-17,P000196,533.09,7541.7
D002,2026-04-16,P000196,265.79,5959.79
D002,2026-05-10,P000196,522.21,8493.71
D002,2026-06-11,P000196,743.59,6498.94
D002,2025-11-24,P000197,1539.36,29590.57
D002,2025-12-24,P000197,1444.61,21637.97
D002,2026-01-15,P000197,1538.1,38136.03
D002,2026-02-01,P000197,2411.93,28412.96
D002,2026-03-21,P000197,3713.47,39462.15
D002,2026-04-17,P000197,3730.13,34267.57
D002,2026-05-04,P000197,2086.8,41030.65
D002,2026-06-05,P000197,1006.51,24069.32
D002,2025-11-17,P000198,2067.16,18269.35
D002,2025-12-23,P000198,827.88,12409.47
D002,2026-01-24,P000198,2003.45,16205.23
D002,2026-02-18,P000198,1313.9,21204.7
D002,2026-03-08,P000198,1338.2,11034.64
D002,2026-04-06,P000198,1954.68,17544.75
D002,2026-05-09,P000198,692.7,13605.57
D002,2026-06-09,P000198,1060.71,20113.87
D002,2025-12-09,P000199,722.25,8331.5
D002,2026-01-23,P000199,667.05,11730.17
D002,2026-02-12,P000199,611.98,15217.55
D002,2026-04-14,P000199,979.86,15449.44
D002,2026-05-19,P000199,1400.53,12799.17
D002,2026-06-10,P000199,952.52,10571.89
D002,2025-11-04,P000200,203.61,4315.6
D002,2025-12-17,P000200,295.14,5412.88
D002,2026-02-21,P000200,241.77,5144.54
D002,2026-03-22,P000200,244.96,5396.22
D002,2026-04-14,P000200,571.95,4919.09
D002,2026-05-13,P000200,219.95,2319.43
D002,2026-06-10,P000200,484.33,6149.6
D002,2025-11-04,P000201,631.75,10186.92
D002,2025-12-12,P000201,785.37,6756.38
D002,2026-01-11,P000201,411.26,4207.73
D002,2026-02-22,P000201,743.41,6285.29
D002,2026-03-27,P000201,331.74,5650.55
D002,2026-04-02,P000201,133.88,2727.75
D002,2026-05-24,P000201,275.58,6539.77
D002,2026-06-27,P000201,447.44,6342.51
D002,2025-11-26,P000202,162.64,2629.46
D002,2025-12-21,P000202,232.9,3190.2
D002,2026-01-20,P000202,347.16,2827.49
D002,2026-02-18,P000202,243.6,4298.32
D002,2026-03-01,P000202,148.84,3358.16
D002,2026-04-22,P000202,256.99,3864.26
D002,2026-05-24,P000202,427.79,4420.75
D002,2026-06-07,P000202,195.56,2869.44
D002,2025-11-05,P000203,761.11,9581.34
D002,2025-12-18,P000203,549.01,11839.24
D002,2026-02-08,P000203,1516.14,14781.4
D002,2026-03-27,P000203,719.78,14027.01
D002,2026-04-09,P000203,438.44,9456.1
D002,2026-05-24,P000203,574.45,6129.8
D002,2025-11-03,P000204,2285.28,42215.77
D002,2025-12-18,P000204,782.84,18045.59
D002,2026-02-11,P000204,1260.66,22075.92
D002,2026-03-17,P000204,2053.05,21158.97
D002,2026-04-20,P000204,2108.87,26912.96
D002,2026-05-04,P000204,1692.77,29364.93
D002,2026-06-26,P000204,1494.89,35071.47
D002,2025-12-24,P000205,756.86,18263.27
D002,2026-01-06,P000205,2354.94,50565.32
D002,2026-03-21,P000205,1457.54,27519.68
D002,2026-04-02,P000205,1356.57,31051.13
D002,2026-06-20,P000205,4180.16,38002.91
D002,2025-11-10,P000206,1033.88,15127.53
D002,2025-12-03,P000206,3102.27,34004.48
D002,2026-01-10,P000206,1826.37,18876.87
D002,2026-02-04,P000206,1390.51,25233.76
D002,2026-03-05,P000206,1654.42,35660.19
D002,2026-04-27,P000206,2051.76,21136.73
D002,2026-05-09,P000206,1819.54,20255.18
D002,2025-11-24,P000207,123.77,1805.36
D002,2026-01-11,P000207,208.98,3352.23
D002,2026-02-03,P000207,156.36,2974.33
D002,2026-03-11,P000207,29.04,614.51
D002,2026-04-01,P000207,144.2,2846.01
D002,2026-05-08,P000207,84.81,1719.27
D002,2026-06-26,P000207,160.54,2648.16
D002,2025-11-15,P000208,359.59,7626.13
D002,2025-12-01,P000208,876.52,18217.4
D002,2026-01-16,P000208,1368.45,13733.46
D002,2026-02-07,P000208,1377.48,15118.74
D002,2026-03-19,P000208,572.91,12217.95
D002,2026-05-10,P000208,529.7,11563.26
D002,2026-06-08,P000208,525.12,7490.89
D002,2025-11-14,P000209,314.27,3924.25
D002,2025-12-25,P000209,172.45,3922.97
D002,2026-01-21,P000209,763.23,6196.61
D002,2026-02-07,P000209,392.66,6277.22
D002,2026-04-21,P000209,137.14,2520.49
D002,2026-05-17,P000209,169.81,4134.16
D002,2025-11-22,P000210,71.4,1704.4
D002,2025-12-08,P000210,371.12,3404.0
D002,2026-01-21,P000210,219.68,1956.5
D002,2026-02-07,P000210,206.27,2203.78
D002,2026-03-08,P000210,58.56,1433.97
D002,2026-04-21,P000210,48.75,947.91
D002,2026-05-18,P000210,74.71,907.25
D002,2026-06-18,P000210,240.88,4209.54
D002,2025-11-10,P000211,139.43,3279.44
D002,2025-12-27,P000211,234.13,3426.1
D002,2026-01-23,P000211,366.37,3417.88
D002,2026-02-08,P000211,123.77,2498.48
D002,2026-03-17,P000211,164.15,3095.47
D002,2026-04-14,P000211,57.54,1192.59
D002,2026-06-08,P000211,108.81,2502.05
D002,2025-11-23,P000212,166.1,2537.91
D002,2025-12-26,P000212,832.47,20429.25
D002,2026-01-02,P000212,590.34,7192.12
D002,2026-02-14,P000212,712.35,14241.77
D002,2026-03-18,P000212,921.67,18278.75
D002,2026-04-01,P000212,730.23,16886.89
D002,2026-05-06,P000212,813.08,18178.1
D002,2026-06-18,P000212,685.43,14994.01
D002,2026-01-06,P000213,4141.46,70024.49
D002,2026-02-21,P000213,4651.3,43467.55
D002,2026-03-03,P000213,3494.3,51613.08
D002,2026-04-24,P000213,1296.34,30218.94
D002,2026-05-25,P000213,2436.24,21329.05
D002,2026-06-03,P000213,1628.38,29839.48
D002,2025-11-13,P000214,214.05,3199.51
D002,2025-12-27,P000214,69.27,1238.42
D002,2026-02-15,P000214,179.65,4272.06
D002,2026-04-18,P000214,196.45,4433.67
D002,2026-06-10,P000214,229.01,2591.61
D002,2025-11-17,P000215,208.05,2891.87
D002,2025-12-04,P000215,196.03,3780.92
D002,2026-01-19,P000215,150.45,3297.13
D002,2026-02-22,P000215,204.48,2802.44
D002,2026-03-13,P000215,125.92,1451.25
D002,2026-04-17,P000215,182.95,2291.84
D002,2026-05-23,P000215,131.17,2525.86
D002,2026-06-03,P000215,297.05,3500.61
D002,2025-11-07,P000216,1343.16,23455.5
D002,2026-01-07,P000216,1442.56,23320.88
D002,2026-02-20,P000216,2533.79,28950.63
D002,2026-03-19,P000216,2364.19,34247.7
D002,2026-04-27,P000216,831.15,13353.99
D002,2026-05-04,P000216,3444.66,36650.03
D002,2026-06-16,P000216,1141.09,20946.3
D002,2025-12-19,P000217,1622.2,39409.88
D002,2026-01-07,P000217,2082.34,39653.3
D002,2026-02-04,P000217,2637.98,39930.92
D002,2026-03-16,P000217,1349.52,22175.17
D002,2026-04-17,P000217,2786.51,29199.68
D002,2026-06-12,P000217,2709.05,23967.9
D002,2025-11-06,P000218,269.71,3843.81
D002,2025-12-04,P000218,109.26,1843.85
D002,2026-02-05,P000218,352.92,5592.59
D002,2026-03-03,P000218,489.44,6622.79
D002,2026-05-06,P000218,275.4,4503.09
D002,2026-06-11,P000218,218.65,2875.93
D002,2025-11-11,P000219,476.41,5108.51
D002,2026-01-25,P000219,335.28,7090.33
D002,2026-02-17,P000219,622.5,6036.43
D002,2026-04-11,P000219,171.09,3538.6
D002,2026-05-17,P000219,288.77,5545.61
D002,2026-06-13,P000219,500.44,6202.71
D002,2025-11-08,P000220,807.73,9829.99
D002,2025-12-08,P000220,254.83,6207.85
D002,2026-01-21,P000220,192.81,1638.19
D002,2026-02-23,P000220,923.07,11237.47
D002,2026-03-19,P000220,875.7,12674.62
D002,2026-04-04,P000220,441.89,9123.86
D002,2025-11-03,P000221,94.81,1286.87
D002,2025-12-10,P000221,216.32,4767.38
D002,2026-02-26,P000221,322.02,4712.94
D002,2026-03-02,P000221,256.92,6026.96
D002,2026-04-06,P000221,429.57,6070.36
D002,2026-05-19,P000221,322.59,4200.69
D002,2026-06-06,P000221,379.19,5444.4
D002,2025-11-17,P000222,267.23,5902.06
D002,2025-12-25,P000222,135.72,2712.18
D002,2026-01-22,P000222,147.03,2524.2
D002,2026-03-12,P000222,195.98,4849.04
D002,2026-04-04,P000222,223.29,2358.68
D002,2026-05-14,P000222,195.63,4401.49
D002,2025-11-25,P000223,183.84,3412.66
D002,2025-12-05,P000223,143.3,3231.68
D002,2026-01-02,P000223,150.78,3640.8
D002,2026-03-06,P000223,219.13,3570.71
D002,2026-05-03,P000223,266.68,2494.01
D002,2026-06-03,P000223,122.28,2440.42
D002,2025-11-03,P000224,348.51,8322.05
D002,2025-12-24,P000224,205.87,4405.08
D002,2026-01-10,P000224,413.03,3398.09
D002,2026-02-16,P000224,103.95,2471.73
D002,2026-03-10,P000224,402.1,7046.18
D002,2026-04-06,P000224,700.83,7652.6
D002,2026-06-26,P000224,623.36,5998.97
D002,2025-11-27,P000225,381.88,7457.93
D002,2025-12-13,P000225,779.91,7027.44
D002,2026-01-12,P000225,250.89,4668.07
D002,2026-02-02,P000225,303.98,5825.28
D002,2026-03-01,P000225,359.67,6229.68
D002,2026-04-16,P000225,797.68,6438.76
D002,2026-05-01,P000225,531.16,9940.31
D002,2026-06-16,P000225,463.34,9207.81
D002,2025-11-19,P000226,1191.54,16561.61
D002,2025-12-20,P000226,891.69,22035.15
D002,2026-01-20,P000226,2464.7,22645.59
D002,2026-02-08,P000226,1047.25,17506.8
D002,2026-03-12,P000226,810.97,16167.95
D002,2026-04-23,P000226,784.32,18121.3
D002,2026-05-15,P000226,567.7,13890.1
D002,2026-06-16,P000226,2134.61,23415.65
D002,2025-11-27,P000227,156.45,2365.69
D002,2026-01-14,P000227,133.34,3076.54
D002,2026-02-10,P000227,666.9,5481.72
D002,2026-03-17,P000227,246.67,2858.9
D002,2026-04-24,P000227,157.55,2773.72
D002,2026-05-24,P000227,121.94,2353.6
D002,2026-06-21,P000227,185.82,2951.98
D002,2025-11-20,P000228,227.96,4543.9
D002,2025-12-02,P000228,187.68,2638.36
D002,2026-03-07,P000228,237.71,4879.34
D002,2026-04-13,P000228,781.18,6981.49
D002,2026-05-01,P000228,333.18,6088.17
D002,2026-06-07,P000228,288.44,4468.01
D002,2025-11-19,P000229,2793.46,50166.61
D002,2025-12-25,P000229,1845.77,32199.04
D002,2026-01-08,P000229,2971.48,32740.65
D002,2026-02-11,P000229,1184.86,23689.74
D002,2026-03-09,P000229,1563.36,26930.0
D002,2026-04-06,P000229,3526.33,49065.24
D002,2026-05-26,P000229,1982.61,38354.22
D002,2026-06-01,P000229,2823.74,32410.02
D002,2026-01-05,P000230,2117.12,22596.8
D002,2026-03-26,P000230,1788.27,33181.07
D002,2026-04-16,P000230,1818.75,17549.34
D002,2026-05-08,P000230,2124.76,30177.47
D002,2026-06-27,P000230,1826.56,24595.43
D002,2025-12-17,P000231,235.94,4448.08
D002,2026-01-21,P000231,666.23,11117.4
D002,2026-04-12,P000231,656.77,15133.09
D002,2026-05-16,P000231,1158.48,10781.86
D002,2026-06-13,P000231,1134.49,13167.84
D002,2025-11-19,P000232,269.78,4815.27
D002,2025-12-13,P000232,496.71,5545.7
D002,2026-01-20,P000232,300.74,4636.32
D002,2026-02-15,P000232,835.34,9180.51
D002,2026-04-26,P000232,753.6,7790.18
D002,2026-06-26,P000232,402.21,6711.65
D002,2025-11-03,P000233,151.15,3305.5
D002,2025-12-14,P000233,281.64,5312.79
D002,2026-01-26,P000233,369.46,5184.5
D002,2026-03-05,P000233,263.53,2505.2
D002,2026-05-27,P000233,265.37,4819.72
D002,2026-06-12,P000233,182.97,3636.61
D002,2025-12-15,P000234,363.16,3541.68
D002,2026-01-08,P000234,266.64,3780.28
D002,2026-02-18,P000234,142.61,2777.3
D002,2026-03-23,P000234,143.09,2665.86
D002,2026-04-18,P000234,234.85,5115.77
D002,2026-05-01,P000234,359.84,3615.3
D002,2026-06-18,P000234,243.96,2168.16
D002,2025-11-17,P000235,5284.5,53052.36
D002,2025-12-02,P000235,2814.89,33263.61
D002,2026-01-01,P000235,2259.42,50882.43
D002,2026-02-09,P000235,5709.12,58968.07
D002,2026-03-08,P000235,3043.11,71589.98
D002,2026-04-18,P000235,4955.6,68786.72
D002,2026-05-21,P000235,4071.7,69211.65
D002,2026-06-06,P000235,6215.11,69030.04
D002,2025-11-06,P000236,507.12,12517.35
D002,2026-01-10,P000236,1196.13,14335.74
D002,2026-02-19,P000236,1321.14,10797.59
D002,2026-03-02,P000236,1607.63,17450.98
D002,2026-04-21,P000236,401.9,8292.87
D002,2026-05-22,P000236,1420.24,20075.26
D002,2025-11-20,P000237,3266.93,38988.93
D002,2025-12-09,P000237,3789.41,67113.26
D002,2026-01-23,P000237,6670.88,86866.13
D002,2026-02-20,P000237,6868.61,66732.38
D002,2026-04-07,P000237,3349.13,55298.27
D002,2026-05-06,P000237,2443.65,52822.56
D002,2026-06-13,P000237,3319.62,50576.89
D002,2025-11-02,P000238,3767.0,78774.58
D002,2025-12-24,P000238,3723.5,34602.05
D002,2026-05-20,P000238,1920.93,45668.56
D002,2026-06-05,P000238,5626.19,55460.43
D002,2025-11-16,P000239,1343.02,23833.54
D002,2025-12-17,P000239,3143.75,40643.64
D002,2026-01-04,P000239,1832.2,41544.28
D002,2026-02-02,P000239,1650.41,25770.13
D002,2026-03-06,P000239,1882.19,32646.77
D002,2026-04-02,P000239,2403.39,36581.75
D002,2026-05-05,P000239,2421.16,24114.42
D002,2025-11-16,P000240,2091.39,43580.04
D002,2025-12-25,P000240,1444.12,31517.77
D002,2026-01-19,P000240,1328.76,28667.87
D002,2026-02-01,P000240,4816.71,45594.79
D002,2026-03-23,P000240,2001.24,40850.83
D002,2026-04-27,P000240,949.94,17383.19
D002,2026-05-10,P000240,5572.01,68323.62
D002,2025-11-17,P000241,5510.1,60587.85
D002,2025-12-12,P000241,8039.07,67629.0
D002,2026-01-05,P000241,3246.64,54144.89
D002,2026-02-21,P000241,2111.71,39990.61
D002,2026-03-22,P000241,2336.41,54209.27
D002,2026-04-25,P000241,1830.32,44409.97
D002,2026-05-25,P000241,2663.92,48663.42
D002,2026-06-20,P000241,1928.96,17940.0
D002,2025-11-07,P000242,1727.83,22397.91
D002,2025-12-26,P000242,870.03,10659.03
D002,2026-01-18,P000242,1184.98,17012.54
D002,2026-02-13,P000242,574.11,9908.18
D002,2026-03-21,P000242,1239.76,23775.33
D002,2026-04-21,P000242,1394.69,15449.86
D002,2026-05-14,P000242,167.0,2803.57
D002,2026-06-11,P000242,1261.01,18139.11
D002,2025-11-06,P000243,439.47,3778.4
D002,2025-12-22,P000243,413.12,7576.41
D002,2026-01-01,P000243,513.77,7635.76
D002,2026-02-02,P000243,440.45,8678.2
D002,2026-03-20,P000243,203.19,4009.91
D002,2026-04-22,P000243,330.32,6953.78
D002,2026-05-09,P000243,674.69,6033.91
D002,2025-11-03,P000244,163.33,2416.09
D002,2025-12-24,P000244,123.79,2113.55
D002,2026-01-23,P000244,273.81,2406.54
D002,2026-02-25,P000244,212.84,3566.82
D002,2026-03-26,P000244,148.11,2972.22
D002,2026-04-20,P000244,212.3,2313.42
D002,2026-05-13,P000244,123.26,3008.29
D002,2026-06-17,P000244,153.19,2890.78
D002,2025-11-11,P000245,1301.71,19039.98
D002,2025-12-11,P000245,1115.11,22156.49
D002,2026-01-15,P000245,2462.1,24123.77
D002,2026-02-03,P000245,2043.38,34359.08
D002,2026-03-08,P000245,1601.9,26447.74
D002,2026-05-02,P000245,3301.07,26440.63
D002,2026-06-10,P000245,862.87,18942.89
D002,2025-11-18,P000246,77.78,1717.57
D002,2026-01-19,P000246,345.29,4156.32
D002,2026-02-04,P000246,288.91,3418.26
D002,2026-04-01,P000246,277.96,2408.87
D002,2026-05-25,P000246,338.11,2765.69
D002,2025-11-12,P000247,475.53,10244.73
D002,2026-01-19,P000247,311.51,6265.38
D002,2026-02-01,P000247,883.65,17713.0
D002,2026-03-15,P000247,510.64,11541.97
D002,2026-04-07,P000247,388.99,8998.16
D002,2026-05-07,P000247,416.52,7327.63
D002,2026-06-14,P000247,158.32,3665.52
D002,2025-11-06,P000248,1154.19,11111.51
D002,2026-01-13,P000248,378.43,8136.76
D002,2026-02-14,P000248,477.67,7876.25
D002,2026-03-04,P000248,716.17,9276.83
D002,2026-04-08,P000248,439.25,8786.67
D002,2026-06-11,P000248,661.39,11734.29
D002,2025-11-09,P000249,99.38,1862.42
D002,2025-12-10,P000249,162.43,4045.06
D002,2026-01-22,P000249,307.48,4951.14
D002,2026-02-04,P000249,243.36,3793.5
D002,2026-03-10,P000249,285.81,2981.74
D002,2026-05-18,P000249,266.45,3823.09
D002,2026-06-17,P000249,167.2,3392.09
D002,2025-12-14,P000250,220.92,2183.14
D002,2026-01-20,P000250,153.57,1557.16
D002,2026-02-10,P000250,76.36,1890.9
D002,2026-03-17,P000250,58.47,1294.86
D002,2026-04-11,P000250,227.92,3120.86
D002,2026-05-08,P000250,14.85,154.12
D002,2026-06-20,P000250,197.64,2620.48
D002,2025-11-05,P000251,642.69,12912.25
D002,2025-12-11,P000251,1933.9,25459.01
D002,2026-01-05,P000251,1757.23,19466.92
D002,2026-02-01,P000251,803.77,13387.76
D002,2026-03-02,P000251,2450.26,23899.39
D002,2026-04-15,P000251,2538.03,31757.04
D002,2026-05-20,P000251,2527.59,33619.39
D002,2025-11-23,P000252,517.68,5566.47
D002,2025-12-24,P000252,178.42,3706.18
D002,2026-01-15,P000252,264.26,6604.14
D002,2026-03-26,P000252,305.93,5236.54
D002,2026-04-03,P000252,156.06,2995.98
D002,2026-05-09,P000252,400.9,6126.26
D002,2025-11-22,P000253,521.84,10298.64
D002,2025-12-12,P000253,1016.9,8374.26
D002,2026-01-22,P000253,878.22,21533.52
D002,2026-02-24,P000253,1078.08,9913.63
D002,2026-03-08,P000253,658.5,9705.36
D002,2026-04-26,P000253,533.31,9024.04
D002,2026-06-19,P000253,958.89,10429.21
D002,2025-11-21,P000254,584.65,11771.17
D002,2025-12-02,P000254,650.2,6663.88
D002,2026-01-26,P000254,402.49,7988.77
D002,2026-02-18,P000254,523.88,8616.93
D002,2026-03-19,P000254,545.02,10234.22
D002,2026-05-26,P000254,453.12,11100.2
D002,2026-06-04,P000254,630.1,13299.97
D002,2025-11-21,P000255,507.77,6518.4
D002,2026-02-09,P000255,177.67,2320.53
D002,2026-03-01,P000255,1205.41,9858.61
D002,2026-05-12,P000255,243.22,3237.39
D002,2026-06-02,P000255,438.6,4183.31
D002,2025-11-04,P000256,1515.34,36599.17
D002,2025-12-21,P000256,1499.58,34418.34
D002,2026-01-03,P000256,1234.25,21560.29
D002,2026-02-19,P000256,2024.63,39647.93
D002,2026-03-10,P000256,1595.28,35146.77
D002,2026-04-06,P000256,1971.21,33146.57
D002,2026-05-25,P000256,2685.97,40530.72
D002,2026-06-08,P000256,778.58,18108.56
D002,2025-11-02,P000257,1743.2,28397.89
D002,2025-12-04,P000257,1085.64,22425.31
D002,2026-01-04,P000257,1035.86,17782.25
D002,2026-02-13,P000257,906.57,21218.84
D002,2026-04-23,P000257,1308.21,17535.89
D002,2026-06-11,P000257,1057.96,20814.48
D002,2025-11-03,P000258,2174.64,49672.44
D002,2025-12-11,P000258,7820.08,69096.75
D002,2026-01-02,P000258,4551.91,63361.27
D002,2026-02-19,P000258,3222.95,77756.42
D002,2026-03-04,P000258,3008.57,24091.56
D002,2026-05-02,P000258,3619.42,67649.57
D002,2026-06-22,P000258,3114.52,47219.98
D002,2025-11-12,P000259,313.18,5228.91
D002,2025-12-06,P000259,373.69,3048.53
D002,2026-01-05,P000259,222.73,3921.23
D002,2026-02-20,P000259,349.74,2797.96
D002,2026-03-07,P000259,232.25,5028.07
D002,2026-04-20,P000259,270.8,5571.15
D002,2026-05-12,P000259,358.61,3320.14
D002,2026-06-02,P000259,184.64,3870.99
D002,2025-11-17,P000260,1517.23,18568.95
D002,2025-12-23,P000260,664.49,9846.67
D002,2026-01-21,P000260,1498.16,17983.37
D002,2026-02-10,P000260,2465.42,21708.61
D002,2026-03-02,P000260,829.3,19754.73
D002,2026-06-22,P000260,867.99,11467.34
D002,2025-11-16,P000261,3726.63,87721.7
D002,2026-01-23,P000261,3504.42,45958.96
D002,2026-02-14,P000261,7441.93,96410.4
D002,2026-03-22,P000261,3034.63,68218.68
D002,2026-04-09,P000261,6198.33,69385.1
D002,2026-05-04,P000261,14631.77,128575.67
D002,2025-11-17,P000262,588.97,14278.19
D002,2025-12-06,P000262,454.11,10516.82
D002,2026-01-02,P000262,820.01,10814.91
D002,2026-02-21,P000262,750.95,6789.31
D002,2026-03-24,P000262,668.16,11968.51
D002,2026-04-27,P000262,345.55,6353.39
D002,2026-05-04,P000262,458.78,8388.92
D002,2026-06-14,P000262,1296.94,13288.18
D002,2025-11-07,P000263,252.25,6302.29
D002,2025-12-20,P000263,637.85,10621.15
D002,2026-02-24,P000263,862.4,14610.54
D002,2026-03-07,P000263,1668.76,13435.91
D002,2026-04-06,P000263,480.01,6866.89
D002,2026-05-24,P000263,462.42,8067.06
D002,2026-06-15,P000263,525.75,12529.5
D002,2025-11-17,P000264,297.91,6293.17
D002,2026-01-27,P000264,265.77,3895.41
D002,2026-02-23,P000264,761.32,10741.82
D002,2026-03-08,P000264,530.46,8682.7
D002,2026-04-16,P000264,579.64,11340.64
D002,2026-05-25,P000264,525.55,10227.45
D002,2026-06-20,P000264,717.05,8092.43
D002,2025-11-10,P000265,744.61,15984.39
D002,2025-12-12,P000265,3152.07,37818.27
D002,2026-01-08,P000265,2724.26,33117.61
D002,2026-02-20,P000265,1513.82,18674.21
D002,2026-03-14,P000265,1466.68,28733.12
D002,2026-04-17,P000265,1105.73,23196.34
D002,2026-05-20,P000265,1380.86,25166.62
D002,2026-06-04,P000265,883.21,21082.62
D002,2025-11-06,P000266,675.1,10457.19
D002,2025-12-02,P000266,437.47,9486.09
D002,2026-02-01,P000266,538.83,9666.79
D002,2026-03-06,P000266,430.52,8361.31
D002,2026-04-21,P000266,553.43,9195.3
D002,2026-05-01,P000266,727.37,9648.14
D002,2025-11-27,P000267,980.65,19935.94
D002,2025-12-05,P000267,1446.19,18061.49
D002,2026-01-17,P000267,2361.33,23364.6
D002,2026-02-22,P000267,1685.04,13593.27
D002,2026-03-21,P000267,1145.32,18788.15
D002,2026-05-09,P000267,693.17,16362.67
D002,2026-06-01,P000267,1208.72,17499.42
D002,2025-11-27,P000268,935.09,20958.57
D002,2025-12-15,P000268,1506.22,19087.73
D002,2026-02-13,P000268,1108.16,15874.73
D002,2026-03-25,P000268,2541.6,27872.12
D002,2026-04-11,P000268,586.06,11282.07
D002,2026-05-14,P000268,3262.97,40019.33
D002,2026-06-24,P000268,1420.51,22664.33
D002,2025-11-19,P000269,683.63,14386.82
D002,2025-12-23,P000269,2165.58,35142.08
D002,2026-01-05,P000269,918.76,21346.81
D002,2026-02-27,P000269,1822.76,34590.77
D002,2026-03-08,P000269,2674.34,27243.31
D002,2026-05-02,P000269,1761.97,27575.78
D002,2026-01-17,P000270,2259.45,43445.74
D002,2026-02-21,P000270,4215.11,45977.02
D002,2026-03-10,P000270,2079.37,43360.7
D002,2026-04-16,P000270,1599.7,34067.86
D002,2026-05-03,P000270,2813.71,30296.34
D002,2025-11-12,P000271,674.22,12208.16
D002,2026-02-09,P000271,765.57,12376.7
D002,2026-03-25,P000271,574.88,10975.87
D002,2026-04-26,P000271,704.63,13969.68
D002,2026-05-02,P000271,1102.99,11769.13
D002,2026-06-02,P000271,817.42,17316.42
D002,2025-12-14,P000272,2220.91,46949.65
D002,2026-01-02,P000272,4744.85,85319.39
D002,2026-02-11,P000272,3233.24,76694.01
D002,2026-03-05,P000272,4183.4,35696.11
D002,2026-05-21,P000272,3822.41,82867.33
D002,2026-06-07,P000272,5066.25,85194.44
D002,2025-11-22,P000273,205.95,2258.3
D002,2025-12-13,P000273,139.92,3342.04
D002,2026-01-16,P000273,131.7,1950.59
D002,2026-02-11,P000273,138.55,2930.69
D002,2026-03-12,P000273,98.49,2088.33
D002,2026-04-05,P000273,153.91,2459.38
D002,2026-05-12,P000273,151.94,3726.31
D002,2026-06-06,P000273,219.53,1992.24
D002,2025-11-22,P000274,220.89,3475.64
D002,2025-12-07,P000274,415.54,3824.69
D002,2026-01-25,P000274,193.86,4432.92
D002,2026-02-14,P000274,595.37,5963.7
D002,2026-05-11,P000274,255.65,2890.27
D002,2025-11-05,P000275,388.91,5107.98
D002,2026-01-19,P000275,548.68,8500.21
D002,2026-03-19,P000275,333.32,6535.84
D002,2026-04-07,P000275,444.36,8142.23
D002,2026-05-07,P000275,164.91,4094.56
D002,2026-06-18,P000275,259.41,6348.46
D002,2025-11-16,P000276,526.44,10458.69
D002,2025-12-23,P000276,783.24,14745.7
D002,2026-01-09,P000276,320.12,7003.46
D002,2026-02-08,P000276,747.38,11625.74
D002,2026-03-24,P000276,1007.4,13808.29
D002,2026-04-08,P000276,874.38,13773.26
D002,2026-05-15,P000276,638.02,12716.44
D002,2026-06-27,P000276,212.68,3954.47
D002,2025-11-22,P000277,206.47,2011.85
D002,2025-12-06,P000277,111.3,2322.81
D002,2026-02-17,P000277,190.88,3961.22
D002,2026-03-03,P000277,61.84,1368.39
D002,2026-04-16,P000277,123.04,2444.01
D002,2026-05-15,P000277,282.51,4567.65
D002,2025-11-03,P000278,3274.65,38694.41
D002,2025-12-21,P000278,3372.24,61652.98
D002,2026-02-08,P000278,3674.07,54856.75
D002,2026-03-04,P000278,3695.24,64823.11
D002,2026-05-06,P000278,2957.63,57729.29
D002,2026-06-23,P000278,8222.03,90372.67
D002,2025-11-01,P000279,1836.91,38632.83
D002,2025-12-01,P000279,4204.53,53605.68
D002,2026-01-18,P000279,1449.67,35912.3
D002,2026-02-27,P000279,2422.19,51372.6
D002,2026-04-26,P000279,1515.79,30406.32
D002,2026-05-27,P000279,3766.02,53257.84
D002,2026-06-18,P000279,3109.24,44875.32
D002,2025-11-26,P000280,2168.25,45833.76
D002,2025-12-21,P000280,3965.48,88049.32
D002,2026-01-12,P000280,3481.13,43543.52
D002,2026-02-14,P000280,3460.76,65619.94
D002,2026-03-13,P000280,2818.76,67105.29
D002,2026-05-25,P000280,3495.17,40713.96
D002,2026-06-23,P000280,4799.57,58723.23
D002,2025-11-13,P000281,3302.59,28294.59
D002,2025-12-09,P000281,2294.62,24189.83
D002,2026-01-11,P000281,1288.52,20746.86
D002,2026-02-21,P000281,1645.49,30561.33
D002,2026-03-02,P000281,1400.93,28777.6
D002,2026-04-04,P000281,668.69,16009.35
D002,2026-05-04,P000281,795.71,19470.35
D002,2026-06-04,P000281,1995.98,26365.49
D002,2025-12-15,P000282,922.3,16003.28
D002,2026-01-16,P000282,835.52,9937.97
D002,2026-03-02,P000282,560.57,7358.41
D002,2026-04-19,P000282,828.66,17114.13
D002,2026-05-27,P000282,929.51,13046.44
D002,2026-06-26,P000282,1183.12,18114.4
D002,2025-11-26,P000283,217.87,3692.59
D002,2025-12-17,P000283,726.75,6334.11
D002,2026-01-03,P000283,601.8,8186.85
D002,2026-02-03,P000283,793.86,7997.12
D002,2026-03-04,P000283,318.9,5995.42
D002,2026-04-07,P000283,393.77,9213.87
D002,2026-05-12,P000283,234.51,5062.63
D002,2026-06-14,P000283,428.47,7846.5
D002,2025-12-23,P000284,250.55,4927.72
D002,2026-01-19,P000284,273.2,5726.32
D002,2026-02-20,P000284,140.94,2435.26
D002,2026-03-08,P000284,308.47,6112.36
D002,2026-05-14,P000284,251.99,5520.42
D002,2025-11-08,P000285,1053.23,14430.81
D002,2025-12-24,P000285,275.66,6221.33
D002,2026-03-21,P000285,401.32,9009.07
D002,2026-04-01,P000285,580.95,7527.85
D002,2026-06-07,P000285,427.17,10404.23
D002,2025-11-26,P000286,3375.2,32975.59
D002,2025-12-05,P000286,1920.92,30944.62
D002,2026-01-17,P000286,1943.51,37933.13
D002,2026-02-01,P000286,2146.09,43085.41
D002,2026-03-25,P000286,1830.47,34939.66
D002,2026-05-26,P000286,373.57,8086.97
D002,2026-06-04,P000286,1213.03,23167.62
D002,2025-11-20,P000287,372.63,6514.72
D002,2026-02-17,P000287,364.89,7812.2
D002,2026-03-20,P000287,666.54,6735.14
D002,2026-04-05,P000287,839.97,12101.43
D002,2026-05-25,P000287,569.71,9152.39
D002,2026-06-18,P000287,198.81,4834.25
D002,2025-11-26,P000288,554.34,8048.17
D002,2026-01-24,P000288,241.61,5723.9
D002,2026-03-27,P000288,154.97,3841.77
D002,2026-04-09,P000288,190.35,4639.65
D002,2026-05-19,P000288,324.06,5420.0
D002,2025-11-21,P000289,1260.16,29064.9
D002,2025-12-25,P000289,1399.19,17834.75
D002,2026-01-25,P000289,1953.71,33281.59
D002,2026-02-16,P000289,2033.58,21489.75
D002,2026-03-09,P000289,1392.27,16383.97
D002,2026-05-04,P000289,1293.25,23739.18
D002,2026-06-12,P000289,1576.95,17462.84
D002,2025-11-23,P000290,4524.08,77957.58
D002,2026-01-06,P000290,3275.43,75163.65
D002,2026-02-27,P000290,2117.96,46013.5
D002,2026-03-17,P000290,1592.74,36678.46
D002,2026-05-16,P000290,4097.98,100709.08
D002,2026-06-06,P000290,5755.29,85521.62
D002,2025-11-04,P000291,2338.39,57072.28
D002,2025-12-15,P000291,3095.68,62445.0
D002,2026-01-01,P000291,2467.97,59045.1
D002,2026-02-24,P000291,2060.74,51345.35
D002,2026-05-15,P000291,1793.77,31209.95
D002,2026-06-01,P000291,1841.57,25011.21
D002,2025-11-20,P000292,174.07,4015.92
D002,2025-12-19,P000292,175.55,2160.79
D002,2026-01-04,P000292,185.4,2803.24
D002,2026-02-03,P000292,263.38,3072.3
D002,2026-04-07,P000292,207.92,3701.99
D002,2026-05-02,P000292,349.06,4108.93
D002,2025-11-10,P000293,792.16,19320.72
D002,2025-12-17,P000293,1018.16,13808.05
D002,2026-01-26,P000293,1055.75,17779.55
D002,2026-02-27,P000293,1049.87,20130.51
D002,2026-03-19,P000293,2001.9,26610.49
D002,2026-05-13,P000293,760.67,17298.3
D002,2026-06-16,P000293,279.82,5464.38
D002,2025-11-19,P000294,7099.37,63055.5
D002,2025-12-19,P000294,2096.33,47386.54
D002,2026-01-25,P000294,2170.44,39967.59
D002,2026-02-24,P000294,3454.96,54077.26
D002,2026-03-20,P000294,6020.84,87631.87
D002,2026-04-15,P000294,3229.29,61626.69
D002,2026-05-02,P000294,3860.88,54715.95
D002,2026-06-12,P000294,3059.43,53100.57
D002,2025-11-05,P000295,362.93,4848.24
D002,2025-12-10,P000295,148.9,3191.13
D002,2026-01-07,P000295,613.1,6799.61
D002,2026-02-27,P000295,271.54,6150.22
D002,2026-04-03,P000295,460.43,6241.98
D002,2026-05-08,P000295,642.11,6687.38
D002,2026-06-07,P000295,401.31,3539.95
D002,2025-11-03,P000296,644.87,7683.68
D002,2025-12-23,P000296,1138.48,9792.5
D002,2026-02-25,P000296,617.76,6922.26
D002,2026-03-15,P000296,309.34,7373.05
D002,2026-04-23,P000296,327.25,7534.06
D002,2026-05-10,P000296,709.95,6546.48
D002,2026-06-20,P000296,552.04,9863.88
D002,2025-11-23,P000297,1878.99,44445.61
D002,2025-12-17,P000297,2947.67,54605.27
D002,2026-02-10,P000297,2784.28,66769.27
D002,2026-03-14,P000297,5736.84,85699.09
D002,2026-04-09,P000297,2565.96,46358.61
D002,2026-05-18,P000297,4987.92,54696.89
D002,2026-06-06,P000297,4711.98,96610.15
D002,2025-11-04,P000298,257.07,2766.86
D002,2025-12-27,P000298,216.43,4718.68
D002,2026-01-04,P000298,335.56,4466.57
D002,2026-02-10,P000298,406.29,3882.74
D002,2026-03-24,P000298,234.96,4950.08
D002,2026-04-21,P000298,487.96,4539.79
D002,2026-05-13,P000298,464.78,6036.0
D002,2026-06-07,P000298,186.42,3858.97
D002,2025-11-02,P000299,448.81,9238.6
D002,2025-12-20,P000299,415.27,8667.18
D002,2026-01-20,P000299,809.68,7558.76
D002,2026-02-05,P000299,274.26,6025.17
D002,2026-03-13,P000299,812.26,9953.11
D002,2026-04-09,P000299,211.4,4496.14
D002,2026-05-07,P000299,819.25,7257.38
D002,2026-06-02,P000299,583.84,9510.6
D002,2025-12-08,P000300,512.46,4639.68
D002,2026-01-07,P000300,160.87,3156.7
D002,2026-02-02,P000300,349.41,4694.68
D002,2026-04-22,P000300,253.38,3547.66
D002,2026-05-04,P000300,307.8,4065.64
D002,2026-06-19,P000300,346.31,5724.11
D002,2025-11-03,P000301,1143.24,27250.55
D002,2025-12-08,P000301,2025.01,44939.96
D002,2026-01-10,P000301,2388.88,38986.1
D002,2026-03-08,P000301,1549.09,31740.77
D002,2026-04-18,P000301,886.44,21545.65
D002,2026-05-14,P000301,1898.75,33832.91
D002,2025-11-08,P000302,99.46,1786.68
D002,2025-12-26,P000302,177.29,1734.19
D002,2026-01-07,P000302,86.82,1716.65
D002,2026-02-25,P000302,136.19,1864.96
D002,2026-04-14,P000302,61.92,1223.83
D002,2026-05-25,P000302,48.29,1175.8
D002,2025-11-17,P000303,609.18,5240.57
D002,2025-12-27,P000303,371.89,6184.74
D002,2026-01-06,P000303,301.42,4082.92
D002,2026-02-02,P000303,134.72,2260.9
D002,2026-03-20,P000303,114.58,2800.21
D002,2026-04-12,P000303,361.63,3141.42
D002,2026-05-04,P000303,178.55,3003.01
D002,2025-11-17,P000304,2059.38,32588.77
D002,2025-12-24,P000304,951.09,22537.35
D002,2026-01-16,P000304,1420.14,26607.45
D002,2026-02-22,P000304,2780.73,28336.32
D002,2026-04-04,P000304,766.52,17835.84
D002,2026-05-09,P000304,999.94,19027.68
D002,2026-06-09,P000304,1484.25,25335.18
D002,2025-11-10,P000305,433.67,4709.97
D002,2025-12-21,P000305,309.96,4873.82
D002,2026-01-19,P000305,195.3,3819.29
D002,2026-02-11,P000305,351.98,3705.22
D002,2026-03-27,P000305,520.06,5621.34
D002,2026-04-11,P000305,632.34,9532.72
D002,2026-05-19,P000305,581.83,6513.79
D002,2026-06-05,P000305,209.54,4595.95
D002,2025-11-15,P000306,846.74,14101.59
D002,2025-12-26,P000306,595.14,12063.22
D002,2026-01-03,P000306,2910.05,27100.69
D002,2026-02-07,P000306,698.15,7470.46
D002,2026-04-03,P000306,619.64,12552.7
D002,2026-05-13,P000306,883.95,15185.15
D002,2026-06-10,P000306,626.29,14052.58
D002,2025-11-12,P000307,320.95,2843.67
D002,2025-12-08,P000307,233.48,2883.67
D002,2026-01-18,P000307,117.4,2610.61
D002,2026-02-26,P000307,124.03,2572.95
D002,2026-03-02,P000307,480.18,4276.16
D002,2026-04-25,P000307,169.7,2580.78
D002,2026-05-02,P000307,120.08,2744.16
D002,2026-06-20,P000307,100.13,2189.81
D002,2025-11-01,P000308,777.12,6730.75
D002,2025-12-03,P000308,1211.05,12835.72
D002,2026-02-13,P000308,434.41,8081.95
D002,2026-03-17,P000308,666.89,8509.76
D002,2026-04-13,P000308,706.19,16101.4
D002,2026-05-07,P000308,1523.41,12879.83
D002,2026-06-23,P000308,677.39,13421.81
D002,2025-12-10,P000309,488.3,8213.51
D002,2026-01-22,P000309,351.03,6465.98
D002,2026-02-24,P000309,671.86,5416.49
D002,2026-04-25,P000309,318.36,7945.57
D002,2026-05-16,P000309,670.9,9395.9
D002,2025-11-18,P000310,742.41,11047.81
D002,2026-01-02,P000310,358.5,7694.02
D002,2026-02-15,P000310,421.98,8906.3
D002,2026-03-17,P000310,1037.68,9350.99
D002,2026-04-15,P000310,351.38,4255.67
D002,2026-05-14,P000310,456.52,9918.18
D002,2026-06-20,P000310,448.86,6855.81
D002,2025-11-23,P000311,594.84,8269.82
D002,2025-12-01,P000311,646.49,6640.48
D002,2026-01-24,P000311,250.55,5000.97
D002,2026-02-08,P000311,441.65,10749.05
D002,2026-03-20,P000311,279.4,4818.39
D002,2026-04-19,P000311,757.18,8031.85
D002,2026-05-12,P000311,649.61,10078.92
D002,2026-06-20,P000311,338.27,8418.32
D002,2025-11-09,P000312,811.69,11104.44
D002,2025-12-08,P000312,869.66,15166.94
D002,2026-01-14,P000312,550.56,7986.93
D002,2026-04-22,P000312,2304.28,22847.12
D002,2026-05-06,P000312,875.86,20422.93
D002,2026-06-26,P000312,947.46,11989.91
D002,2025-11-11,P000313,201.92,4529.05
D002,2025-12-18,P000313,328.56,8178.26
D002,2026-01-06,P000313,558.07,8194.32
D002,2026-02-08,P000313,927.18,8665.15
D002,2026-03-15,P000313,424.41,9582.13
D002,2026-04-24,P000313,967.43,10150.09
D002,2026-05-08,P000313,450.33,6247.47
D002,2026-06-06,P000313,475.85,10458.45
D002,2025-12-09,P000314,347.51,6784.61
D002,2026-01-01,P000314,313.72,3264.2
D002,2026-02-14,P000314,248.1,4978.75
D002,2026-05-06,P000314,521.46,7762.91
D002,2026-06-17,P000314,416.95,7467.53
D002,2025-11-21,P000315,559.59,8490.57
D002,2025-12-15,P000315,455.21,5290.9
D002,2026-01-18,P000315,498.33,9535.69
D002,2026-03-04,P000315,414.5,5439.53
D002,2026-04-22,P000315,438.85,8400.38
D002,2026-06-19,P000315,629.65,9763.06
D002,2025-11-14,P000316,1476.76,11946.13
D002,2025-12-06,P000316,831.57,13820.53
D002,2026-01-01,P000316,739.73,11599.71
D002,2026-03-24,P000316,378.2,4305.18
D002,2026-04-19,P000316,807.09,15459.26
D002,2026-05-06,P000316,499.25,6226.29
D002,2026-06-25,P000316,377.5,7718.2
D002,2025-11-15,P000317,286.17,6091.0
D002,2025-12-20,P000317,545.63,5461.77
D002,2026-01-12,P000317,431.32,6842.67
D002,2026-02-27,P000317,193.7,1728.57
D002,2026-03-03,P000317,307.21,7000.07
D002,2026-04-15,P000317,124.71,2221.84
D002,2026-05-27,P000317,233.27,4215.98
D002,2026-06-19,P000317,577.49,5131.45
D002,2025-11-13,P000318,310.46,7011.99
D002,2025-12-07,P000318,592.51,5930.22
D002,2026-02-23,P000318,492.08,6959.15
D002,2026-03-23,P000318,527.34,8024.05
D002,2026-04-27,P000318,450.64,10521.76
D002,2026-05-17,P000318,935.09,12408.67
D002,2025-11-21,P000319,184.93,3582.08
D002,2025-12-08,P000319,136.34,1893.92
D002,2026-01-09,P000319,231.11,3710.16
D002,2026-02-15,P000319,141.87,3390.84
D002,2026-03-02,P000319,385.65,3162.96
D002,2026-04-12,P000319,192.84,3204.25
D002,2026-05-10,P000319,288.21,2430.57
D002,2026-06-01,P000319,353.81,5005.83
D002,2025-11-26,P000320,190.66,3791.86
D002,2025-12-18,P000320,140.94,2641.49
D002,2026-01-09,P000320,151.86,3063.78
D002,2026-02-02,P000320,217.09,2386.06
D002,2026-03-19,P000320,261.62,3606.81
D002,2026-04-24,P000320,110.8,2325.09
D002,2026-05-12,P000320,195.84,3811.21
D002,2026-06-20,P000320,253.39,4260.21
D002,2025-12-06,P000321,294.61,7355.16
D002,2026-01-06,P000321,347.79,6588.67
D002,2026-02-07,P000321,205.28,4389.46
D002,2026-03-02,P000321,276.82,5295.94
D002,2026-04-19,P000321,307.99,3415.24
D002,2026-05-26,P000321,487.91,4954.79
D002,2026-06-06,P000321,565.52,7090.43
D002,2025-11-21,P000322,803.78,15106.51
D002,2026-02-01,P000322,932.6,14641.57
D002,2026-03-06,P000322,705.69,11801.48
D002,2026-04-05,P000322,1053.43,12930.3
D002,2026-05-13,P000322,1209.94,14597.36
D002,2026-06-09,P000322,831.42,15373.42
D002,2026-01-20,P000323,383.25,5450.87
D002,2026-02-16,P000323,283.67,3098.01
D002,2026-03-15,P000323,144.15,2645.5
D002,2026-04-19,P000323,297.07,4279.91
D002,2026-05-20,P000323,375.99,3318.3
D002,2026-06-17,P000323,155.33,2806.62
D002,2025-11-22,P000324,3417.32,84136.1
D002,2025-12-03,P000324,5855.81,95278.33
D002,2026-01-10,P000324,7455.86,80405.05
D002,2026-02-10,P000324,3714.13,89814.16
D002,2026-03-09,P000324,7729.71,121901.75
D002,2026-04-08,P000324,3259.5,60311.72
D002,2026-05-09,P000324,4503.64,82480.07
D002,2025-11-25,P000325,123.16,2694.48
D002,2025-12-16,P000325,274.4,6782.0
D002,2026-01-12,P000325,201.26,4114.8
D002,2026-02-22,P000325,274.3,3822.09
D002,2026-03-11,P000325,313.79,6955.77
D002,2026-04-13,P000325,447.78,4647.55
D002,2026-06-18,P000325,235.58,5885.81
D002,2025-11-11,P000326,2474.62,38936.97
D002,2025-12-07,P000326,2326.91,43595.19
D002,2026-01-14,P000326,3901.82,65927.82
D002,2026-03-12,P000326,2851.81,70917.0
D002,2026-04-03,P000326,2292.62,47818.39
D002,2026-05-04,P000326,2279.67,37187.28
D002,2026-06-14,P000326,4038.43,49191.57
D002,2025-11-07,P000327,105.02,1765.42
D002,2025-12-18,P000327,210.02,2488.73
D002,2026-01-26,P000327,273.71,3307.78
D002,2026-02-18,P000327,208.13,2550.49
D002,2026-03-24,P000327,111.3,1744.28
D002,2026-04-08,P000327,195.38,2561.69
D002,2026-05-03,P000327,88.02,1701.95
D002,2025-12-15,P000328,133.46,2893.37
D002,2026-01-02,P000328,241.1,4458.38
D002,2026-02-08,P000328,194.4,1803.26
D002,2026-03-27,P000328,238.37,2862.99
D002,2026-05-07,P000328,69.2,1677.67
D002,2025-11-02,P000329,237.03,5921.53
D002,2026-01-10,P000329,507.07,6442.41
D002,2026-02-13,P000329,231.58,4436.31
D002,2026-03-16,P000329,287.17,4625.3
D002,2026-04-10,P000329,151.94,2831.29
D002,2026-05-23,P000329,334.47,4486.15
D002,2026-06-24,P000329,237.43,4815.33
D002,2025-11-09,P000330,238.39,5646.92
D002,2025-12-02,P000330,192.19,3512.56
D002,2026-01-11,P000330,260.8,5204.67
D002,2026-02-14,P000330,372.45,5758.38
D002,2026-04-26,P000330,122.88,2881.28
D002,2026-05-11,P000330,294.43,6046.43
D002,2026-06-06,P000330,386.15,5223.95
D002,2025-12-12,P000331,764.92,15290.23
D002,2026-01-01,P000331,741.68,6477.17
D002,2026-03-16,P000331,1805.4,18317.28
D002,2026-04-06,P000331,653.71,14972.53
D002,2026-05-09,P000331,573.58,12066.4
D002,2026-06-20,P000331,1523.65,14080.07
D002,2025-11-17,P000332,241.11,3536.01
D002,2025-12-18,P000332,290.34,4234.31
D002,2026-02-04,P000332,296.86,4514.04
D002,2026-03-27,P000332,124.9,2292.04
D002,2026-04-18,P000332,417.57,5505.05
D002,2026-05-19,P000332,327.53,5011.36
D002,2026-06-20,P000332,293.67,3880.55
D002,2025-11-17,P000333,2297.8,31772.36
D002,2025-12-11,P000333,1543.84,37215.72
D002,2026-02-24,P000333,2000.11,38573.67
D002,2026-04-03,P000333,1724.59,23395.98
D002,2026-05-20,P000333,1302.25,21923.51
D002,2026-06-13,P000333,1853.43,38926.37
D002,2025-11-26,P000334,881.31,9324.19
D002,2025-12-11,P000334,1059.82,22392.74
D002,2026-01-13,P000334,2004.81,17285.39
D002,2026-02-25,P000334,840.5,16808.68
D002,2026-03-15,P000334,1186.39,23916.95
D002,2026-05-04,P000334,1756.74,19183.28
D002,2026-06-04,P000334,2718.42,25495.32
D002,2025-11-13,P000335,283.06,4759.96
D002,2025-12-06,P000335,326.86,5698.46
D002,2026-01-26,P000335,205.57,4750.59
D002,2026-02-03,P000335,493.88,6504.45
D002,2026-04-22,P000335,739.4,10817.47
D002,2026-05-08,P000335,710.97,7469.74
D002,2026-06-04,P000335,621.99,5881.37
D002,2025-11-19,P000336,1614.7,16928.75
D002,2025-12-07,P000336,818.55,18415.19
D002,2026-01-08,P000336,820.73,19229.5
D002,2026-02-15,P000336,1323.78,17957.73
D002,2026-03-13,P000336,804.95,17340.41
D002,2026-04-02,P000336,1384.83,22789.22
D002,2026-05-09,P000336,1145.53,15848.3
D002,2026-06-27,P000336,1422.38,23852.0
D002,2025-11-13,P000337,491.5,5791.95
D002,2025-12-01,P000337,271.64,4987.97
D002,2026-01-19,P000337,368.95,4031.76
D002,2026-04-03,P000337,239.11,5854.79
D002,2026-05-03,P000337,365.61,4310.32
D002,2026-06-14,P000337,167.32,2935.59
D002,2025-11-15,P000338,1647.75,24882.04
D002,2025-12-03,P000338,2812.73,23681.15
D002,2026-01-23,P000338,1276.18,25482.7
D002,2026-02-01,P000338,1432.09,21623.38
D002,2026-03-11,P000338,920.52,10527.32
D002,2026-04-20,P000338,2138.16,23282.92
D002,2026-05-14,P000338,1083.18,24673.42
D002,2026-06-05,P000338,1054.22,21616.03
D002,2025-12-22,P000339,317.42,6082.71
D002,2026-03-02,P000339,499.32,5708.56
D002,2026-04-19,P000339,246.65,5913.89
D002,2026-05-10,P000339,386.45,4544.45
D002,2026-06-14,P000339,290.77,6103.07
D002,2025-11-27,P000340,893.16,9490.21
D002,2025-12-20,P000340,620.9,9703.55
D002,2026-01-19,P000340,543.77,12061.89
D002,2026-02-24,P000340,527.08,12407.73
D002,2026-03-14,P000340,321.32,6256.09
D002,2026-04-02,P000340,708.48,12089.17
D002,2026-06-13,P000340,948.35,9258.89
D002,2025-11-22,P000341,231.37,4163.01
D002,2025-12-04,P000341,271.89,3418.37
D002,2026-01-03,P000341,438.53,5754.38
D002,2026-02-03,P000341,184.49,3091.88
D002,2026-03-24,P000341,479.1,7483.86
D002,2026-04-26,P000341,236.33,5105.15
D002,2026-05-18,P000341,405.5,4318.43
D002,2026-06-25,P000341,410.52,6796.52
D002,2025-11-13,P000342,2009.49,30709.64
D002,2025-12-26,P000342,1826.42,45480.71
D002,2026-01-22,P000342,5958.13,65068.27
D002,2026-05-17,P000342,4245.73,50915.38
D002,2025-11-07,P000343,211.08,2341.48
D002,2025-12-06,P000343,61.44,1306.27
D002,2026-01-01,P000343,138.3,2098.89
D002,2026-02-21,P000343,133.1,1928.33
D002,2026-03-14,P000343,93.01,1931.37
D002,2026-04-21,P000343,126.04,2644.8
D002,2026-05-01,P000343,112.61,1621.13
D002,2026-06-07,P000343,154.65,2793.66
D002,2025-11-19,P000344,4198.29,61876.4
D002,2025-12-26,P000344,5634.2,64885.99
D002,2026-01-03,P000344,4134.92,81113.15
D002,2026-04-22,P000344,4690.98,110210.75
D002,2026-05-25,P000344,6760.83,74598.9
D002,2026-06-08,P000344,7500.12,61386.44
D002,2025-11-09,P000345,2083.19,48158.97
D002,2025-12-27,P000345,1886.65,42454.79
D002,2026-01-02,P000345,1180.33,23786.22
D002,2026-02-14,P000345,2501.56,43169.58
D002,2026-03-13,P000345,1686.56,31908.33
D002,2026-04-12,P000345,5256.3,56615.13
D002,2026-05-24,P000345,1245.01,27105.4
D002,2026-06-13,P000345,1711.78,33802.43
D002,2025-11-26,P000346,632.4,7508.1
D002,2025-12-11,P000346,335.08,7284.02
D002,2026-01-18,P000346,799.76,7474.22
D002,2026-02-23,P000346,627.71,6263.4
D002,2026-03-15,P000346,466.98,9555.28
D002,2026-04-06,P000346,377.39,6848.34
D002,2026-05-21,P000346,461.96,8161.05
D002,2026-06-27,P000346,548.96,10420.53
D002,2025-11-23,P000347,394.61,7541.03
D002,2025-12-05,P000347,396.52,4624.4
D002,2026-01-25,P000347,280.44,4567.9
D002,2026-02-23,P000347,397.05,6251.37
D002,2026-03-25,P000347,288.87,3381.81
D002,2026-04-20,P000347,137.49,3170.66
D002,2026-05-26,P000347,193.28,3860.21
D002,2025-11-14,P000348,519.73,6437.1
D002,2025-12-27,P000348,226.77,4695.56
D002,2026-01-14,P000348,306.72,3510.31
D002,2026-02-19,P000348,264.11,6327.36
D002,2026-03-07,P000348,206.38,4155.17
D002,2026-04-24,P000348,465.11,5011.41
D002,2026-05-05,P000348,304.34,4873.13
D002,2026-06-04,P000348,516.0,6677.63
D002,2025-11-15,P000349,2159.66,37559.49
D002,2025-12-12,P000349,2260.56,34662.56
D002,2026-01-21,P000349,3690.31,34637.63
D002,2026-02-27,P000349,2525.12,36375.95
D002,2026-03-17,P000349,1556.83,23289.69
D002,2026-04-13,P000349,1248.29,22843.99
D002,2026-05-07,P000349,2125.28,43960.22
D002,2025-11-11,P000350,193.32,2702.83
D002,2025-12-27,P000350,130.19,3064.0
D002,2026-01-12,P000350,272.05,4985.57
D002,2026-02-11,P000350,75.55,962.26
D002,2026-03-03,P000350,238.86,2635.9
D002,2026-04-17,P000350,250.07,3400.4
D002,2026-05-22,P000350,251.91,4174.8
D002,2026-06-21,P000350,255.27,5439.93
D002,2025-11-24,P000351,1147.29,27841.23
D002,2025-12-12,P000351,936.16,19231.54
D002,2026-03-16,P000351,667.31,13902.52
D002,2026-05-18,P000351,1278.88,25097.01
D002,2026-06-23,P000351,928.98,18529.74
D002,2025-11-05,P000352,673.61,8544.07
D002,2026-01-09,P000352,280.58,5911.38
D002,2026-03-16,P000352,459.52,5814.36
D002,2026-04-18,P000352,549.06,7517.21
D002,2026-06-20,P000352,118.05,2282.12
D002,2025-11-18,P000353,87.43,1427.28
D002,2025-12-16,P000353,79.58,1017.51
D002,2026-01-19,P000353,168.63,1737.07
D002,2026-02-09,P000353,143.72,1475.92
D002,2026-03-04,P000353,23.13,446.54
D002,2026-04-08,P000353,49.49,1010.38
D002,2026-06-18,P000353,70.36,951.99
D002,2025-11-16,P000354,1553.31,14217.54
D002,2025-12-22,P000354,605.54,14023.02
D002,2026-02-08,P000354,710.89,9407.05
D002,2026-03-23,P000354,791.24,15149.11
D002,2026-04-07,P000354,374.99,5014.16
D002,2026-05-04,P000354,1023.03,10259.44
D002,2026-06-13,P000354,927.63,9720.89
D002,2025-11-06,P000355,235.62,5625.18
D002,2025-12-08,P000355,218.46,4538.46
D002,2026-01-13,P000355,216.51,3705.17
D002,2026-02-20,P000355,222.89,3231.05
D002,2026-03-25,P000355,212.18,2259.13
D002,2026-04-10,P000355,413.02,4926.17
D002,2026-05-22,P000355,453.81,4806.65
D002,2026-06-07,P000355,215.94,3189.53
D002,2025-11-22,P000356,238.54,2010.27
D002,2025-12-27,P000356,206.92,3189.28
D002,2026-01-11,P000356,232.99,2257.51
D002,2026-03-07,P000356,309.61,4129.11
D002,2026-05-24,P000356,91.49,2104.81
D002,2026-06-05,P000356,89.78,2006.06
D002,2025-12-07,P000357,1523.07,20984.25
D002,2026-01-25,P000357,2063.47,21703.19
D002,2026-03-15,P000357,4102.64,53589.57
D002,2026-04-11,P000357,1007.04,17720.97
D002,2026-05-16,P000357,1617.72,25533.59
D002,2026-06-04,P000357,1771.19,32322.09
D002,2025-11-07,P000358,108.42,2149.12
D002,2025-12-01,P000358,111.41,1517.29
D002,2026-01-15,P000358,68.29,1436.81
D002,2026-02-03,P000358,92.0,1525.23
D002,2026-03-24,P000358,89.35,1793.81
D002,2026-04-22,P000358,123.24,2355.87
D002,2026-05-24,P000358,140.12,1127.26
D002,2026-06-06,P000358,170.47,2982.43
D002,2025-12-15,P000359,247.96,2602.28
D002,2026-01-18,P000359,228.08,5394.56
D002,2026-03-13,P000359,300.47,5790.52
D002,2026-04-01,P000359,395.57,5658.14
D002,2026-06-10,P000359,338.93,5765.33
D002,2025-11-06,P000360,247.02,4734.73
D002,2025-12-10,P000360,583.43,6254.97
D002,2026-01-21,P000360,347.11,5818.95
D002,2026-02-18,P000360,367.72,4636.62
D002,2026-04-04,P000360,175.08,4366.69
D002,2026-05-20,P000360,168.23,4004.93
D002,2026-06-07,P000360,239.46,3655.12
D002,2025-11-05,P000361,2391.08,48016.51
D002,2025-12-27,P000361,3559.39,30777.41
D002,2026-01-06,P000361,1474.99,26029.24
D002,2026-03-16,P000361,1475.17,27194.25
D002,2026-05-14,P000361,2588.84,27417.0
D002,2025-11-05,P000362,944.68,13379.17
D002,2025-12-15,P000362,1255.38,13883.13
D002,2026-01-18,P000362,823.43,16211.19
D002,2026-02-02,P000362,861.43,20350.07
D002,2026-03-23,P000362,720.75,16705.2
D002,2026-04-06,P000362,771.23,17014.69
D002,2026-05-08,P000362,628.59,11276.86
D002,2026-06-01,P000362,1845.32,22364.2
D002,2025-12-20,P000363,1481.79,31127.56
D002,2026-01-09,P000363,2435.78,20405.21
D002,2026-02-14,P000363,947.15,22505.59
D002,2026-03-17,P000363,2257.93,37401.96
D002,2026-04-23,P000363,1790.1,31258.77
D002,2026-06-12,P000363,1932.33,46631.68
D002,2025-11-03,P000364,358.47,6506.73
D002,2025-12-19,P000364,341.57,5482.97
D002,2026-02-21,P000364,299.63,4042.58
D002,2026-03-02,P000364,98.49,1920.93
D002,2026-04-13,P000364,339.86,5688.93
D002,2026-05-06,P000364,250.02,4192.98
D002,2026-06-08,P000364,472.95,4821.63
D002,2025-11-04,P000365,554.39,7267.77
D002,2025-12-08,P000365,195.42,4371.39
D002,2026-01-05,P000365,418.11,8973.37
D002,2026-02-21,P000365,495.31,5658.66
D002,2026-03-09,P000365,476.35,4312.37
D002,2026-04-11,P000365,1285.05,11024.8
D002,2026-05-05,P000365,323.26,5333.71
D002,2026-06-05,P000365,867.94,8096.62
D002,2025-11-04,P000366,243.32,4812.01
D002,2025-12-25,P000366,447.6,5240.87
D002,2026-01-05,P000366,433.72,6345.21
D002,2026-02-06,P000366,226.83,5235.67
D002,2026-03-07,P000366,185.51,3201.1
D002,2026-04-11,P000366,288.97,4682.95
D002,2026-05-07,P000366,378.53,6793.7
D002,2026-06-12,P000366,355.24,5577.56
D002,2025-12-24,P000367,727.46,8007.25
D002,2026-01-19,P000367,366.96,4208.85
D002,2026-03-15,P000367,332.0,3291.12
D002,2026-04-03,P000367,122.83,1970.11
D002,2026-05-09,P000367,670.65,5436.56
D002,2026-06-10,P000367,551.83,4456.95
D002,2025-12-11,P000368,247.69,6148.57
D002,2026-01-27,P000368,870.33,17626.52
D002,2026-03-19,P000368,320.69,5895.68
D002,2026-04-27,P000368,452.65,10014.43
D002,2026-05-14,P000368,897.94,11480.66
D002,2026-06-07,P000368,908.71,13468.04
D002,2025-11-15,P000369,1681.98,30364.69
D002,2025-12-26,P000369,1771.09,37691.46
D002,2026-01-01,P000369,1784.34,33244.46
D002,2026-02-18,P000369,3483.26,42267.25
D002,2026-03-20,P000369,968.6,15845.21
D002,2026-04-22,P000369,3468.24,53567.65
D002,2026-05-02,P000369,1639.73,30544.17
D002,2026-06-14,P000369,4611.38,47148.37
D002,2025-11-25,P000370,150.6,2972.24
D002,2025-12-14,P000370,351.55,6013.57
D002,2026-01-06,P000370,205.94,4384.38
D002,2026-02-11,P000370,421.69,6324.17
D002,2026-03-12,P000370,148.92,3077.97
D002,2026-04-24,P000370,450.73,4578.08
D002,2026-05-27,P000370,391.37,3480.41
D002,2026-06-02,P000370,236.01,4069.36
D002,2025-11-13,P000371,1271.71,14162.04
D002,2025-12-15,P000371,465.7,11119.25
D002,2026-01-04,P000371,390.1,7352.97
D002,2026-02-16,P000371,693.3,14964.51
D002,2026-03-17,P000371,1273.76,12709.01
D002,2026-04-26,P000371,1266.9,16563.6
D002,2026-05-24,P000371,1350.9,10968.27
D002,2026-06-05,P000371,1359.03,11477.84
D002,2025-11-05,P000372,1206.66,14747.04
D002,2025-12-20,P000372,765.37,14690.2
D002,2026-02-13,P000372,824.09,12777.55
D002,2026-03-24,P000372,1365.98,15706.79
D002,2026-04-03,P000372,945.43,12148.56
D002,2026-05-17,P000372,601.59,9587.84
D002,2026-06-08,P000372,2074.03,22355.15
D002,2025-11-23,P000373,289.05,4770.82
D002,2025-12-18,P000373,523.9,12731.8
D002,2026-02-13,P000373,662.03,12004.27
D002,2026-03-17,P000373,820.85,7888.12
D002,2026-04-03,P000373,401.18,9882.24
D002,2026-05-22,P000373,474.43,6819.13
D002,2025-11-14,P000374,1284.56,28356.54
D002,2025-12-22,P000374,2074.57,25747.62
D002,2026-01-12,P000374,1255.61,29083.98
D002,2026-02-22,P000374,1314.39,26753.93
D002,2026-03-10,P000374,1453.05,32091.77
D002,2026-04-10,P000374,1359.33,24287.41
D002,2026-05-17,P000374,1927.94,37306.54
D002,2026-06-02,P000374,498.92,8931.39
D002,2025-11-10,P000375,1003.86,20569.58
D002,2025-12-13,P000375,1736.19,33742.8
D002,2026-01-18,P000375,1324.76,13084.15
D002,2026-02-17,P000375,1572.78,15646.42
D002,2026-03-04,P000375,957.07,10215.19
D002,2026-04-02,P000375,1237.52,30166.19
D002,2026-06-07,P000375,3034.53,24947.28
D002,2025-11-10,P000376,868.45,7184.61
D002,2025-12-13,P000376,198.35,4612.73
D002,2026-01-15,P000376,522.77,6185.84
D002,2026-02-10,P000376,268.75,5041.76
D002,2026-03-19,P000376,200.14,4260.66
D002,2026-04-09,P000376,482.85,5681.04
D002,2026-05-23,P000376,364.65,6201.39
D002,2026-06-27,P000376,516.65,6865.02
D002,2025-12-06,P000377,258.55,4938.66
D002,2026-02-25,P000377,201.67,3858.75
D002,2026-03-22,P000377,278.07,3438.4
D002,2026-04-12,P000377,199.81,3833.45
D002,2026-05-03,P000377,163.63,3997.17
D002,2026-06-25,P000377,179.67,4318.99
D002,2025-11-14,P000378,290.38,5154.62
D002,2025-12-19,P000378,631.6,6932.03
D002,2026-01-12,P000378,524.56,7161.07
D002,2026-02-21,P000378,479.33,4016.47
D002,2026-03-04,P000378,171.73,3299.38
D002,2026-05-16,P000378,257.07,4285.3
D002,2026-06-09,P000378,262.61,4138.02
D002,2025-11-09,P000379,293.24,2551.87
D002,2025-12-23,P000379,381.39,3451.43
D002,2026-01-02,P000379,213.12,4705.59
D002,2026-02-08,P000379,333.13,6762.27
D002,2026-04-20,P000379,279.5,6056.55
D002,2026-05-12,P000379,332.16,3134.68
D002,2026-06-12,P000379,433.85,3646.64
D002,2025-12-09,P000380,137.32,2040.32
D002,2026-01-09,P000380,383.56,3246.79
D002,2026-02-10,P000380,173.16,3379.16
D002,2026-04-26,P000380,107.81,2315.93
D002,2026-06-20,P000380,169.73,1996.95
D002,2025-11-01,P000381,441.51,9890.19
D002,2025-12-05,P000381,227.85,4895.84
D002,2026-01-24,P000381,1319.39,12013.7
D002,2026-03-25,P000381,418.97,7695.85
D002,2026-04-06,P000381,713.36,10083.46
D002,2026-05-16,P000381,545.0,8888.33
D002,2026-06-05,P000381,1009.06,11462.67
D002,2025-11-18,P000382,7523.9,95117.64
D002,2025-12-07,P000382,5483.77,80895.63
D002,2026-01-22,P000382,5254.69,76486.73
D002,2026-03-22,P000382,4304.45,59537.5
D002,2026-05-13,P000382,4215.16,103172.99
D002,2026-06-26,P000382,5807.2,113631.99
D002,2025-11-09,P000383,589.13,7731.59
D002,2025-12-09,P000383,1167.13,11419.53
D002,2026-01-02,P000383,1007.09,13103.18
D002,2026-02-26,P000383,1407.85,12748.55
D002,2026-03-08,P000383,900.99,12875.71
D002,2026-04-15,P000383,1394.78,14348.83
D002,2026-05-08,P000383,481.13,7790.82
D002,2026-06-02,P000383,1297.88,16244.67
D002,2025-11-15,P000384,355.88,7309.25
D002,2025-12-04,P000384,505.82,10313.75
D002,2026-01-08,P000384,704.55,10979.67
D002,2026-02-17,P000384,447.03,9321.31
D002,2026-04-26,P000384,1024.33,12793.27
D002,2026-05-05,P000384,599.71,8336.04
D002,2026-06-25,P000384,425.59,10581.51
D002,2025-11-06,P000385,324.99,6022.87
D002,2025-12-13,P000385,542.77,8273.99
D002,2026-01-03,P000385,462.49,6116.78
D002,2026-02-05,P000385,1100.39,11187.51
D002,2026-03-18,P000385,761.02,9603.93
D002,2026-04-10,P000385,346.85,4949.68
D002,2026-05-21,P000385,282.2,6337.32
D002,2026-06-27,P000385,409.36,6169.88
D002,2025-11-16,P000386,339.3,4004.76
D002,2025-12-14,P000386,289.12,5929.97
D002,2026-01-03,P000386,157.58,3364.96
D002,2026-02-03,P000386,242.8,5696.6
D002,2026-03-16,P000386,255.69,5968.56
D002,2026-04-24,P000386,417.64,4112.84
D002,2026-05-27,P000386,420.95,4058.82
D002,2026-06-04,P000386,155.64,2030.83
D002,2025-11-09,P000387,544.55,4918.47
D002,2026-02-17,P000387,192.85,4797.82
D002,2026-03-24,P000387,431.16,3950.46
D002,2026-04-26,P000387,228.6,4426.42
D002,2026-05-20,P000387,260.5,3796.41
D002,2025-11-11,P000388,713.23,13958.94
D002,2025-12-15,P000388,868.09,21482.72
D002,2026-02-26,P000388,913.04,11584.25
D002,2026-03-18,P000388,674.36,16467.3
D002,2026-04-06,P000388,1064.74,20429.73
D002,2026-05-14,P000388,754.79,14283.79
D002,2026-06-27,P000388,1014.0,16162.09
D002,2025-11-09,P000389,372.65,6895.69
D002,2025-12-03,P000389,3450.87,40676.26
D002,2026-01-06,P000389,1932.78,47303.54
D002,2026-02-07,P000389,2652.48,62703.46
D002,2026-03-14,P000389,1341.6,30607.21
D002,2026-04-13,P000389,2584.99,64348.45
D002,2026-05-01,P000389,1155.56,20099.16
D002,2026-06-09,P000389,10428.99,91744.4
D002,2025-11-17,P000390,341.91,5391.57
D002,2025-12-24,P000390,262.5,6307.7
D002,2026-01-03,P000390,402.23,3263.84
D002,2026-02-03,P000390,211.89,2203.64
D002,2026-03-04,P000390,431.1,4536.97
D002,2026-04-21,P000390,288.96,5373.39
D002,2026-05-21,P000390,281.07,6057.22
D002,2026-06-22,P000390,237.97,3448.27
D003,2025-12-10,P000391,95.62,961.84
D003,2026-01-06,P000391,124.25,2962.37
D003,2026-02-12,P000391,155.59,2776.08
D003,2026-04-09,P000391,147.91,3385.83
D003,2026-05-25,P000391,184.47,3201.99
D003,2025-11-03,P000392,309.29,2812.9
D003,2025-12-05,P000392,180.52,3660.49
D003,2026-01-20,P000392,248.04,4144.22
D003,2026-02-09,P000392,603.06,4865.33
D003,2026-03-27,P000392,116.87,1370.39
D003,2026-04-06,P000392,330.52,4593.68
D003,2026-05-08,P000392,214.75,4896.18
D003,2026-06-09,P000392,414.59,4185.57
D003,2025-11-15,P000393,2980.65,71669.81
D003,2025-12-05,P000393,2760.87,68076.32
D003,2026-01-04,P000393,5792.99,61344.27
D003,2026-02-18,P000393,3800.01,36127.59
D003,2026-03-18,P000393,1093.48,21420.24
D003,2026-04-21,P000393,1573.95,24882.66
D003,2026-05-22,P000393,2119.45,49566.54
D003,2026-06-17,P000393,2829.96,59106.36
D003,2025-11-10,P000394,814.0,11647.97
D003,2025-12-26,P000394,531.93,9666.01
D003,2026-01-21,P000394,1251.95,21789.1
D003,2026-03-24,P000394,893.57,15908.39
D003,2026-04-22,P000394,474.76,10985.94
D003,2026-05-03,P000394,175.71,4211.83
D003,2026-06-17,P000394,1056.21,15996.96
D003,2025-11-13,P000395,3557.33,68104.96
D003,2025-12-24,P000395,4789.42,69033.95
D003,2026-01-10,P000395,5317.36,78267.07
D003,2026-02-21,P000395,2888.13,66126.01
D003,2026-03-10,P000395,7701.5,82685.48
D003,2026-04-14,P000395,2340.2,57939.67
D003,2026-05-20,P000395,2133.93,42580.5
D003,2026-06-09,P000395,8599.84,90628.42
D003,2025-12-17,P000396,646.85,7911.21
D003,2026-01-18,P000396,494.34,7246.55
D003,2026-02-05,P000396,294.79,6224.84
D003,2026-03-11,P000396,346.63,6271.42
D003,2026-04-01,P000396,498.75,9154.2
D003,2026-06-10,P000396,308.12,6093.52
D003,2025-12-19,P000397,856.52,10674.62
D003,2026-01-19,P000397,153.32,3598.67
D003,2026-02-09,P000397,537.89,10500.11
D003,2026-03-03,P000397,648.86,9738.18
D003,2026-04-01,P000397,472.45,7211.25
D003,2026-05-26,P000397,521.9,11174.59
D003,2026-06-22,P000397,558.33,9292.72
D003,2025-11-14,P000398,298.31,5484.86
D003,2025-12-21,P000398,397.37,4585.05
D003,2026-02-17,P000398,255.63,4162.6
D003,2026-03-08,P000398,316.34,5596.64
D003,2026-05-03,P000398,207.43,4698.78
D003,2026-06-13,P000398,382.65,5925.02
D003,2025-11-19,P000399,154.83,3416.31
D003,2026-01-04,P000399,273.25,6340.87
D003,2026-03-26,P000399,425.5,4647.76
D003,2026-04-08,P000399,442.46,8764.05
D003,2026-05-15,P000399,610.25,8534.8
D003,2026-06-14,P000399,93.01,2166.98
D003,2025-11-12,P000400,355.26,8232.89
D003,2025-12-24,P000400,388.02,8080.46
D003,2026-01-13,P000400,784.77,11491.55
D003,2026-02-16,P000400,222.1,4222.49
D003,2026-03-24,P000400,258.14,6175.05
D003,2026-04-12,P000400,617.52,8772.19
D003,2026-05-10,P000400,348.02,7952.04
D003,2025-11-03,P000401,6806.67,92790.16
D003,2026-01-19,P000401,4572.79,69992.05
D003,2026-02-27,P000401,4847.98,71580.72
D003,2026-03-17,P000401,5272.17,94867.8
D003,2026-04-23,P000401,5003.83,80636.94
D003,2026-05-14,P000401,2906.1,65337.75
D003,2026-06-09,P000401,3480.32,73345.1
D003,2025-11-12,P000402,1750.43,15734.25
D003,2025-12-22,P000402,628.77,15161.14
D003,2026-01-27,P000402,681.75,14588.68
D003,2026-02-25,P000402,1198.01,22396.44
D003,2026-03-26,P000402,798.97,16604.24
D003,2026-05-05,P000402,1104.45,17917.77
D003,2026-06-14,P000402,1856.11,28169.22
D003,2025-11-19,P000403,246.41,3208.04
D003,2025-12-24,P000403,315.91,3440.22
D003,2026-01-23,P000403,219.37,5379.03
D003,2026-03-09,P000403,175.42,3810.76
D003,2026-05-19,P000403,111.1,2774.46
D003,2026-06-09,P000403,175.91,3577.19
D003,2025-11-01,P000404,3165.15,38478.16
D003,2025-12-10,P000404,2711.16,33126.23
D003,2026-01-13,P000404,2714.01,52954.28
D003,2026-02-12,P000404,1847.44,40931.22
D003,2026-05-24,P000404,2277.74,35569.53
D003,2026-06-16,P000404,855.6,18426.82
D003,2025-11-12,P000405,475.7,10441.6
D003,2025-12-27,P000405,431.57,7544.76
D003,2026-01-10,P000405,583.97,11930.0
D003,2026-02-07,P000405,382.53,7550.46
D003,2026-03-07,P000405,228.96,4503.59
D003,2026-05-03,P000405,942.78,12528.75
D003,2026-06-15,P000405,442.02,10019.96
D003,2025-11-22,P000406,5454.22,130513.84
D003,2025-12-12,P000406,4413.31,98039.86
D003,2026-02-27,P000406,9822.01,88016.18
D003,2026-03-14,P000406,5839.78,57226.95
D003,2026-04-16,P000406,5256.05,109401.31
D003,2026-05-11,P000406,1205.87,29329.47
D003,2026-06-13,P000406,4252.39,87791.16
D003,2025-11-20,P000407,1387.54,21986.05
D003,2025-12-20,P000407,1855.27,26045.48
D003,2026-01-12,P000407,2091.98,30114.69
D003,2026-02-02,P000407,3610.79,29374.64
D003,2026-03-03,P000407,2240.7,36766.63
D003,2026-04-15,P000407,1222.7,23408.48
D003,2026-05-01,P000407,2571.77,31965.93
D003,2025-11-17,P000408,327.24,7659.79
D003,2026-01-27,P000408,509.33,5998.82
D003,2026-02-07,P000408,399.63,9779.47
D003,2026-03-12,P000408,154.39,2293.49
D003,2026-04-23,P000408,1156.97,9714.74
D003,2026-05-19,P000408,381.58,4879.06
D003,2026-06-14,P000408,254.55,4809.73
D003,2025-11-26,P000409,270.03,3492.58
D003,2026-02-18,P000409,204.68,4150.12
D003,2026-03-13,P000409,88.75,1088.89
D003,2026-04-26,P000409,283.63,3121.84
D003,2026-05-18,P000409,120.27,2674.27
D003,2026-06-02,P000409,143.42,2728.09
D003,2025-11-22,P000410,237.73,2107.51
D003,2025-12-19,P000410,158.07,3263.31
D003,2026-01-23,P000410,143.42,2362.15
D003,2026-02-25,P000410,237.0,4723.12
D003,2026-03-03,P000410,99.42,2071.04
D003,2026-04-05,P000410,122.47,2723.59
D003,2026-05-08,P000410,216.91,2573.48
D003,2026-06-25,P000410,121.5,2660.18
D003,2025-11-13,P000411,374.78,6637.84
D003,2025-12-07,P000411,1275.33,13577.29
D003,2026-01-09,P000411,336.85,7230.38
D003,2026-02-07,P000411,430.56,10035.29
D003,2026-03-21,P000411,274.24,6559.19
D003,2026-04-27,P000411,508.73,11989.18
D003,2026-05-24,P000411,1064.45,10575.55
D003,2026-06-26,P000411,811.76,7169.95
D003,2025-11-07,P000412,3264.08,40981.49
D003,2025-12-04,P000412,2383.12,54622.05
D003,2026-01-18,P000412,3291.62,50255.4
D003,2026-02-02,P000412,2776.49,67234.81
D003,2026-04-12,P000412,2970.37,62894.15
D003,2026-05-11,P000412,5096.94,59705.04
D003,2026-06-22,P000412,3611.97,56266.29
D003,2025-11-10,P000413,7385.19,60303.44
D003,2025-12-02,P000413,7107.42,85477.3
D003,2026-01-03,P000413,1681.25,30140.06
D003,2026-02-12,P000413,2538.25,52188.92
D003,2026-03-02,P000413,11677.57,96428.71
D003,2026-05-25,P000413,7253.17,109051.2
D003,2026-06-14,P000413,2392.32,44002.42
D003,2025-11-06,P000414,283.25,6273.77
D003,2025-12-19,P000414,253.75,4352.32
D003,2026-01-25,P000414,170.11,4240.63
D003,2026-02-17,P000414,276.41,5444.52
D003,2026-03-05,P000414,414.79,6495.94
D003,2026-04-27,P000414,320.26,6362.06
D003,2026-05-15,P000414,562.98,5462.23
D003,2026-06-14,P000414,117.5,2704.62
D003,2025-12-12,P000415,2490.53,25701.85
D003,2026-01-14,P000415,2249.98,39455.15
D003,2026-02-26,P000415,1938.0,24668.26
D003,2026-04-22,P000415,939.36,23287.53
D003,2026-05-12,P000415,2681.18,29576.14
D003,2026-06-12,P000415,699.18,16943.25
D003,2025-11-03,P000416,396.68,6746.68
D003,2025-12-11,P000416,224.97,5101.23
D003,2026-01-10,P000416,329.12,4390.97
D003,2026-02-13,P000416,557.47,6305.23
D003,2026-03-07,P000416,331.35,2842.62
D003,2026-04-15,P000416,205.3,3140.36
D003,2026-05-23,P000416,221.3,4028.65
D003,2026-06-12,P000416,360.46,5250.89
D003,2025-11-10,P000417,731.88,18015.25
D003,2026-01-24,P000417,1071.77,19016.01
D003,2026-03-03,P000417,682.7,16650.14
D003,2026-04-26,P000417,1262.19,13508.66
D003,2026-06-05,P000417,869.35,18429.23
D003,2026-02-18,P000418,476.26,11303.98
D003,2026-03-04,P000418,449.09,5758.43
D003,2026-04-26,P000418,476.51,7789.72
D003,2026-05-15,P000418,424.36,4121.28
D003,2026-06-11,P000418,475.1,8120.79
D003,2025-11-11,P000419,160.11,2428.12
D003,2025-12-27,P000419,143.95,2956.56
D003,2026-01-06,P000419,290.21,3279.07
D003,2026-02-23,P000419,251.93,3215.43
D003,2026-03-25,P000419,168.78,3880.42
D003,2026-04-07,P000419,225.1,3249.93
D003,2026-05-19,P000419,336.1,3225.56
D003,2026-06-22,P000419,156.6,2848.52
D003,2025-11-24,P000420,1796.05,42536.16
D003,2025-12-27,P000420,1934.15,46448.56
D003,2026-01-06,P000420,2652.79,26854.13
D003,2026-02-20,P000420,4895.95,67374.08
D003,2026-03-19,P000420,5916.44,51829.38
D003,2026-04-25,P000420,2271.06,45126.97
D003,2026-05-11,P000420,964.11,18284.18
D003,2026-06-24,P000420,3184.31,58737.23
D003,2025-11-10,P000421,1350.09,27567.82
D003,2025-12-15,P000421,4002.35,37497.09
D003,2026-01-16,P000421,5692.69,71053.62
D003,2026-02-24,P000421,2952.23,41995.12
D003,2026-03-18,P000421,3341.44,41064.25
D003,2026-04-18,P000421,4066.75,41566.39
D003,2026-05-06,P000421,2217.84,30047.11
D003,2026-06-04,P000421,5469.23,46745.06
D003,2025-11-11,P000422,7245.62,63819.37
D003,2025-12-06,P000422,2634.0,51284.74
D003,2026-01-24,P000422,2793.93,54501.04
D003,2026-02-22,P000422,3332.61,44307.04
D003,2026-03-03,P000422,586.8,13509.72
D003,2026-05-06,P000422,2276.31,56873.92
D003,2026-06-07,P000422,6035.27,58858.07
D003,2025-11-23,P000423,302.47,5614.83
D003,2025-12-19,P000423,405.97,7580.21
D003,2026-04-04,P000423,333.69,5803.48
D003,2026-05-17,P000423,550.69,5237.49
D003,2026-06-16,P000423,659.87,8660.33
D003,2025-12-06,P000424,3029.32,69753.16
D003,2026-01-08,P000424,8138.52,94382.19
D003,2026-02-03,P000424,3830.26,90086.19
D003,2026-03-16,P000424,4107.31,101610.19
D003,2026-04-26,P000424,2988.01,73545.57
D003,2026-05-27,P000424,9067.86,82536.35
D003,2026-06-15,P000424,9658.23,91542.45
D003,2025-11-22,P000425,201.13,3055.98
D003,2025-12-22,P000425,540.53,4613.72
D003,2026-01-14,P000425,270.72,3558.62
D003,2026-04-14,P000425,122.01,2070.64
D003,2026-05-26,P000425,293.73,3693.99
D003,2025-11-27,P000426,4125.64,67011.55
D003,2025-12-18,P000426,4500.53,41728.58
D003,2026-01-03,P000426,3123.47,42154.13
D003,2026-02-13,P000426,1927.14,41250.84
D003,2026-03-09,P000426,2246.81,42590.29
D003,2026-04-17,P000426,1631.29,40285.72
D003,2026-06-21,P000426,4721.71,53696.46
D003,2025-11-25,P000427,669.87,13575.17
D003,2025-12-24,P000427,841.35,19430.21
D003,2026-01-12,P000427,2423.55,41284.28
D003,2026-03-20,P000427,2925.57,40431.19
D003,2026-04-09,P000427,4437.17,38897.15
D003,2026-05-10,P000427,3294.25,34421.9
D003,2026-06-09,P000427,1088.89,26886.09
D003,2025-11-21,P000428,5691.35,98903.43
D003,2025-12-22,P000428,6231.33,72349.71
D003,2026-01-02,P000428,5578.16,60038.72
D003,2026-02-04,P000428,8776.4,153408.2
D003,2026-04-09,P000428,3065.46,58507.3
D003,2026-05-03,P000428,4178.2,98957.0
D003,2026-06-08,P000428,4781.66,91190.18
D003,2025-11-24,P000429,451.25,8302.09
D003,2025-12-03,P000429,723.44,9873.53
D003,2026-01-10,P000429,354.45,6728.31
D003,2026-02-13,P000429,764.1,6313.01
D003,2026-03-26,P000429,292.61,6453.52
D003,2026-04-04,P000429,526.29,5956.62
D003,2026-05-09,P000429,235.89,5706.92
D003,2026-06-03,P000429,520.82,5296.52
D003,2025-12-14,P000430,325.95,6600.53
D003,2026-02-11,P000430,180.61,3795.73
D003,2026-05-24,P000430,511.53,5867.1
D003,2026-06-22,P000430,181.81,4028.5
D003,2025-11-14,P000431,243.11,4658.66
D003,2025-12-16,P000431,561.59,4746.3
D003,2026-01-18,P000431,301.72,5133.98
D003,2026-02-19,P000431,267.61,6312.51
D003,2026-03-17,P000431,496.3,4355.03
D003,2026-04-15,P000431,255.19,3488.99
D003,2026-06-02,P000431,112.6,2072.77
D003,2025-11-05,P000432,5312.4,128237.77
D003,2025-12-26,P000432,11878.7,138991.49
D003,2026-01-04,P000432,4756.73,60219.44
D003,2026-02-16,P000432,5407.62,75307.36
D003,2026-03-22,P000432,3507.96,74168.15
D003,2026-04-21,P000432,2273.64,49808.5
D003,2026-05-10,P000432,2406.33,55871.29
D003,2026-06-18,P000432,5745.04,81551.63
D003,2025-11-24,P000433,2482.26,57290.74
D003,2025-12-24,P000433,5066.8,73061.68
D003,2026-01-15,P000433,8536.67,97979.23
D003,2026-02-21,P000433,5586.97,62898.05
D003,2026-03-09,P000433,3176.52,50037.64
D003,2026-04-07,P000433,8427.5,79711.64
D003,2026-05-21,P000433,5321.91,43078.23
D003,2026-06-20,P000433,1226.27,21844.97
D003,2025-11-23,P000434,632.86,14624.35
D003,2025-12-04,P000434,428.79,8998.8
D003,2026-02-22,P000434,637.13,12134.74
D003,2026-03-27,P000434,390.83,8585.95
D003,2026-04-17,P000434,1055.52,13524.12
D003,2026-05-23,P000434,902.34,18450.7
D003,2026-06-14,P000434,1168.73,9481.18
D003,2025-11-06,P000435,6253.96,51319.11
D003,2025-12-03,P000435,1437.15,34525.45
D003,2026-01-14,P000435,1952.53,17099.15
D003,2026-02-16,P000435,1849.01,29881.88
D003,2026-03-11,P000435,5446.07,52667.45
D003,2026-05-12,P000435,1988.19,45415.77
D003,2026-06-01,P000435,2032.97,29985.32
D003,2025-11-17,P000436,270.74,2466.25
D003,2025-12-18,P000436,123.96,2289.38
D003,2026-01-02,P000436,301.13,4663.97
D003,2026-02-03,P000436,191.55,3478.29
D003,2026-03-21,P000436,122.83,2766.77
D003,2026-04-22,P000436,471.23,5475.0
D003,2026-05-07,P000436,81.98,1614.7
D003,2026-06-20,P000436,341.93,3616.69
D003,2025-11-04,P000437,219.01,2862.72
D003,2025-12-27,P000437,127.46,2902.74
D003,2026-01-16,P000437,100.5,2381.15
D003,2026-02-08,P000437,122.09,2566.72
D003,2026-03-01,P000437,326.19,3200.7
D003,2026-04-08,P000437,265.06,4652.38
D003,2026-06-23,P000437,447.4,6298.87
D003,2025-11-06,P000438,128.56,2939.7
D003,2025-12-02,P000438,155.14,2828.85
D003,2026-01-25,P000438,237.6,2267.12
D003,2026-02-11,P000438,134.81,2573.04
D003,2026-03-19,P000438,113.37,2145.18
D003,2026-04-07,P000438,271.97,4038.42
D003,2026-05-05,P000438,178.51,3783.33
D003,2026-06-07,P000438,94.58,1517.0
D003,2025-11-01,P000439,6415.69,62781.06
D003,2025-12-19,P000439,3717.87,58669.78
D003,2026-01-18,P000439,4586.22,52238.27
D003,2026-02-23,P000439,6012.86,50853.47
D003,2026-03-02,P000439,1906.26,40514.26
D003,2026-04-06,P000439,3168.76,60324.94
D003,2026-05-07,P000439,2540.95,39397.8
D003,2026-06-01,P000439,4804.37,73551.41
D003,2025-11-26,P000440,2276.62,30724.86
D003,2025-12-20,P000440,2389.28,32147.04
D003,2026-02-24,P000440,3667.58,37659.21
D003,2026-04-02,P000440,1773.29,37488.34
D003,2026-05-06,P000440,1084.8,26409.69
D003,2026-06-21,P000440,1525.59,34024.29
D003,2025-11-06,P000441,78.65,1385.89
D003,2025-12-25,P000441,90.98,1845.45
D003,2026-02-20,P000441,119.13,2624.41
D003,2026-03-24,P000441,47.41,1062.77
D003,2026-05-06,P000441,164.69,2288.6
D003,2025-11-21,P000442,1330.93,30038.36
D003,2025-12-17,P000442,2808.0,36883.51
D003,2026-01-22,P000442,1258.12,16751.51
D003,2026-03-05,P000442,2796.45,29648.43
D003,2026-04-09,P000442,1484.0,22858.82
D003,2026-06-20,P000442,4388.49,37462.81
D003,2025-12-10,P000443,510.04,11151.28
D003,2026-01-07,P000443,818.43,13034.36
D003,2026-02-18,P000443,836.92,13437.08
D003,2026-03-05,P000443,415.61,9302.67
D003,2026-05-01,P000443,619.26,13377.79
D003,2026-06-02,P000443,900.38,8738.3
D003,2025-12-14,P000444,196.69,3778.17
D003,2026-02-15,P000444,165.81,2784.23
D003,2026-05-16,P000444,264.77,6077.36
D003,2026-06-19,P000444,221.01,5435.43
D003,2025-11-15,P000445,153.96,3399.31
D003,2025-12-18,P000445,248.28,3900.41
D003,2026-02-01,P000445,208.98,3673.49
D003,2026-03-22,P000445,386.79,3688.06
D003,2026-04-10,P000445,204.78,4285.09
D003,2026-05-11,P000445,440.09,4618.53
D003,2026-06-21,P000445,307.39,4134.07
D003,2025-11-05,P000446,291.86,5180.78
D003,2025-12-26,P000446,317.05,7005.5
D003,2026-01-14,P000446,310.47,4544.29
D003,2026-02-21,P000446,164.84,3144.93
D003,2026-03-26,P000446,451.24,7171.96
D003,2026-04-23,P000446,274.79,6824.59
D003,2026-06-20,P000446,442.61,4033.07
D003,2025-11-25,P000447,2178.21,38488.83
D003,2025-12-16,P000447,3070.88,50210.7
D003,2026-01-16,P000447,3736.85,41023.56
D003,2026-02-14,P000447,3475.83,31266.08
D003,2026-03-22,P000447,1782.33,31359.37
D003,2026-04-17,P000447,1869.97,32778.3
D003,2026-05-26,P000447,3037.31,42952.58
D003,2026-06-10,P000447,1102.99,26852.09
D003,2025-11-09,P000448,460.2,10221.34
D003,2025-12-02,P000448,420.81,9077.38
D003,2026-01-09,P000448,574.79,6035.63
D003,2026-02-13,P000448,107.91,1794.05
D003,2026-03-06,P000448,703.33,6922.45
D003,2026-04-19,P000448,362.45,7035.64
D003,2026-05-11,P000448,324.65,7527.32
D003,2026-06-06,P000448,402.56,7069.36
D003,2025-11-07,P000449,1753.87,31931.95
D003,2026-01-19,P000449,1440.87,31598.71
D003,2026-02-06,P000449,4031.92,54730.48
D003,2026-03-23,P000449,1714.26,31001.24
D003,2026-05-21,P000449,2018.55,36388.98
D003,2026-06-18,P000449,3017.94,56186.14
D003,2025-11-22,P000450,901.97,20396.76
D003,2025-12-07,P000450,1113.11,23134.96
D003,2026-01-07,P000450,1684.74,21337.67
D003,2026-02-15,P000450,1006.43,21285.66
D003,2026-03-01,P000450,1512.21,28726.35
D003,2026-04-09,P000450,1340.21,23071.07
D003,2026-05-09,P000450,1201.9,25378.73
D003,2026-06-13,P000450,1801.64,22380.86
D003,2025-12-14,P000451,134.12,2743.56
D003,2026-01-01,P000451,35.33,763.58
D003,2026-05-03,P000451,85.38,1527.22
D003,2026-06-25,P000451,165.67,1758.11
D003,2025-11-24,P000452,945.83,19004.69
D003,2025-12-08,P000452,1136.87,12374.69
D003,2026-02-09,P000452,1443.44,15728.7
D003,2026-03-27,P000452,858.44,8473.65
D003,2026-04-01,P000452,507.17,10531.32
D003,2026-05-24,P000452,534.75,9919.21
D003,2026-06-24,P000452,573.72,13024.95
D003,2025-11-08,P000453,1844.77,44461.05
D003,2025-12-23,P000453,1884.71,45080.49
D003,2026-01-27,P000453,2003.09,29824.84
D003,2026-02-20,P000453,3126.28,52216.73
D003,2026-04-17,P000453,4840.06,54865.69
D003,2026-06-03,P000453,1901.46,41384.66
D003,2025-11-02,P000454,782.58,11565.69
D003,2025-12-23,P000454,786.06,14278.61
D003,2026-02-22,P000454,527.07,7942.57
D003,2026-03-15,P000454,1115.17,17546.21
D003,2026-04-13,P000454,602.43,11044.16
D003,2026-05-09,P000454,1383.75,18480.05
D003,2026-06-27,P000454,719.07,12810.32
D003,2025-11-08,P000455,473.6,8343.12
D003,2025-12-16,P000455,447.78,8297.03
D003,2026-02-06,P000455,193.19,4761.28
D003,2026-03-14,P000455,442.93,7438.13
D003,2026-04-26,P000455,615.14,9743.29
D003,2026-05-27,P000455,516.35,9212.53
D003,2026-06-25,P000455,724.0,10725.7
D003,2025-11-25,P000456,254.82,3295.85
D003,2025-12-23,P000456,125.79,2896.38
D003,2026-01-19,P000456,164.3,3571.46
D003,2026-02-16,P000456,179.94,4117.21
D003,2026-03-24,P000456,189.63,2571.39
D003,2026-04-20,P000456,519.71,4479.97
D003,2026-05-03,P000456,449.45,5689.57
D003,2025-11-08,P000457,5419.24,63934.65
D003,2025-12-18,P000457,12407.52,125386.95
D003,2026-01-13,P000457,6269.93,109262.28
D003,2026-02-09,P000457,4050.84,89074.97
D003,2026-04-08,P000457,6890.67,100337.68
D003,2026-05-21,P000457,3233.23,56499.8
D003,2026-06-25,P000457,4553.61,64190.35
D003,2025-12-14,P000458,134.52,2786.78
D003,2026-01-07,P000458,130.99,2893.98
D003,2026-02-13,P000458,120.76,2321.13
D003,2026-03-06,P000458,146.23,2434.84
D003,2026-04-02,P000458,111.06,2251.29
D003,2026-05-01,P000458,103.62,1997.54
D003,2025-11-03,P000459,402.81,5618.71
D003,2026-01-14,P000459,280.67,6737.68
D003,2026-02-25,P000459,214.12,5012.73
D003,2026-03-10,P000459,136.64,3238.6
D003,2026-04-04,P000459,412.03,7920.37
D003,2026-05-24,P000459,329.79,7953.4
D003,2026-06-24,P000459,284.33,4003.28
D003,2025-11-13,P000460,3328.37,29691.85
D003,2025-12-07,P000460,891.88,20492.29
D003,2026-01-02,P000460,1779.98,20989.32
D003,2026-02-06,P000460,956.61,22168.79
D003,2026-03-15,P000460,1338.72,28931.83
D003,2026-04-08,P000460,3382.25,32634.23
D003,2026-05-06,P000460,2726.24,26473.2
D003,2026-06-10,P000460,1976.94,36250.88
D003,2025-11-10,P000461,464.01,10775.65
D003,2025-12-03,P000461,592.04,11507.63
D003,2026-01-20,P000461,427.59,4557.13
D003,2026-02-01,P000461,368.39,5556.36
D003,2026-03-27,P000461,418.43,9949.3
D003,2026-04-27,P000461,862.19,11683.65
D003,2026-05-03,P000461,887.07,12747.96
D003,2026-06-04,P000461,476.44,8434.66
D003,2025-11-16,P000462,410.35,7629.07
D003,2025-12-20,P000462,320.02,6011.47
D003,2026-01-19,P000462,404.85,6744.12
D003,2026-02-04,P000462,299.6,7205.03
D003,2026-04-03,P000462,314.29,5289.06
D003,2026-05-16,P000462,337.57,8055.91
D003,2026-06-10,P000462,299.98,5158.53
D003,2025-11-25,P000463,467.63,6560.39
D003,2025-12-21,P000463,463.28,6681.73
D003,2026-01-12,P000463,270.05,5285.97
D003,2026-03-16,P000463,287.47,7003.47
D003,2026-04-12,P000463,335.35,6173.49
D003,2026-05-25,P000463,400.12,8107.2
D003,2026-06-19,P000463,411.9,3315.18
D003,2025-11-07,P000464,372.46,6199.35
D003,2025-12-02,P000464,832.83,7327.74
D003,2026-01-16,P000464,269.05,3131.66
D003,2026-02-01,P000464,235.31,5086.76
D003,2026-03-17,P000464,673.4,6957.6
D003,2026-04-20,P000464,622.99,5013.88
D003,2026-05-15,P000464,666.21,5724.32
D003,2026-06-15,P000464,479.92,9456.81
D003,2025-11-18,P000465,261.71,2214.31
D003,2025-12-24,P000465,262.28,3164.26
D003,2026-01-15,P000465,207.92,2189.89
D003,2026-02-25,P000465,359.48,3069.54
D003,2026-03-17,P000465,167.72,1920.93
D003,2026-04-06,P000465,135.69,3140.38
D003,2026-05-11,P000465,130.14,1125.2
D003,2026-06-21,P000465,225.79,4204.83
D003,2025-11-20,P000466,495.48,5092.28
D003,2026-01-02,P000466,248.98,5041.02
D003,2026-02-07,P000466,522.12,4494.91
D003,2026-03-13,P000466,302.72,2441.96
D003,2026-04-23,P000466,221.52,4727.18
D003,2026-05-06,P000466,223.83,4143.02
D003,2025-11-21,P000467,1959.07,23191.62
D003,2025-12-07,P000467,961.41,20328.31
D003,2026-01-27,P000467,820.41,15515.82
D003,2026-02-16,P000467,779.76,15433.68
D003,2026-03-27,P000467,1067.32,23443.98
D003,2026-04-07,P000467,972.82,16638.16
D003,2026-05-05,P000467,1481.81,12243.59
D003,2026-06-02,P000467,1221.64,23265.58
D003,2025-11-12,P000468,135.59,1731.89
D003,2026-01-19,P000468,68.57,1683.29
D003,2026-02-03,P000468,63.71,1362.81
D003,2026-04-10,P000468,226.57,1877.46
D003,2026-05-17,P000468,64.49,1541.37
D003,2026-06-27,P000468,127.17,2379.92
D003,2025-12-03,P000469,412.99,10161.88
D003,2026-01-27,P000469,586.21,11791.25
D003,2026-02-17,P000469,184.04,4060.87
D003,2026-03-12,P000469,301.33,6818.75
D003,2026-05-01,P000469,617.06,7386.89
D003,2026-06-05,P000469,460.48,10931.02
D003,2025-11-27,P000470,373.22,7388.81
D003,2025-12-25,P000470,445.61,6184.78
D003,2026-01-27,P000470,302.22,5267.2
D003,2026-02-16,P000470,423.39,7774.92
D003,2026-03-03,P000470,327.03,6477.66
D003,2026-04-04,P000470,351.77,7513.75
D003,2026-05-14,P000470,792.8,9918.64
D003,2026-06-22,P000470,598.48,11987.06
D003,2025-12-08,P000471,1088.78,15863.5
D003,2026-01-27,P000471,727.74,16398.31
D003,2026-02-13,P000471,2927.63,23561.95
D003,2026-03-08,P000471,1375.25,21708.93
D003,2026-04-23,P000471,1481.28,26476.67
D003,2026-05-01,P000471,868.3,15608.48
D003,2026-06-14,P000471,1405.2,11547.09
D003,2025-11-01,P000472,1955.76,41738.4
D003,2026-02-20,P000472,1880.45,36999.6
D003,2026-03-06,P000472,3058.67,24723.32
D003,2026-04-25,P000472,1561.5,23877.4
D003,2026-06-02,P000472,1121.27,24703.28
D003,2025-11-01,P000473,241.73,4497.93
D003,2025-12-13,P000473,633.87,6074.26
D003,2026-01-21,P000473,545.32,4599.58
D003,2026-02-13,P000473,295.99,3972.89
D003,2026-03-14,P000473,132.02,2437.79
D003,2026-04-22,P000473,203.79,4119.65
D003,2026-05-03,P000473,253.12,6050.81
D003,2026-06-06,P000473,219.82,4502.8
D003,2025-12-04,P000474,808.5,14743.11
D003,2026-01-02,P000474,325.22,7737.02
D003,2026-02-09,P000474,594.69,14790.46
D003,2026-04-15,P000474,571.71,12401.03
D004,2025-11-12,P000475,242.06,5999.05
D004,2025-12-24,P000475,807.83,12067.75
D004,2026-01-27,P000475,1053.24,17003.23
D004,2026-02-10,P000475,474.63,11183.03
D004,2026-04-07,P000475,404.39,9873.9
D004,2026-05-26,P000475,520.59,12935.37
D004,2026-06-18,P000475,823.88,12575.95
D004,2025-11-14,P000476,213.03,3929.27
D004,2025-12-26,P000476,387.46,3763.36
D004,2026-01-17,P000476,210.37,2904.24
D004,2026-02-19,P000476,311.48,3441.45
D004,2026-03-02,P000476,106.45,1739.87
D004,2026-04-04,P000476,76.98,1857.43
D004,2026-05-02,P000476,169.5,2992.74
D004,2026-06-05,P000476,161.94,3891.52
D004,2025-11-07,P000477,181.41,4386.84
D004,2025-12-02,P000477,189.74,2011.77
D004,2026-02-08,P000477,351.59,3334.07
D004,2026-03-17,P000477,99.98,2198.1
D004,2026-04-06,P000477,413.76,4480.58
D004,2026-05-18,P000477,98.72,2393.34
D004,2026-06-05,P000477,197.39,4604.84
D004,2025-11-16,P000478,709.34,13453.41
D004,2025-12-07,P000478,588.71,7047.66
D004,2026-01-06,P000478,1010.26,12319.6
D004,2026-02-19,P000478,770.49,8493.08
D004,2026-03-16,P000478,589.32,13613.13
D004,2026-04-12,P000478,780.96,9984.72
D004,2026-05-04,P000478,967.87,17989.81
D004,2025-11-07,P000479,552.69,6632.0
D004,2025-12-02,P000479,328.12,6504.35
D004,2026-01-03,P000479,573.25,9813.38
D004,2026-02-17,P000479,799.7,7429.91
D004,2026-04-09,P000479,483.82,9696.25
D004,2026-05-03,P000479,326.13,6620.58
D004,2026-06-26,P000479,581.76,9204.76
D004,2025-11-06,P000480,1187.75,19231.41
D004,2025-12-08,P000480,1708.0,23573.45
D004,2026-01-21,P000480,2101.9,29880.96
D004,2026-02-23,P000480,1351.84,32863.63
D004,2026-03-22,P000480,1948.02,39236.95
D004,2026-04-06,P000480,2033.13,41094.71
D004,2026-05-07,P000480,4557.96,36702.14
D004,2026-06-21,P000480,1739.0,43348.62
D004,2025-12-05,P000481,103.28,2572.17
D004,2026-01-02,P000481,443.25,8261.83
D004,2026-03-14,P000481,236.29,3106.39
D004,2026-04-08,P000481,701.55,8394.21
D004,2026-05-09,P000481,142.33,3464.35
D004,2026-06-06,P000481,520.2,6556.54
D004,2025-11-22,P000482,290.91,6781.52
D004,2025-12-18,P000482,851.94,13274.88
D004,2026-01-27,P000482,464.52,11301.51
D004,2026-03-19,P000482,763.85,11611.81
D004,2026-04-14,P000482,466.15,6660.63
D004,2026-05-07,P000482,1183.65,12784.94
D004,2026-06-23,P000482,917.25,7968.98
D004,2025-11-27,P000483,2988.54,57885.83
D004,2025-12-14,P000483,5173.66,50357.1
D004,2026-01-10,P000483,1335.64,26592.4
D004,2026-03-19,P000483,2164.99,28825.56
D004,2026-04-18,P000483,2982.67,38551.44
D004,2026-06-07,P000483,1792.14,43261.72
D004,2025-11-09,P000484,525.22,7809.53
D004,2025-12-27,P000484,416.27,5505.97
D004,2026-01-20,P000484,944.39,11640.22
D004,2026-02-05,P000484,409.25,9546.14
D004,2026-03-11,P000484,366.99,7857.28
D004,2026-04-26,P000484,507.58,5821.98
D004,2025-11-23,P000485,1683.86,14308.21
D004,2025-12-06,P000485,672.86,15490.42
D004,2026-01-13,P000485,735.93,11577.63
D004,2026-03-01,P000485,981.27,14676.18
D004,2026-04-08,P000485,1433.93,16721.66
D004,2026-06-05,P000485,1343.7,15302.59
D004,2025-11-01,P000486,2296.02,21930.2
D004,2025-12-06,P000486,4062.79,48363.76
D004,2026-01-17,P000486,2161.15,35151.75
D004,2026-02-13,P000486,1551.39,35806.97
D004,2026-05-25,P000486,1101.48,20493.15
D004,2026-06-04,P000486,1420.91,26009.14
D004,2025-11-22,P000487,206.09,4423.24
D004,2025-12-03,P000487,303.27,7144.44
D004,2026-01-01,P000487,315.32,6182.05
D004,2026-04-08,P000487,418.08,3679.5
D004,2026-05-18,P000487,321.12,5821.2
D004,2025-11-22,P000488,80.59,1999.66
D004,2025-12-09,P000488,200.78,3570.77
D004,2026-01-16,P000488,88.02,1148.53
D004,2026-02-16,P000488,166.92,2209.87
D004,2026-03-20,P000488,86.32,2086.63
D004,2026-04-20,P000488,313.92,2511.66
D004,2026-05-20,P000488,194.22,1558.76
D004,2026-06-22,P000488,144.0,2780.95
D004,2025-11-12,P000489,316.23,5318.73
D004,2025-12-24,P000489,183.79,2824.67
D004,2026-03-12,P000489,520.05,5380.15
D004,2026-05-17,P000489,232.44,5747.52
D004,2026-06-03,P000489,290.26,2869.8
D004,2025-11-04,P000490,278.95,6353.01
D004,2025-12-01,P000490,445.88,7621.24
D004,2026-01-25,P000490,271.96,5942.12
D004,2026-02-05,P000490,950.25,8744.22
D004,2026-03-10,P000490,361.03,6691.73
D004,2026-04-03,P000490,565.13,5290.22
D004,2025-12-27,P000491,134.11,1471.43
D004,2026-01-23,P000491,26.01,647.02
D004,2026-02-11,P000491,167.97,2123.47
D004,2026-03-04,P000491,63.16,1239.41
D004,2026-04-10,P000491,44.47,966.35
D004,2026-05-09,P000491,147.68,2878.61
D004,2026-06-10,P000491,195.45,1707.2
D004,2025-11-14,P000492,409.14,7786.78
D004,2025-12-23,P000492,810.64,8678.83
D004,2026-01-26,P000492,624.02,7009.92
D004,2026-02-18,P000492,670.89,10084.88
D004,2026-03-24,P000492,422.27,6741.9
D004,2026-06-20,P000492,301.46,7019.32
D004,2025-12-27,P000493,2947.51,44282.96
D004,2026-01-07,P000493,1721.69,32928.0
D004,2026-02-06,P000493,1799.22,29591.53
D004,2026-03-03,P000493,2709.74,28369.46
D004,2026-04-03,P000493,1953.9,46578.24
D004,2026-05-24,P000493,2871.92,39098.24
D004,2025-11-04,P000494,193.44,3768.64
D004,2025-12-11,P000494,210.06,3900.21
D004,2026-01-02,P000494,137.78,3441.73
D004,2026-02-18,P000494,265.62,4350.63
D004,2026-04-08,P000494,212.65,4456.03
D004,2026-05-15,P000494,163.73,3878.38
D004,2026-06-06,P000494,277.71,4402.22
D004,2025-11-12,P000495,398.98,6587.23
D004,2025-12-11,P000495,470.29,8898.71
D004,2026-02-15,P000495,343.23,7512.16
D004,2026-03-05,P000495,455.16,6346.68
D004,2026-05-03,P000495,1136.84,10752.48
D004,2026-06-13,P000495,665.37,9536.54
D004,2025-11-02,P000496,245.35,5737.35
D004,2026-01-14,P000496,280.59,4232.38
D004,2026-02-17,P000496,290.45,5128.14
D004,2026-03-25,P000496,294.1,5142.56
D004,2026-04-01,P000496,312.87,4120.19
D004,2026-05-11,P000496,565.19,5999.54
D004,2026-06-14,P000496,167.62,4045.9
D004,2025-11-15,P000497,921.5,14204.0
D004,2025-12-24,P000497,898.78,18196.85
D004,2026-01-17,P000497,1387.99,14095.23
D004,2026-02-08,P000497,2048.94,17135.11
D004,2026-03-21,P000497,578.01,13511.15
D004,2026-04-10,P000497,340.44,5387.5
D004,2026-05-25,P000497,816.78,10624.37
D004,2025-11-27,P000498,97.2,1840.78
D004,2025-12-13,P000498,209.47,2678.17
D004,2026-01-26,P000498,88.37,1015.07
D004,2026-02-13,P000498,64.97,1395.87
D004,2026-05-23,P000498,118.3,2749.63
D004,2026-06-04,P000498,97.69,2044.28
D004,2025-12-26,P000499,371.09,5354.7
D004,2026-01-22,P000499,176.04,2942.18
D004,2026-02-01,P000499,435.06,7021.75
D004,2026-03-21,P000499,192.05,4226.27
D004,2026-04-11,P000499,276.4,6770.02
D004,2026-05-26,P000499,413.97,6850.1
D004,2026-06-14,P000499,218.38,1917.47
D004,2025-11-15,P000500,2093.62,42416.97
D004,2025-12-10,P000500,2458.07,30246.04
D004,2026-01-23,P000500,1986.38,40515.18
D004,2026-02-23,P000500,4082.3,52268.14
D004,2026-03-06,P000500,1137.49,14490.23
D004,2026-04-15,P000500,1698.31,35687.32
D004,2026-05-04,P000500,3363.67,57680.87
D004,2026-06-13,P000500,1544.54,34722.47
D004,2025-11-05,P000501,293.45,4899.1
D004,2025-12-02,P000501,519.6,4818.49
D004,2026-01-02,P000501,412.16,8963.74
D004,2026-03-18,P000501,507.97,7600.93
D004,2026-04-24,P000501,524.01,12963.76
D004,2026-05-11,P000501,224.04,5195.82
D004,2026-06-26,P000501,348.53,5647.87
D004,2025-11-08,P000502,213.01,3957.26
D004,2026-01-21,P000502,130.23,1510.13
D004,2026-02-05,P000502,329.49,2716.37
D004,2026-03-21,P000502,183.84,3060.92
D004,2026-05-23,P000502,138.19,2313.73
D004,2026-06-25,P000502,139.56,2827.75
D004,2025-11-08,P000503,426.09,5743.07
D004,2025-12-02,P000503,276.83,2402.76
D004,2026-01-03,P000503,868.08,7142.01
D004,2026-03-22,P000503,148.69,3714.98
D004,2026-04-20,P000503,220.85,5088.72
D004,2026-05-20,P000503,334.1,5583.89
D004,2026-06-11,P000503,374.82,4132.3
D004,2025-11-23,P000504,10167.68,103490.13
D004,2025-12-06,P000504,7597.56,74835.16
D004,2026-01-26,P000504,2942.37,66322.85
D004,2026-02-17,P000504,6296.94,63073.62
D004,2026-03-18,P000504,5574.41,104355.86
D004,2026-05-06,P000504,3250.68,64497.32
D004,2026-06-13,P000504,8051.69,65331.14
D004,2025-11-09,P000505,893.24,8836.54
D004,2025-12-01,P000505,1193.16,9948.8
D004,2026-01-04,P000505,960.78,14224.05
D004,2026-02-27,P000505,785.04,11842.6
D004,2026-03-04,P000505,452.35,7429.86
D004,2026-04-19,P000505,354.91,7093.19
D004,2026-05-22,P000505,768.04,18735.88
D004,2026-06-08,P000505,886.6,14489.69
D004,2025-11-24,P000506,3044.68,35127.13
D004,2025-12-17,P000506,932.46,23052.66
D004,2026-01-06,P000506,1469.71,28429.91
D004,2026-02-04,P000506,1601.71,26258.08
D004,2026-03-20,P000506,853.61,20047.2
D004,2026-04-04,P000506,1350.33,31921.19
D004,2026-05-27,P000506,1346.72,31062.96
D004,2026-06-11,P000506,1496.65,21028.39
D004,2025-11-02,P000507,150.14,3636.98
D004,2025-12-08,P000507,295.15,3156.56
D004,2026-01-21,P000507,500.9,5282.27
D004,2026-02-24,P000507,346.52,3923.24
D004,2026-03-13,P000507,395.79,5711.35
D004,2026-04-03,P000507,291.39,4167.71
D004,2026-05-13,P000507,197.84,3148.45
D004,2026-06-18,P000507,244.42,3996.66
D004,2025-11-24,P000508,3048.32,32342.58
D004,2025-12-15,P000508,1448.26,20763.37
D004,2026-01-08,P000508,1537.44,22594.82
D004,2026-02-05,P000508,779.5,18361.97
D004,2026-03-27,P000508,964.7,21098.41
D004,2026-04-03,P000508,1413.53,23214.76
D004,2026-05-09,P000508,708.19,14102.77
D004,2026-06-27,P000508,798.04,16228.68
D004,2025-12-26,P000509,2061.16,36902.09
D004,2026-02-03,P000509,3277.68,37244.16
D004,2026-03-13,P000509,3221.44,62758.65
D004,2026-04-17,P000509,2812.07,47629.75
D004,2026-05-12,P000509,3311.67,76843.18
D004,2026-06-21,P000509,2394.83,56830.91
D004,2025-11-16,P000510,6711.0,102191.71
D004,2026-03-05,P000510,5319.31,123557.76
D004,2026-04-21,P000510,6934.2,116382.29
D004,2026-05-02,P000510,14463.48,116394.77
D004,2026-06-14,P000510,6035.96,105849.03
D004,2025-11-10,P000511,269.17,5102.81
D004,2025-12-22,P000511,1129.07,20362.73
D004,2026-01-19,P000511,517.61,7978.12
D004,2026-02-20,P000511,1493.09,23419.63
D004,2026-03-12,P000511,1249.25,12817.53
D004,2026-05-06,P000511,1065.03,20451.72
D004,2025-11-10,P000512,712.03,16822.55
D004,2025-12-24,P000512,1278.14,13702.83
D004,2026-01-25,P000512,438.04,10934.63
D004,2026-02-10,P000512,1466.24,11869.13
D004,2026-03-15,P000512,709.81,14880.07
D004,2026-04-14,P000512,717.39,14141.32
D004,2026-05-04,P000512,526.45,8556.42
D004,2026-06-12,P000512,1110.51,15403.46
D004,2025-11-24,P000513,297.57,5702.59
D004,2025-12-11,P000513,587.96,7249.97
D004,2026-01-03,P000513,280.31,5939.64
D004,2026-02-21,P000513,458.53,8540.75
D004,2026-03-22,P000513,156.76,3289.93
D004,2026-04-18,P000513,218.9,4744.1
D004,2026-05-24,P000513,237.46,5422.88
D004,2026-06-12,P000513,367.06,6513.85
D004,2025-12-02,P000514,1489.61,36249.62
D004,2026-01-07,P000514,779.62,15117.39
D004,2026-02-02,P000514,3374.23,39361.96
D004,2026-03-13,P000514,3590.59,46173.48
D004,2026-04-15,P000514,805.67,18713.22
D004,2026-05-25,P000514,2036.54,21696.57
D004,2026-06-09,P000514,1976.23,18337.41
D004,2025-11-25,P000515,256.39,6124.66
D004,2025-12-12,P000515,721.1,12284.54
D004,2026-02-27,P000515,1094.75,16927.25
D004,2026-03-25,P000515,466.8,7404.8
D004,2026-04-25,P000515,662.92,13962.96
D004,2026-05-21,P000515,1243.31,12887.06
D004,2026-06-15,P000515,718.52,7759.44
D004,2025-11-19,P000516,366.33,9122.96
D004,2026-01-22,P000516,510.02,5409.36
D004,2026-02-25,P000516,126.42,2151.17
D004,2026-03-08,P000516,193.03,4124.89
D004,2026-05-16,P000516,180.7,3258.0
D004,2026-06-13,P000516,129.09,3095.04
D004,2025-11-23,P000517,3837.12,42628.02
D004,2026-01-12,P000517,4044.38,90676.15
D004,2026-02-18,P000517,4158.6,66757.58
D004,2026-03-21,P000517,2947.62,69457.03
D004,2026-04-19,P000517,3395.04,61710.73
D004,2026-05-16,P000517,4352.26,63936.24
D004,2026-06-01,P000517,2509.0,61395.32
D004,2025-11-27,P000518,13449.86,141777.32
D004,2025-12-02,P000518,3258.55,78682.06
D004,2026-01-18,P000518,10139.03,107656.76
D004,2026-02-02,P000518,13479.33,132876.87
D004,2026-03-11,P000518,3116.42,63232.9
D004,2026-04-12,P000518,3534.22,69383.13
D004,2026-05-24,P000518,3741.25,90077.06
D004,2026-06-21,P000518,5811.86,105276.65
D004,2025-11-10,P000519,1769.15,29431.87
D004,2025-12-06,P000519,675.56,12736.34
D004,2026-01-22,P000519,1409.64,15229.77
D004,2026-02-27,P000519,2946.74,24651.9
D004,2026-03-15,P000519,292.37,5645.71
D004,2026-04-10,P000519,2091.84,18355.88
D004,2026-05-01,P000519,1198.48,28178.34
D004,2026-06-08,P000519,1370.84,28349.55
D004,2025-11-13,P000520,245.58,3426.16
D004,2026-01-21,P000520,215.92,4424.4
D004,2026-02-16,P000520,334.63,3479.61
D004,2026-03-02,P000520,336.49,3234.21
D004,2026-05-26,P000520,223.24,3721.47
D004,2026-06-08,P000520,205.3,3323.63
D004,2025-11-20,P000521,677.01,10058.16
D004,2026-01-13,P000521,1052.82,18575.72
D004,2026-03-19,P000521,1148.06,15543.47
D004,2026-04-01,P000521,715.53,8752.5
D004,2026-05-19,P000521,1070.07,15989.62
D004,2026-06-15,P000521,714.01,15732.18
D004,2025-11-18,P000522,3.93,59.78
D004,2026-01-26,P000522,311.9,4014.45
D004,2026-02-12,P000522,314.68,3013.19
D004,2026-03-25,P000522,139.77,3182.89
D004,2026-04-14,P000522,229.73,3874.21
D004,2026-06-24,P000522,134.51,3043.28
D004,2025-11-16,P000523,1558.25,35609.63
D004,2025-12-01,P000523,2760.4,46789.69
D004,2026-01-24,P000523,1131.92,24168.87
D004,2026-02-08,P000523,4438.12,38743.12
D004,2026-04-07,P000523,2024.57,25490.31
D004,2026-06-16,P000523,3082.34,41970.97
D004,2025-11-06,P000524,528.95,12649.85
D004,2026-01-05,P000524,537.6,12717.36
D004,2026-02-27,P000524,835.91,15101.14
D004,2026-04-05,P000524,1380.46,12533.26
D004,2026-05-02,P000524,650.68,14398.38
D004,2026-06-11,P000524,747.65,17084.97
D004,2025-11-01,P000525,73.4,1829.79
D004,2025-12-14,P000525,101.76,2491.38
D004,2026-01-04,P000525,139.25,2616.56
D004,2026-02-12,P000525,100.71,2004.51
D004,2026-03-16,P000525,248.65,5084.04
D004,2026-04-05,P000525,329.94,4621.48
D004,2026-05-15,P000525,108.74,1533.93
D004,2026-06-17,P000525,165.26,1406.32
D004,2025-11-16,P000526,435.06,4040.47
D004,2025-12-15,P000526,404.08,9897.98
D004,2026-01-06,P000526,412.37,7815.41
D004,2026-02-14,P000526,1079.57,11518.38
D004,2026-04-01,P000526,197.42,2899.7
D004,2026-06-25,P000526,785.61,8327.82
D004,2026-01-16,P000527,136.94,2938.76
D004,2026-03-14,P000527,198.41,2661.73
D004,2026-04-21,P000527,228.84,3517.79
D004,2026-05-21,P000527,274.55,3421.85
D004,2026-06-01,P000527,170.75,2534.82
D004,2025-11-15,P000528,773.19,17792.94
D004,2025-12-17,P000528,1124.01,18869.26
D004,2026-01-02,P000528,999.59,13260.77
D004,2026-02-12,P000528,485.15,8876.69
D004,2026-03-04,P000528,1385.4,18576.84
D004,2026-04-02,P000528,882.8,12433.71
D004,2026-05-22,P000528,867.71,21610.55
D004,2026-06-02,P000528,1119.78,17839.05
D004,2025-11-14,P000529,215.7,4001.98
D004,2025-12-11,P000529,256.96,4581.58
D004,2026-01-20,P000529,241.45,3090.44
D004,2026-02-13,P000529,185.73,2970.74
D004,2026-03-12,P000529,181.11,2593.49
D004,2026-04-12,P000529,399.3,3583.97
D004,2026-06-26,P000529,241.39,2645.01
D004,2025-11-27,P000530,102.43,1740.55
D004,2025-12-17,P000530,586.67,4796.5
D004,2026-02-21,P000530,384.49,4877.75
D004,2026-03-01,P000530,273.92,4614.31
D004,2026-04-27,P000530,187.93,4414.92
D004,2025-11-09,P000531,1454.97,16468.61
D004,2026-01-04,P000531,616.13,12476.12
D004,2026-02-06,P000531,2650.44,22085.91
D004,2026-03-21,P000531,673.98,6585.11
D004,2026-04-08,P000531,987.75,16407.24
D004,2026-05-12,P000531,959.06,13801.87
D004,2026-06-09,P000531,870.47,7361.52
D004,2025-12-10,P000532,531.2,5595.32
D004,2026-01-16,P000532,495.55,8878.55
D004,2026-02-13,P000532,278.68,5337.54
D004,2026-03-13,P000532,444.1,5594.48
D004,2026-04-25,P000532,611.44,6253.89
D004,2026-06-17,P000532,338.36,6288.34
D004,2025-12-15,P000533,8295.77,82692.15
D004,2026-01-21,P000533,7919.04,66119.54
D004,2026-02-06,P000533,3342.6,53480.23
D004,2026-03-12,P000533,5102.49,77357.54
D004,2026-04-20,P000533,3158.0,67886.48
D004,2026-05-20,P000533,4235.06,68893.11
D004,2025-11-11,P000534,1598.46,32919.47
D004,2025-12-19,P000534,2410.63,41636.02
D004,2026-01-06,P000534,4245.62,36015.63
D004,2026-03-16,P000534,1880.08,40671.38
D004,2026-04-01,P000534,1976.57,41469.05
D004,2026-05-14,P000534,1730.01,31847.28
D004,2026-06-26,P000534,636.83,15172.08
D004,2025-12-20,P000535,349.34,6702.25
D004,2026-01-12,P000535,360.73,7676.73
D004,2026-02-02,P000535,333.48,6273.14
D004,2026-03-03,P000535,208.68,4823.23
D004,2026-04-26,P000535,262.33,4689.04
D004,2026-05-24,P000535,429.09,4665.16
D004,2026-06-05,P000535,280.84,6240.08
D004,2025-11-27,P000536,1081.53,24756.48
D004,2025-12-02,P000536,1562.4,31153.16
D004,2026-01-10,P000536,1216.99,16909.57
D004,2026-02-08,P000536,2186.49,29687.32
D004,2026-03-16,P000536,2012.49,18173.02
D004,2026-05-08,P000536,693.0,13328.98
D004,2026-06-27,P000536,1944.41,23822.57
D004,2025-11-26,P000537,1195.58,12473.2
D004,2025-12-26,P000537,1349.95,15678.35
D004,2026-01-26,P000537,799.41,14805.61
D004,2026-02-01,P000537,800.59,16524.82
D004,2026-03-17,P000537,1722.88,25555.98
D004,2026-04-18,P000537,729.12,13353.11
D004,2026-05-26,P000537,1300.04,15971.01
D004,2026-06-07,P000537,899.7,19111.16
D004,2025-11-02,P000538,2095.08,44643.95
D004,2025-12-19,P000538,5142.96,80943.81
D004,2026-01-26,P000538,5843.65,80653.34
D004,2026-02-06,P000538,4461.79,53943.23
D004,2026-03-22,P000538,4164.75,48325.45
D004,2026-04-20,P000538,2668.11,49003.25
D004,2026-05-08,P000538,4281.78,61510.88
D004,2026-06-22,P000538,3254.01,53650.25
D004,2025-12-17,P000539,208.21,4769.72
D004,2026-01-01,P000539,408.03,7957.77
D004,2026-02-21,P000539,770.61,8080.86
D004,2026-03-16,P000539,721.91,8095.47
D004,2026-04-15,P000539,303.0,3343.58
D004,2026-05-06,P000539,245.92,4580.11
D004,2026-06-04,P000539,264.48,4553.01
D004,2025-11-23,P000540,169.7,2403.99
D004,2025-12-11,P000540,125.32,2880.85
D004,2026-02-19,P000540,262.06,2513.86
D004,2026-04-22,P000540,239.85,3433.5
D004,2026-05-27,P000540,331.68,3407.43
D004,2026-06-19,P000540,79.33,1428.07
D004,2025-11-23,P000541,3421.24,76674.01
D004,2025-12-01,P000541,6091.16,68772.98
D004,2026-02-18,P000541,7987.26,86846.59
D004,2026-04-27,P000541,10449.2,109777.38
D004,2026-05-16,P000541,10207.25,100813.01
D004,2025-11-16,P000542,550.89,5735.12
D004,2025-12-09,P000542,351.27,4225.89
D004,2026-01-05,P000542,165.99,2761.84
D004,2026-02-17,P000542,241.59,4810.28
D004,2026-03-12,P000542,297.83,3658.64
D004,2026-04-02,P000542,304.11,5878.41
D004,2026-05-25,P000542,464.93,5334.3
D004,2026-06-17,P000542,189.37,4138.52
D004,2025-11-19,P000543,1619.44,37524.51
D004,2026-01-15,P000543,1370.96,30213.24
D004,2026-04-05,P000543,4215.0,44069.64
D004,2025-12-18,P000544,1051.66,11324.21
D004,2026-01-05,P000544,594.81,9132.09
D004,2026-02-16,P000544,651.14,13188.46
D004,2026-03-03,P000544,747.87,15326.79
D004,2026-04-06,P000544,872.89,10953.12
D004,2026-05-02,P000544,1474.37,15201.5
D004,2026-06-05,P000544,388.54,4582.33
D004,2025-11-10,P000545,397.64,7159.47
D004,2025-12-22,P000545,731.71,9159.84
D004,2026-01-20,P000545,557.19,10009.71
D004,2026-02-10,P000545,377.54,8979.99
D004,2026-03-12,P000545,430.82,7876.89
D004,2026-04-13,P000545,766.27,9322.21
D004,2026-05-22,P000545,1010.38,8417.3
D004,2025-11-04,P000546,2011.44,28117.29
D004,2025-12-22,P000546,974.85,20636.39
D004,2026-02-26,P000546,979.98,21525.1
D004,2026-03-11,P000546,1603.68,35778.72
D004,2026-04-07,P000546,1006.73,16187.54
D004,2026-05-27,P000546,1616.84,31463.93
D004,2026-06-26,P000546,1433.25,16906.89
D004,2025-11-10,P000547,420.69,5538.08
D004,2025-12-07,P000547,260.57,3036.68
D004,2026-02-26,P000547,490.09,4579.2
D004,2026-03-13,P000547,235.69,5624.03
D004,2026-04-27,P000547,184.62,2939.47
D004,2026-05-18,P000547,192.04,3898.41
D004,2025-11-05,P000548,463.76,9528.03
D004,2025-12-26,P000548,583.05,9245.03
D004,2026-02-10,P000548,312.82,6641.12
D004,2026-03-02,P000548,669.53,8122.92
D004,2026-04-01,P000548,360.58,8604.17
D004,2026-05-05,P000548,598.93,8148.8
D004,2026-06-11,P000548,448.03,7775.66
D004,2025-11-24,P000549,997.55,11862.09
D004,2025-12-22,P000549,1208.28,15833.6
D004,2026-01-08,P000549,945.04,10966.72
D004,2026-02-25,P000549,610.68,9996.82
D004,2026-03-14,P000549,1130.63,12570.73
D004,2026-04-23,P000549,1930.59,16951.75
D004,2026-05-18,P000549,652.61,12823.41
D004,2025-11-14,P000550,965.99,17244.43
D004,2025-12-11,P000550,1046.58,21506.17
D004,2026-02-05,P000550,1862.09,21621.54
D004,2026-03-17,P000550,469.92,10762.46
D004,2026-04-13,P000550,460.12,8213.79
D004,2026-05-22,P000550,2179.26,33963.06
D004,2026-06-10,P000550,1833.12,27309.44
D004,2025-11-03,P000551,2902.42,34692.48
D004,2025-12-12,P000551,1415.98,27804.8
D004,2026-01-02,P000551,3310.39,34292.74
D004,2026-02-17,P000551,1775.37,27993.85
D004,2026-03-02,P000551,5313.39,49256.41
D004,2026-04-11,P000551,1597.4,33141.98
D004,2026-05-14,P000551,3951.88,36811.26
D004,2026-06-03,P000551,604.21,11391.81
D004,2025-11-05,P000552,162.54,2106.51
D004,2025-12-20,P000552,86.39,1735.55
D004,2026-02-22,P000552,245.43,4215.25
D004,2026-03-25,P000552,421.54,4766.48
D004,2026-04-20,P000552,164.45,3866.9
D004,2026-05-25,P000552,335.1,3259.17
D004,2026-06-14,P000552,181.38,4309.74
D004,2025-11-05,P000553,2075.24,35572.56
D004,2025-12-14,P000553,2350.74,37961.76
D004,2026-01-22,P000553,3557.26,51214.13
D004,2026-02-03,P000553,1432.45,34911.59
D004,2026-03-06,P000553,1279.62,30901.07
D004,2026-04-23,P000553,2292.46,35087.5
D004,2026-05-14,P000553,3947.28,43969.67
D004,2026-06-21,P000553,2052.16,38347.49
D004,2025-12-18,P000554,1452.26,17883.73
D004,2026-02-07,P000554,793.68,13121.0
D004,2026-03-11,P000554,404.27,4883.23
D004,2026-06-07,P000554,534.47,8052.98
D004,2025-11-11,P000555,939.19,14103.5
D004,2025-12-12,P000555,354.66,8665.95
D004,2026-01-07,P000555,475.32,9030.21
D004,2026-02-07,P000555,751.72,12766.08
D004,2026-03-04,P000555,1145.89,23277.43
D004,2026-04-04,P000555,1131.66,19363.5
D004,2025-11-07,P000556,257.55,6397.08
D004,2025-12-21,P000556,192.7,4616.3
D004,2026-01-21,P000556,223.74,5322.65
D004,2026-02-27,P000556,288.79,4426.57
D004,2026-04-21,P000556,649.36,5757.71
D004,2026-05-13,P000556,303.43,3784.36
D004,2025-11-24,P000557,347.39,7945.47
D004,2025-12-26,P000557,204.71,3547.61
D004,2026-01-25,P000557,401.33,5439.37
D004,2026-02-19,P000557,341.21,6707.83
D004,2026-03-24,P000557,396.32,7705.28
D004,2026-04-05,P000557,642.43,6034.31
D004,2026-05-18,P000557,242.36,3236.08
D004,2026-06-21,P000557,164.06,4068.67
D005,2025-11-10,P000558,2520.29,38344.49
D005,2025-12-07,P000558,2100.63,44059.33
D005,2026-01-24,P000558,3099.3,28309.05
D005,2026-02-12,P000558,1630.32,24117.26
D005,2026-03-18,P000558,1345.73,29808.62
D005,2026-04-01,P000558,1240.92,27806.04
D005,2026-05-26,P000558,2151.77,37634.36
D005,2026-06-14,P000558,1380.46,33877.82
D005,2025-11-07,P000559,778.69,13421.46
D005,2025-12-26,P000559,275.8,4740.9
D005,2026-02-03,P000559,609.22,14183.06
D005,2026-03-06,P000559,947.0,16189.06
D005,2026-04-17,P000559,1406.77,17539.51
D005,2026-06-07,P000559,552.67,6165.85
D005,2025-12-03,P000560,3602.87,29276.79
D005,2026-02-07,P000560,4051.92,82487.34
D005,2026-03-05,P000560,3126.48,38992.93
D005,2026-04-02,P000560,4414.66,62382.4
D005,2026-05-11,P000560,4457.88,68953.82
D005,2026-06-21,P000560,2789.42,69182.91
D005,2025-12-25,P000561,481.96,5179.22
D005,2026-01-22,P000561,320.98,4858.96
D005,2026-02-11,P000561,318.11,4405.58
D005,2026-03-21,P000561,499.33,5067.03
D005,2026-04-07,P000561,254.7,3852.02
D005,2026-05-09,P000561,368.01,3927.86
D005,2026-06-11,P000561,489.98,4855.82
D005,2025-11-10,P000562,260.32,5289.07
D005,2025-12-26,P000562,428.84,5120.0
D005,2026-01-08,P000562,434.71,4489.01
D005,2026-02-10,P000562,215.1,2884.2
D005,2026-03-19,P000562,380.41,6296.06
D005,2026-04-14,P000562,146.79,3618.74
D005,2026-05-06,P000562,344.1,2798.41
D005,2026-06-05,P000562,474.55,5210.19
D005,2025-12-26,P000563,131.65,2472.95
D005,2026-02-14,P000563,188.7,2404.87
D005,2026-03-09,P000563,94.66,2123.86
D005,2026-04-24,P000563,366.19,3252.63
D005,2026-05-03,P000563,372.05,4890.39
D005,2026-06-21,P000563,264.47,3916.72
D005,2025-11-10,P000564,315.15,6665.78
D005,2025-12-08,P000564,397.95,8027.94
D005,2026-01-10,P000564,212.59,4359.82
D005,2026-04-21,P000564,671.99,5817.85
D005,2026-05-07,P000564,316.76,7098.29
D005,2026-06-11,P000564,236.98,5249.98
D005,2025-11-02,P000565,3892.95,67901.75
D005,2025-12-15,P000565,3780.59,36701.5
D005,2026-01-04,P000565,3691.47,48132.28
D005,2026-02-12,P000565,1607.69,35774.46
D005,2026-03-23,P000565,4563.56,60287.82
D005,2026-04-09,P000565,3158.62,44346.67
D005,2026-05-07,P000565,6157.37,55705.41
D005,2026-06-01,P000565,3822.37,43892.33
D005,2026-01-14,P000566,486.74,7047.71
D005,2026-02-07,P000566,468.92,4884.37
D005,2026-04-22,P000566,810.37,7194.38
D005,2026-05-10,P000566,493.53,4614.88
D005,2026-06-13,P000566,330.57,6853.47
D005,2025-11-18,P000567,333.0,4643.35
D005,2025-12-06,P000567,710.47,6232.81
D005,2026-01-13,P000567,185.0,3946.49
D005,2026-02-02,P000567,165.14,3920.46
D005,2026-03-08,P000567,355.78,6139.2
D005,2026-04-16,P000567,315.68,4158.56
D005,2026-05-14,P000567,319.46,6565.8
D005,2026-06-13,P000567,280.1,5126.01
D005,2025-11-13,P000568,551.94,8518.27
D005,2025-12-08,P000568,788.27,7337.01
D005,2026-01-27,P000568,744.87,8969.94
D005,2026-02-22,P000568,379.47,7669.84
D005,2026-03-05,P000568,329.45,4491.93
D005,2026-05-12,P000568,451.76,7159.92
D005,2026-06-13,P000568,399.43,9068.31
D005,2025-11-13,P000569,3939.32,54274.36
D005,2026-01-27,P000569,2024.08,44138.8
D005,2026-02-07,P000569,7958.56,81142.09
D005,2026-03-06,P000569,4051.86,83348.01
D005,2026-04-22,P000569,3490.36,52569.86
D005,2026-05-07,P000569,3733.77,67881.43
D005,2026-06-13,P000569,3634.03,71850.99
D005,2025-11-01,P000570,279.64,6442.3
D005,2025-12-11,P000570,564.15,8685.37
D005,2026-01-10,P000570,410.28,7161.69
D005,2026-02-27,P000570,964.68,9065.37
D005,2026-03-22,P000570,206.61,2565.22
D005,2026-04-27,P000570,431.36,8539.6
D005,2026-05-22,P000570,427.79,8838.5
D005,2026-06-19,P000570,341.36,6988.17
D005,2025-11-08,P000571,253.17,5365.07
D005,2025-12-12,P000571,265.5,3562.77
D005,2026-01-01,P000571,221.49,2211.34
D005,2026-02-22,P000571,395.44,7233.7
D005,2026-03-02,P000571,305.67,4405.5
D005,2026-05-05,P000571,380.71,5295.72
D005,2026-06-19,P000571,395.99,6031.0
D005,2025-11-26,P000572,698.41,11001.3
D005,2026-01-26,P000572,1263.19,16812.17
D005,2026-02-17,P000572,794.04,10019.09
D005,2026-03-26,P000572,1014.2,22458.1
D005,2026-04-22,P000572,684.42,16175.7
D005,2026-05-10,P000572,1414.27,22306.91
D005,2025-11-26,P000573,306.12,2979.11
D005,2025-12-02,P000573,420.97,6041.81
D005,2026-01-20,P000573,314.16,5840.76
D005,2026-02-22,P000573,404.65,3349.58
D005,2026-03-10,P000573,296.63,3716.4
D005,2026-04-19,P000573,92.41,2180.42
D005,2026-05-03,P000573,210.46,3059.35
D005,2026-06-19,P000573,147.49,3530.43
D005,2025-11-11,P000574,360.06,6431.11
D005,2025-12-15,P000574,433.15,7964.74
D005,2026-01-19,P000574,441.33,5150.92
D005,2026-03-05,P000574,277.99,4879.84
D005,2026-04-26,P000574,490.13,8004.7
D005,2026-05-02,P000574,383.97,3966.82
D005,2025-11-27,P000575,202.84,4830.36
D005,2025-12-21,P000575,230.77,3886.97
D005,2026-01-03,P000575,364.51,4782.72
D005,2026-02-13,P000575,287.78,3612.63
D005,2026-03-21,P000575,178.73,2697.98
D005,2026-04-12,P000575,366.04,6108.94
D005,2026-05-01,P000575,271.99,6499.57
D005,2026-06-16,P000575,33.85,637.3
D005,2025-11-01,P000576,1975.35,42544.16
D005,2026-01-10,P000576,3428.25,36241.75
D005,2026-02-03,P000576,3477.37,28502.11
D005,2026-03-25,P000576,3679.55,35173.6
D005,2026-04-09,P000576,1491.69,26012.68
D005,2026-05-10,P000576,1269.08,12691.79
D005,2026-06-08,P000576,1517.25,31532.39
D005,2025-12-09,P000577,327.67,8118.45
D005,2026-01-11,P000577,369.6,7731.31
D005,2026-03-20,P000577,602.09,8886.96
D005,2026-04-06,P000577,956.7,9746.29
D005,2026-05-15,P000577,638.1,8283.14
D005,2026-06-04,P000577,360.14,8795.39
D005,2025-12-25,P000578,130.91,1728.47
D005,2026-01-25,P000578,197.03,2375.31
D005,2026-02-20,P000578,181.47,3119.72
D005,2026-03-22,P000578,183.65,1860.66
D005,2026-04-22,P000578,125.27,2439.83
D005,2026-05-01,P000578,125.14,2479.51
D005,2026-06-23,P000578,167.71,1990.06
D005,2025-11-26,P000579,123.12,2518.11
D005,2025-12-09,P000579,231.29,4213.15
D005,2026-01-18,P000579,148.67,3239.17
D005,2026-02-14,P000579,339.81,5122.05
D005,2026-03-09,P000579,216.26,3607.74
D005,2026-04-18,P000579,265.44,3635.61
D005,2026-05-27,P000579,238.64,2847.11
D005,2026-06-27,P000579,436.62,3953.63
D005,2025-11-09,P000580,744.29,10093.01
D005,2025-12-09,P000580,340.79,3089.76
D005,2026-01-21,P000580,817.26,10936.58
D005,2026-02-04,P000580,967.98,12048.65
D005,2026-03-14,P000580,589.36,9633.07
D005,2026-04-02,P000580,496.67,12225.15
D005,2026-06-20,P000580,812.75,12160.06
D005,2025-11-24,P000581,518.4,9315.51
D005,2025-12-15,P000581,915.04,10229.27
D005,2026-01-23,P000581,400.08,5899.72
D005,2026-02-09,P000581,732.94,8649.42
D005,2026-03-05,P000581,284.97,5850.04
D005,2026-04-19,P000581,455.52,10467.06
D005,2026-05-22,P000581,384.18,6878.21
D005,2025-11-04,P000582,342.63,4453.12
D005,2025-12-17,P000582,75.85,1758.69
D005,2026-01-18,P000582,170.52,3300.18
D005,2026-02-22,P000582,121.48,2793.48
D005,2026-03-05,P000582,345.0,3161.9
D005,2026-04-10,P000582,313.32,3034.24
D005,2026-05-01,P000582,223.28,3158.76
D005,2026-06-14,P000582,148.97,2709.32
D005,2025-12-11,P000583,240.93,4555.89
D005,2026-01-26,P000583,399.14,4257.27
D005,2026-02-23,P000583,190.1,4548.93
D005,2026-03-19,P000583,191.79,4480.72
D005,2026-04-27,P000583,151.6,3068.16
D005,2026-05-14,P000583,266.62,3613.99
D005,2026-06-16,P000583,172.84,2814.19
D005,2025-11-22,P000584,415.39,6277.49
D005,2025-12-13,P000584,720.79,17348.27
D005,2026-01-08,P000584,774.64,13396.69
D005,2026-02-13,P000584,785.69,16955.54
D005,2026-03-14,P000584,889.06,15227.01
D005,2026-04-15,P000584,1038.41,17153.13
D005,2026-05-05,P000584,785.4,18814.37
D005,2026-06-08,P000584,845.26,18838.69
D005,2025-11-03,P000585,409.92,6698.59
D005,2025-12-05,P000585,1098.92,10854.28
D005,2026-03-25,P000585,802.96,15859.36
D005,2026-04-16,P000585,671.02,14071.39
D005,2026-05-01,P000585,550.21,8519.37
D005,2025-11-23,P000586,681.21,9596.53
D005,2025-12-10,P000586,1909.21,15985.46
D005,2026-01-12,P000586,1111.72,18055.06
D005,2026-02-09,P000586,614.04,10397.26
D005,2026-03-26,P000586,1050.35,13766.46
D005,2026-04-12,P000586,1036.58,23865.11
D005,2026-05-24,P000586,1962.18,31557.12
D005,2026-06-12,P000586,768.13,13890.78
D005,2025-11-18,P000587,3917.71,32290.86
D005,2025-12-09,P000587,2321.48,25592.6
D005,2026-01-11,P000587,2313.47,24674.42
D005,2026-02-19,P000587,1118.72,25223.07
D005,2026-03-08,P000587,1421.24,26544.45
D005,2026-04-27,P000587,1554.89,17203.58
D005,2026-05-01,P000587,1564.63,22372.93
D005,2026-06-06,P000587,2833.0,39771.99
D005,2025-11-21,P000588,735.77,6053.93
D005,2025-12-23,P000588,252.14,5261.77
D005,2026-02-24,P000588,255.54,5993.39
D005,2026-03-20,P000588,150.09,3241.54
D005,2026-04-03,P000588,249.94,5570.42
D005,2026-05-15,P000588,366.66,6598.45
D005,2026-06-23,P000588,239.58,3681.57
D005,2025-11-24,P000589,1205.59,13668.87
D005,2025-12-10,P000589,479.78,8059.7
D005,2026-01-02,P000589,947.89,14338.09
D005,2026-02-11,P000589,563.29,7396.86
D005,2026-06-12,P000589,654.6,10388.25
D005,2025-11-18,P000590,777.21,12769.39
D005,2026-01-16,P000590,662.1,13308.81
D005,2026-02-08,P000590,586.9,13229.33
D005,2026-03-22,P000590,497.32,9754.64
D005,2026-04-12,P000590,809.86,11989.79
D005,2026-05-01,P000590,1432.84,13366.94
D005,2026-06-01,P000590,1403.89,12918.39
D005,2025-11-14,P000591,448.7,6544.38
D005,2025-12-14,P000591,246.1,4960.0
D005,2026-01-16,P000591,135.95,2899.44
D005,2026-02-10,P000591,226.13,4847.62
D005,2026-04-04,P000591,244.76,5698.85
D005,2026-06-24,P000591,248.5,3051.27
D005,2025-11-08,P000592,4057.77,35952.4
D005,2025-12-03,P000592,3183.05,53985.01
D005,2026-01-03,P000592,870.85,18724.76
D005,2026-02-20,P000592,3703.64,52582.49
D005,2026-03-19,P000592,2668.38,63470.05
D005,2026-04-19,P000592,5483.51,62001.35
D005,2026-05-06,P000592,3591.08,65586.35
D005,2026-06-03,P000592,1773.95,40526.31
D005,2025-11-16,P000593,552.76,10829.58
D005,2025-12-15,P000593,273.21,3397.5
D005,2026-01-27,P000593,887.48,11868.74
D005,2026-02-26,P000593,478.35,10565.54
D005,2026-03-19,P000593,509.99,10907.68
D005,2026-05-24,P000593,1444.21,12436.74
D005,2026-06-19,P000593,884.7,7242.68
D005,2025-11-02,P000594,540.53,5767.95
D005,2025-12-21,P000594,103.71,2540.5
D005,2026-01-05,P000594,333.55,5663.89
D005,2026-02-05,P000594,461.13,4344.27
D005,2026-03-19,P000594,374.98,4233.7
D005,2026-05-05,P000594,238.26,3595.11
D005,2026-06-08,P000594,504.17,4033.56
D005,2025-11-23,P000595,162.75,2702.92
D005,2025-12-09,P000595,192.9,3277.22
D005,2026-01-17,P000595,144.0,3327.3
D005,2026-02-11,P000595,126.02,2412.91
D005,2026-03-17,P000595,83.33,2002.17
D005,2026-04-15,P000595,154.88,3267.72
D005,2026-05-25,P000595,208.17,4074.22
D005,2026-06-12,P000595,249.35,4484.93
D005,2025-11-18,P000596,476.04,6238.49
D005,2025-12-07,P000596,251.21,5673.88
D005,2026-01-13,P000596,162.91,3613.29
D005,2026-02-09,P000596,401.76,4566.32
D005,2026-03-01,P000596,201.58,4214.42
D005,2026-04-23,P000596,189.7,4700.51
D005,2026-05-18,P000596,279.23,5033.24
D005,2026-06-15,P000596,235.92,3104.85
D005,2025-11-20,P000597,156.19,2780.37
D005,2025-12-25,P000597,141.62,2509.35
D005,2026-01-12,P000597,244.75,4825.22
D005,2026-02-03,P000597,220.42,3926.12
D005,2026-03-09,P000597,195.42,3042.8
D005,2026-04-07,P000597,212.89,5299.23
D005,2026-05-11,P000597,218.95,4588.89
D005,2025-11-23,P000598,303.61,7247.87
D005,2025-12-27,P000598,584.1,9015.1
D005,2026-01-21,P000598,888.56,12751.9
D005,2026-02-16,P000598,980.87,11674.42
D005,2026-03-14,P000598,575.12,10454.03
D005,2026-04-15,P000598,560.92,12554.18
D005,2026-05-03,P000598,373.64,7518.3
D005,2026-06-05,P000598,809.14,13164.89
D005,2025-11-14,P000599,108.96,1640.38
D005,2025-12-17,P000599,147.61,1479.25
D005,2026-01-06,P000599,89.61,1986.42
D005,2026-02-06,P000599,151.26,2848.19
D005,2026-03-10,P000599,148.97,1372.29
D005,2026-04-19,P000599,107.67,1401.22
D005,2026-05-11,P000599,88.18,2180.03
D005,2026-06-01,P000599,111.89,1157.93
D005,2025-11-17,P000600,329.97,4946.33
D005,2025-12-23,P000600,338.86,4145.62
D005,2026-01-18,P000600,316.66,7035.08
D005,2026-02-02,P000600,145.24,3490.52
D005,2026-03-10,P000600,184.62,3639.79
D005,2026-04-24,P000600,221.59,3127.25
D005,2026-05-18,P000600,274.95,6009.36
D005,2026-06-04,P000600,292.3,6785.86
D005,2025-11-08,P000601,129.15,2128.46
D005,2025-12-15,P000601,551.83,5413.61
D005,2026-01-03,P000601,290.3,6479.3
D005,2026-02-14,P000601,237.82,5067.02
D005,2026-03-26,P000601,372.29,4936.49
D005,2026-04-25,P000601,651.49,6819.14
D005,2026-05-22,P000601,151.87,2748.77
D005,2026-06-16,P000601,66.73,1531.27
D005,2025-12-01,P000602,386.49,6792.38
D005,2026-01-26,P000602,348.1,7723.19
D005,2026-03-05,P000602,405.54,7438.47
D005,2026-04-21,P000602,705.43,12012.04
D005,2026-05-04,P000602,493.88,7216.59
D005,2026-06-22,P000602,644.67,8517.27
D005,2025-11-10,P000603,2090.67,51513.21
D005,2025-12-14,P000603,3280.86,77470.48
D005,2026-01-19,P000603,3879.46,52725.01
D005,2026-02-07,P000603,6913.9,126142.47
D005,2026-03-13,P000603,13498.11,119087.84
D005,2026-04-10,P000603,3794.56,76468.8
D005,2026-05-27,P000603,2817.2,64974.49
D005,2026-06-26,P000603,5467.85,65788.98
D005,2025-11-02,P000604,2319.14,51677.87
D005,2025-12-20,P000604,4210.59,42063.83
D005,2026-01-01,P000604,1318.79,26592.27
D005,2026-02-03,P000604,1796.61,31693.21
D005,2026-03-14,P000604,4953.35,39996.66
D005,2026-04-09,P000604,3171.96,37641.99
D005,2026-05-16,P000604,1179.97,22462.87
D005,2026-06-09,P000604,1025.01,24801.94
D005,2025-11-18,P000605,2001.82,17621.38
D005,2025-12-03,P000605,1493.01,16625.62
D005,2026-01-07,P000605,1479.2,22027.54
D005,2026-02-15,P000605,1066.76,16868.15
D005,2026-03-22,P000605,1348.72,16240.27
D005,2026-04-24,P000605,2599.67,32968.76
D005,2026-05-12,P000605,951.84,21407.18
D005,2026-06-17,P000605,1470.19,18748.7
D005,2025-11-14,P000606,131.51,3024.31
D005,2026-04-20,P000606,331.95,3587.55
D005,2026-05-18,P000606,404.81,3842.98
D005,2026-06-23,P000606,183.61,2828.66
D005,2025-11-18,P000607,238.73,4365.16
D005,2025-12-09,P000607,177.12,3165.49
D005,2026-01-01,P000607,898.79,7280.46
D005,2026-02-25,P000607,135.49,3378.74
D005,2026-03-09,P000607,286.02,5818.72
D005,2026-04-12,P000607,251.83,5413.47
D005,2025-11-12,P000608,397.85,5855.86
D005,2025-12-24,P000608,217.93,4650.96
D005,2026-01-11,P000608,290.72,6332.43
D005,2026-02-07,P000608,600.89,6848.78
D005,2026-04-22,P000608,437.14,3809.66
D005,2026-05-22,P000608,273.6,6666.17
D005,2026-06-27,P000608,267.44,2560.73
D005,2026-01-24,P000609,48.25,1165.8
D005,2026-02-21,P000609,141.51,2180.26
D005,2026-03-14,P000609,159.6,3008.21
D005,2026-04-03,P000609,105.77,2378.98
D005,2026-05-12,P000609,115.84,2687.0
D005,2026-06-03,P000609,243.21,3200.77
D005,2025-11-09,P000610,103.49,1625.83
D005,2025-12-01,P000610,213.39,3230.08
D005,2026-02-03,P000610,211.14,5026.78
D005,2026-03-07,P000610,298.35,5151.11
D005,2026-04-23,P000610,306.04,5707.76
D005,2026-06-16,P000610,380.22,4708.22
D005,2025-11-19,P000611,115.28,2601.01
D005,2026-01-02,P000611,269.89,6528.52
D005,2026-02-14,P000611,367.36,6894.78
D005,2026-03-03,P000611,589.76,8113.66
D005,2026-04-25,P000611,282.28,6386.85
D005,2026-05-05,P000611,284.39,5246.39
D005,2026-06-06,P000611,509.06,5406.43
D005,2025-11-27,P000612,408.37,7137.83
D005,2025-12-08,P000612,371.84,9247.59
D005,2026-01-23,P000612,432.05,8808.04
D005,2026-02-05,P000612,485.01,7014.85
D005,2026-04-23,P000612,927.01,8911.91
D005,2026-05-23,P000612,964.86,9410.4
D005,2025-12-05,P000613,280.75,4077.41
D005,2026-01-21,P000613,302.11,3597.19
D005,2026-03-22,P000613,226.63,2758.82
D005,2026-04-13,P000613,77.83,1938.85
D005,2026-06-26,P000613,199.57,3909.46
D005,2025-12-18,P000614,127.71,1671.99
D005,2026-01-09,P000614,102.92,1692.37
D005,2026-02-02,P000614,124.31,2851.57
D005,2026-04-03,P000614,114.4,2824.01
D005,2026-05-26,P000614,94.99,1735.67
D005,2026-06-24,P000614,180.25,2462.77
D005,2025-12-10,P000615,1004.02,8157.43
D005,2026-01-23,P000615,459.36,7063.1
D005,2026-03-06,P000615,442.93,9601.91
D005,2026-04-22,P000615,325.59,6522.34
D005,2026-05-17,P000615,361.46,7873.43
D005,2026-06-24,P000615,494.49,11854.26
D005,2025-11-24,P000616,1346.07,23918.32
D005,2025-12-16,P000616,1904.46,39090.91
D005,2026-01-16,P000616,1621.4,29397.05
D005,2026-02-23,P000616,1943.1,18282.79
D005,2026-03-20,P000616,2180.52,23718.37
D005,2026-04-26,P000616,2378.52,19606.64
D005,2026-05-25,P000616,3664.31,32864.29
D005,2026-06-04,P000616,1787.91,28558.23
D005,2025-12-03,P000617,1520.6,34537.61
D005,2026-02-27,P000617,4172.34,75553.37
D005,2026-03-24,P000617,2866.19,53564.23
D005,2026-04-09,P000617,3542.15,41350.36
D005,2026-05-11,P000617,3044.56,39678.24
D005,2026-06-25,P000617,3770.08,45613.09
D005,2025-11-09,P000618,472.55,6193.6
D005,2025-12-09,P000618,196.07,4415.32
D005,2026-01-13,P000618,268.13,4346.4
D005,2026-02-12,P000618,93.11,2321.44
D005,2026-03-16,P000618,99.21,2400.03
D005,2026-05-14,P000618,382.92,4054.53
D005,2026-06-23,P000618,328.44,4441.02
D005,2025-12-26,P000619,208.52,4186.51
D005,2026-01-18,P000619,373.66,3632.36
D005,2026-02-17,P000619,140.92,2820.5
D005,2026-03-26,P000619,129.83,2647.96
D005,2026-05-09,P000619,112.18,2356.72
D005,2026-06-23,P000619,278.56,3986.21
D005,2025-11-05,P000620,422.8,5125.39
D005,2025-12-05,P000620,252.01,5765.87
D005,2026-01-01,P000620,640.91,5165.95
D005,2026-02-12,P000620,443.74,10403.3
D005,2026-03-18,P000620,272.26,5443.28
D005,2026-04-05,P000620,358.17,5549.03
D005,2026-06-17,P000620,712.3,8233.15
D005,2025-11-09,P000621,1024.04,8925.92
D005,2025-12-27,P000621,320.5,7475.3
D005,2026-01-06,P000621,665.99,12266.46
D005,2026-02-14,P000621,1368.71,17610.77
D005,2026-04-05,P000621,664.79,9989.51
D005,2026-05-23,P000621,1193.29,18145.41
D005,2026-06-04,P000621,549.82,13077.1
D005,2025-11-14,P000622,622.85,7946.88
D005,2025-12-19,P000622,528.75,9841.33
D005,2026-01-15,P000622,215.83,4062.97
D005,2026-02-02,P000622,659.89,8986.03
D005,2026-03-05,P000622,313.61,2546.1
D005,2026-04-17,P000622,883.14,10943.99
D005,2026-05-09,P000622,341.05,8304.11
D005,2026-06-09,P000622,475.72,6376.71
D005,2025-11-10,P000623,678.38,13030.04
D005,2025-12-09,P000623,225.49,4167.45
D005,2026-01-18,P000623,353.16,8571.6
D005,2026-02-18,P000623,305.93,7411.22
D005,2026-03-23,P000623,631.05,9090.03
D005,2026-04-22,P000623,398.02,4728.52
D005,2026-05-01,P000623,499.85,7158.85
D005,2026-06-08,P000623,434.09,8924.26
D005,2025-12-07,P000624,4123.76,41470.51
D005,2026-01-07,P000624,2190.27,46210.52
D005,2026-02-21,P000624,2306.03,52094.08
D005,2026-04-12,P000624,2382.35,50625.36
D005,2026-05-16,P000624,3368.83,31060.68
D005,2026-06-14,P000624,3581.46,38482.31
D005,2025-11-11,P000625,1202.79,13156.61
D005,2025-12-23,P000625,1701.9,21236.22
D005,2026-01-23,P000625,1602.12,23658.77
D005,2026-02-25,P000625,2364.56,24337.36
D005,2026-03-03,P000625,2000.31,18656.43
D005,2026-04-23,P000625,2133.07,23731.6
D005,2026-05-12,P000625,1296.68,22314.35
D005,2026-06-17,P000625,1310.95,12026.03
D005,2025-11-02,P000626,560.12,5662.03
D005,2025-12-13,P000626,496.13,9289.41
D005,2026-01-16,P000626,316.68,3578.61
D005,2026-02-08,P000626,227.36,5467.81
D005,2026-04-27,P000626,266.47,5885.03
D005,2026-05-08,P000626,651.86,7280.74
D005,2026-06-08,P000626,422.61,8050.54
D005,2025-11-26,P000627,2324.68,48603.17
D005,2026-01-07,P000627,5181.33,69973.86
D005,2026-04-08,P000627,3062.22,43038.45
D005,2026-05-16,P000627,3342.76,67490.69
D005,2026-06-20,P000627,7580.85,111167.27
D005,2025-11-20,P000628,586.77,11849.82
D005,2026-01-21,P000628,360.45,5993.29
D005,2026-05-04,P000628,257.63,2998.15
D005,2026-06-25,P000628,460.33,8234.27
D005,2025-11-24,P000629,2287.74,46814.02
D005,2025-12-26,P000629,4129.63,78205.13
D005,2026-01-06,P000629,8545.18,72951.56
D005,2026-02-14,P000629,3850.08,51026.93
D005,2026-03-07,P000629,6266.28,65371.21
D005,2026-04-15,P000629,5743.23,92039.06
D005,2026-05-26,P000629,1743.19,33886.12
D005,2026-06-15,P000629,4714.82,63352.37
D005,2025-12-14,P000630,1459.45,36268.47
D005,2026-01-17,P000630,3945.53,54120.78
D005,2026-02-09,P000630,2137.34,25842.87
D005,2026-03-23,P000630,3050.28,26277.91
D005,2026-05-01,P000630,5236.19,48449.2
D005,2026-06-24,P000630,4952.42,42649.06
D005,2025-11-26,P000631,703.89,13188.12
D005,2026-01-27,P000631,1224.71,12586.89
D005,2026-02-12,P000631,913.96,14086.78
D005,2026-03-03,P000631,419.99,10475.39
D005,2026-04-04,P000631,928.01,12741.91
D005,2026-05-02,P000631,860.28,7723.09
D005,2026-06-08,P000631,482.6,10644.06
D005,2025-12-16,P000632,5414.25,49902.86
D005,2026-01-18,P000632,2056.43,46793.18
D005,2026-02-19,P000632,2617.3,63465.63
D005,2026-03-13,P000632,2219.37,42961.92
D005,2026-04-01,P000632,1048.36,24450.22
D005,2026-05-14,P000632,2013.18,42032.08
D005,2026-06-05,P000632,1997.4,26958.02
D005,2025-11-19,P000633,1247.53,20969.42
D005,2025-12-19,P000633,1860.15,28733.46
D005,2026-01-16,P000633,1677.26,29802.14
D005,2026-02-12,P000633,1719.12,33237.85
D005,2026-03-04,P000633,763.87,16659.95
D005,2026-04-15,P000633,2417.23,25142.59
D005,2026-05-22,P000633,1996.39,24283.38
D005,2026-06-17,P000633,1590.79,28584.65
D005,2025-11-19,P000634,126.33,2857.67
D005,2025-12-10,P000634,439.48,5190.64
D005,2026-01-01,P000634,308.7,6220.14
D005,2026-04-17,P000634,210.71,4746.44
D005,2026-05-27,P000634,281.1,3005.76
D005,2026-06-19,P000634,402.9,6671.03
D005,2025-11-09,P000635,100.51,1593.38
D005,2025-12-11,P000635,354.47,4840.27
D005,2026-02-22,P000635,403.39,3964.29
D005,2026-03-10,P000635,264.69,2763.59
D005,2026-04-25,P000635,403.94,5241.85
D005,2026-05-18,P000635,152.75,3415.0
D005,2026-06-04,P000635,193.5,4757.34
D005,2025-11-19,P000636,980.59,7908.26
D005,2025-12-12,P000636,481.13,8947.88
D005,2026-01-13,P000636,823.69,7185.56
D005,2026-02-26,P000636,431.65,4574.36
D005,2026-03-27,P000636,666.83,5811.27
D005,2026-04-05,P000636,496.16,9326.76
D005,2026-05-19,P000636,319.83,5594.66
D005,2025-11-14,P000637,1386.82,28896.24
D005,2025-12-21,P000637,1861.43,20435.73
D005,2026-01-26,P000637,1124.53,14535.82
D005,2026-02-04,P000637,1165.18,28710.73
D005,2026-03-01,P000637,1334.11,26156.99
D005,2026-04-16,P000637,853.47,16784.99
D005,2026-05-16,P000637,1318.15,18790.78
D005,2026-06-10,P000637,1846.34,26573.06
D005,2025-11-27,P000638,233.16,2457.78
D005,2025-12-24,P000638,206.83,4061.45
D005,2026-01-04,P000638,421.8,5087.73
D005,2026-02-16,P000638,127.79,1818.75
D005,2026-03-21,P000638,385.78,4767.87
D005,2026-04-21,P000638,395.28,3527.88
D005,2026-05-16,P000638,434.03,5467.54
D005,2026-06-01,P000638,246.92,2263.07
D005,2025-11-25,P000639,6537.44,57672.02
D005,2025-12-25,P000639,3661.31,82910.57
D005,2026-01-22,P000639,4084.85,90271.64
D005,2026-02-04,P000639,4325.6,98396.16
D005,2026-03-01,P000639,6005.62,90351.32
D005,2026-04-21,P000639,9579.4,82379.56
D005,2026-05-17,P000639,6050.54,88037.39
D005,2025-11-19,P000640,2602.31,61201.32
D005,2025-12-10,P000640,2935.97,38536.97
D005,2026-01-21,P000640,4485.76,44776.97
D005,2026-02-23,P000640,1841.81,29713.43
D005,2026-03-19,P000640,1457.38,28600.95
D005,2026-04-06,P000640,1143.69,19423.54
D005,2026-05-20,P000640,3703.55,63466.74
D005,2026-06-02,P000640,5688.58,59120.08
D005,2025-11-25,P000641,455.5,11145.89
D005,2025-12-27,P000641,1050.61,19814.27
D005,2026-01-25,P000641,522.98,12337.84
D005,2026-02-20,P000641,633.09,15692.68
D005,2026-03-20,P000641,1162.06,10078.33
D005,2026-04-23,P000641,540.79,12316.21
D005,2026-05-24,P000641,552.6,11882.39
D005,2026-06-20,P000641,1104.0,10991.37
D005,2025-11-23,P000642,133.43,2462.49
D005,2025-12-02,P000642,346.44,7854.62
D005,2026-01-15,P000642,392.67,3818.28
D005,2026-02-03,P000642,744.93,6631.3
D005,2026-03-06,P000642,375.62,5712.73
D005,2026-04-08,P000642,496.06,6630.62
D005,2026-05-05,P000642,344.26,7148.49
D005,2026-06-02,P000642,312.74,7462.5
D005,2025-11-22,P000643,1153.47,22805.6
D005,2026-01-17,P000643,1823.45,16956.22
D005,2026-02-10,P000643,1282.63,10307.19
D005,2026-03-06,P000643,1616.86,16402.3
D005,2026-04-09,P000643,657.25,14605.74
D005,2026-05-19,P000643,813.13,16080.04
D005,2026-06-02,P000643,1152.12,25542.7
D005,2025-11-08,P000644,3017.97,66345.02
D005,2025-12-18,P000644,4120.92,37648.44
D005,2026-01-11,P000644,3277.31,77894.96
D005,2026-02-27,P000644,2203.43,44093.23
D005,2026-03-17,P000644,4257.93,85723.89
D005,2026-04-17,P000644,3089.47,72588.85
D005,2026-05-18,P000644,3908.5,48957.35
D005,2026-06-13,P000644,2432.3,36766.02
D005,2025-11-24,P000645,505.12,5416.52
D005,2026-01-08,P000645,306.72,7193.64
D005,2026-02-16,P000645,180.5,3303.22
D005,2026-03-22,P000645,455.64,5384.95
D005,2026-04-03,P000645,593.93,5851.36
D005,2026-05-17,P000645,367.42,6601.92
D005,2026-06-24,P000645,265.23,5695.13
D005,2026-01-25,P000646,171.51,2089.87
D005,2026-02-09,P000646,272.03,4446.57
D005,2026-03-10,P000646,266.25,2540.59
D005,2026-04-20,P000646,151.55,1937.39
D005,2026-05-23,P000646,166.19,3889.67
D005,2026-06-09,P000646,146.4,3228.2
D005,2025-12-04,P000647,2119.03,21531.44
D005,2026-01-25,P000647,1377.76,26835.41
D005,2026-03-08,P000647,960.53,15182.75
D005,2026-04-12,P000647,2338.25,24070.34
D005,2026-05-24,P000647,537.59,13033.57
D005,2026-06-16,P000647,1074.29,18204.72
D005,2025-11-15,P000648,936.91,22508.47
D005,2026-01-03,P000648,1452.44,14637.06
D005,2026-02-15,P000648,1025.33,8848.03
D005,2026-03-19,P000648,618.46,14574.21
D005,2026-04-16,P000648,667.4,9789.96
D005,2026-05-04,P000648,1167.83,18451.4
D005,2026-06-26,P000648,750.67,16553.94
D005,2025-11-23,P000649,2367.9,43417.17
D005,2025-12-14,P000649,3353.02,73142.3
D005,2026-01-02,P000649,1809.1,40790.33
D005,2026-02-17,P000649,2626.15,60208.01
D005,2026-03-03,P000649,3208.23,46637.94
D005,2026-05-14,P000649,6133.08,51424.13
D005,2025-11-14,P000650,543.36,6234.11
D005,2025-12-12,P000650,284.48,6368.96
D005,2026-01-22,P000650,362.28,5816.91
D005,2026-02-02,P000650,301.37,5964.37
D005,2026-04-02,P000650,192.56,4361.77
D005,2026-05-21,P000650,209.29,3154.29
D005,2026-06-08,P000650,423.3,8579.48
D005,2025-11-07,P000651,995.48,24353.65
D005,2025-12-27,P000651,567.12,12504.61
D005,2026-02-21,P000651,1278.91,17294.85
D005,2026-03-01,P000651,632.54,13697.33
D005,2026-05-26,P000651,591.16,10515.41
D005,2026-06-01,P000651,1327.25,18803.14
D005,2025-11-26,P000652,1114.52,22858.54
D005,2025-12-03,P000652,969.84,23769.87
D005,2026-01-03,P000652,718.78,15243.33
D005,2026-02-11,P000652,1724.28,28126.39
D005,2026-03-23,P000652,3740.49,30619.95
D005,2026-04-13,P000652,1136.56,25779.9
D005,2026-05-08,P000652,771.66,18829.47
D005,2026-06-16,P000652,1705.14,18332.3
D005,2025-11-13,P000653,231.07,5167.59
D005,2025-12-02,P000653,252.96,6298.49
D005,2026-01-16,P000653,401.63,5415.35
D005,2026-02-19,P000653,435.26,7232.52
D005,2026-03-13,P000653,782.68,6985.58
D005,2026-04-15,P000653,274.25,5880.98
D005,2026-05-03,P000653,311.05,5032.79
D005,2026-06-03,P000653,323.65,3120.04
D005,2025-11-14,P000654,2009.53,37883.76
D005,2025-12-18,P000654,2967.15,57187.95
D005,2026-02-09,P000654,1627.38,40421.97
D005,2026-03-05,P000654,2052.71,37047.41
D005,2026-04-16,P000654,1849.76,30270.4
D005,2026-05-22,P000654,720.93,15422.52
D005,2026-06-10,P000654,1318.17,25831.53
D005,2025-11-03,P000655,268.22,4315.82
D005,2025-12-04,P000655,568.49,6074.87
D005,2026-01-20,P000655,346.92,3032.42
D005,2026-02-01,P000655,496.15,8562.89
D005,2026-04-16,P000655,148.58,3510.41
D005,2026-05-14,P000655,199.64,3759.69
D005,2025-12-27,P000656,67.78,1060.81
D005,2026-01-08,P000656,113.89,2119.11
D005,2026-03-12,P000656,112.12,1536.91
D005,2026-04-07,P000656,79.77,1826.09
D005,2026-05-01,P000656,113.87,2095.0
D005,2026-06-17,P000656,224.75,1900.2
D005,2025-12-19,P000657,416.31,5733.46
D005,2026-01-15,P000657,263.16,3392.48
D005,2026-02-23,P000657,348.85,3415.02
D005,2026-03-05,P000657,136.66,3414.85
D005,2026-04-08,P000657,175.77,3757.36
D005,2026-05-02,P000657,273.08,4643.02
D005,2026-06-18,P000657,390.23,5574.48
D005,2025-11-26,P000658,864.75,18384.16
D005,2025-12-22,P000658,830.36,16200.05
D005,2026-01-09,P000658,1059.07,12842.79
D005,2026-03-21,P000658,764.71,18656.95
D005,2026-04-09,P000658,1790.95,14810.08
D005,2026-06-12,P000658,596.27,11548.44
D005,2025-11-25,P000659,1973.6,35615.01
D005,2025-12-19,P000659,1840.56,39118.82
D005,2026-01-02,P000659,3975.1,53658.04
D005,2026-02-24,P000659,1665.58,39845.09
D005,2026-03-05,P000659,2756.6,53272.6
D005,2026-04-21,P000659,2951.7,44252.92
D005,2026-05-26,P000659,1410.6,34597.97
D005,2026-06-06,P000659,851.63,16315.64
D005,2025-11-23,P000660,1067.95,20543.02
D005,2026-01-22,P000660,900.55,17750.38
D005,2026-02-21,P000660,865.26,18246.27
D005,2026-04-01,P000660,1739.81,27667.17
D005,2026-05-07,P000660,1239.85,23606.55
D005,2026-06-04,P000660,639.86,15839.98
D005,2025-11-13,P000661,1995.68,43910.67
D005,2025-12-14,P000661,1595.73,31267.09
D005,2026-01-12,P000661,2398.62,38935.92
D005,2026-03-10,P000661,3002.65,31279.78
D005,2026-04-27,P000661,1476.5,30875.66
D005,2026-05-07,P000661,1944.09,16838.61
D005,2026-06-17,P000661,1519.53,35390.53
D005,2025-11-13,P000662,1108.2,10883.69
D005,2025-12-25,P000662,825.24,8287.09
D005,2026-02-25,P000662,730.66,6914.2
D005,2026-03-22,P000662,447.02,9665.06
D005,2026-05-17,P000662,598.23,10479.83
D005,2026-06-22,P000662,616.98,12065.36
D005,2025-12-20,P000663,168.8,2813.57
D005,2026-01-08,P000663,139.2,2041.53
D005,2026-02-22,P000663,218.7,5057.76
D005,2026-03-21,P000663,329.04,6614.6
D005,2026-04-07,P000663,335.76,4499.9
D005,2025-11-02,P000664,6980.26,130694.75
D005,2026-01-27,P000664,2814.36,54917.12
D005,2026-02-25,P000664,3863.57,69540.38
D005,2026-04-27,P000664,3154.38,61432.28
D005,2026-05-24,P000664,1281.33,25706.56
D005,2026-06-22,P000664,8210.17,104062.69
D005,2025-11-22,P000665,721.62,10308.71
D005,2025-12-17,P000665,540.35,8865.4
D005,2026-01-03,P000665,388.48,6736.7
D005,2026-04-03,P000665,631.06,7529.53
D005,2026-05-18,P000665,539.57,10432.29
D005,2026-06-12,P000665,746.71,9603.11
D005,2025-11-11,P000666,655.2,12728.11
D005,2025-12-20,P000666,1246.48,14233.66
D005,2026-01-04,P000666,778.39,16650.84
D005,2026-02-19,P000666,822.27,8315.23
D005,2026-03-08,P000666,930.68,11820.14
D005,2026-05-19,P000666,589.62,9685.75
D005,2026-06-07,P000666,561.91,13062.24
D005,2025-11-20,P000667,810.77,17488.95
D005,2025-12-01,P000667,1171.05,18944.24
D005,2026-01-01,P000667,273.4,5321.52
D005,2026-02-17,P000667,737.7,16636.89
D005,2026-03-26,P000667,1202.57,19607.28
D005,2026-04-17,P000667,870.04,14847.62
D005,2026-05-18,P000667,968.37,20025.94
D005,2026-06-07,P000667,445.55,10117.26
D005,2025-11-03,P000668,733.82,14866.81
D005,2025-12-13,P000668,1028.37,14364.52
D005,2026-01-17,P000668,1258.27,14069.71
D005,2026-02-12,P000668,837.58,14890.09
D005,2026-03-18,P000668,660.39,15465.42
D005,2026-04-12,P000668,758.78,7599.05
D005,2026-05-18,P000668,712.52,15529.35
D005,2026-06-26,P000668,1259.05,13675.6
D005,2025-11-22,P000669,304.52,6605.41
D005,2026-01-16,P000669,361.87,6257.88
D005,2026-02-11,P000669,623.67,6102.79
D005,2026-06-02,P000669,295.25,6887.07
D005,2025-11-07,P000670,186.47,4280.87
D005,2025-12-14,P000670,364.9,3616.77
D005,2026-01-25,P000670,224.32,4085.37
D005,2026-02-12,P000670,113.5,2735.34
D005,2026-03-17,P000670,308.37,4436.83
D005,2026-04-27,P000670,98.8,1811.87
D005,2026-05-03,P000670,135.91,3391.43
D005,2025-11-21,P000671,216.44,4489.0
D005,2025-12-12,P000671,406.41,4037.46
D005,2026-02-06,P000671,291.73,4181.72
D005,2026-03-26,P000671,229.37,4879.91
D005,2026-04-23,P000671,78.63,1608.65
D005,2026-05-09,P000671,158.83,3268.98
D005,2026-06-07,P000671,283.59,4938.81
D005,2025-11-24,P000672,182.73,4160.68
D005,2026-01-08,P000672,136.29,3062.61
D005,2026-02-05,P000672,182.01,3524.97
D005,2026-03-27,P000672,402.38,6823.66
D005,2026-04-19,P000672,275.93,5696.7
D005,2026-05-27,P000672,190.49,4048.52
D005,2026-06-05,P000672,371.6,6797.86
D005,2025-11-21,P000673,359.32,5398.24
D005,2026-01-18,P000673,277.59,5892.48
D005,2026-02-13,P000673,521.44,5901.54
D005,2026-03-09,P000673,364.31,7909.15
D005,2026-04-17,P000673,125.89,2844.23
D005,2026-05-15,P000673,443.38,4254.1
D005,2026-06-26,P000673,463.71,8201.62
D005,2025-11-26,P000674,451.35,4855.37
D005,2025-12-06,P000674,544.63,4946.25
D005,2026-02-19,P000674,324.37,3384.73
D005,2026-03-10,P000674,287.05,4756.23
D005,2026-04-10,P000674,348.65,4525.27
D005,2026-05-24,P000674,416.38,7152.52
D005,2026-06-19,P000674,446.66,6880.87
D005,2025-11-25,P000675,518.11,9185.21
D005,2025-12-07,P000675,238.57,3760.46
D005,2026-01-25,P000675,352.17,5314.19
D005,2026-02-21,P000675,376.54,7589.67
D005,2026-04-01,P000675,613.23,5798.38
D005,2026-05-18,P000675,286.36,5328.99
D005,2026-06-16,P000675,260.16,3443.72
D005,2025-11-21,P000676,1150.66,14464.96
D005,2025-12-15,P000676,561.06,12535.24
D005,2026-01-03,P000676,951.98,14557.08
D005,2026-02-01,P000676,1382.41,18602.32
D005,2026-03-19,P000676,911.29,15393.35
D005,2026-05-05,P000676,1435.54,22282.68
D005,2025-11-22,P000677,1640.35,15626.17
D005,2025-12-03,P000677,2125.93,17344.27
D005,2026-01-04,P000677,707.75,15990.49
D005,2026-02-07,P000677,932.96,11639.13
D005,2026-05-20,P000677,738.12,10721.61
D005,2026-06-13,P000677,809.37,12320.35
D005,2025-11-19,P000678,1583.23,27101.33
D005,2025-12-12,P000678,1305.7,30142.81
D005,2026-01-07,P000678,3160.78,32745.01
D005,2026-02-22,P000678,1897.53,34021.19
D005,2026-03-06,P000678,2760.12,26846.25
D005,2026-04-15,P000678,1252.99,28198.15
D005,2026-05-23,P000678,1125.7,26546.93
D005,2026-06-19,P000678,1778.06,21176.62
D005,2025-11-27,P000679,566.59,10407.55
D005,2025-12-18,P000679,966.82,20705.62
D005,2026-01-03,P000679,868.27,14876.16
D005,2026-02-06,P000679,1098.47,10011.52
D005,2026-03-01,P000679,2175.64,26818.78
D005,2026-04-01,P000679,633.58,7551.2
D005,2026-05-12,P000679,1513.34,22648.72
D005,2026-06-02,P000679,775.76,18850.96
D005,2025-11-20,P000680,4341.06,54424.2
D005,2025-12-01,P000680,4648.15,54785.16
D005,2026-01-27,P000680,2799.0,44681.95
D005,2026-02-15,P000680,853.76,12894.89
D005,2026-04-12,P000680,3137.59,35429.71
D005,2026-05-11,P000680,2159.32,53165.57
D005,2026-06-22,P000680,2417.42,51869.95
D005,2025-11-06,P000681,625.53,10927.17
D005,2025-12-27,P000681,445.49,11033.31
D005,2026-01-05,P000681,640.88,9206.96
D005,2026-02-15,P000681,374.64,6139.77
D005,2026-03-12,P000681,474.8,11388.2
D005,2026-04-24,P000681,289.48,6987.6
D005,2026-05-23,P000681,395.46,8826.12
D005,2026-06-08,P000681,440.76,7508.94
D005,2025-11-23,P000682,579.9,5786.84
D005,2025-12-15,P000682,212.56,4348.52
D005,2026-01-15,P000682,164.28,3770.34
D005,2026-02-11,P000682,469.98,4212.08
D005,2026-03-18,P000682,315.18,3822.3
D005,2026-04-08,P000682,408.88,3785.51
D005,2026-05-12,P000682,166.55,3009.17
D005,2026-06-06,P000682,408.47,5291.83
D005,2026-02-26,P000683,583.39,11820.75
D005,2026-03-05,P000683,178.74,3374.36
D005,2026-04-26,P000683,494.15,9375.01
D005,2026-05-23,P000683,265.84,5702.76
D005,2026-06-17,P000683,511.0,7390.35
D005,2025-11-02,P000684,585.15,14115.15
D005,2026-01-24,P000684,405.6,8899.34
D005,2026-02-26,P000684,800.22,9134.5
D005,2026-03-24,P000684,844.74,13839.77
D005,2026-04-11,P000684,863.34,13044.79
D005,2026-05-06,P000684,1061.44,19518.17
D005,2026-06-12,P000684,1614.89,13671.75
D005,2025-11-25,P000685,469.74,5050.4
D005,2025-12-06,P000685,290.78,5483.26
D005,2026-02-18,P000685,336.55,5126.41
D005,2026-04-16,P000685,402.62,8762.26
D005,2026-05-05,P000685,279.76,6937.05
D005,2026-06-27,P000685,438.58,10260.63
D005,2025-11-20,P000686,363.96,5227.12
D005,2025-12-24,P000686,284.69,5765.5
D005,2026-01-23,P000686,233.97,4928.67
D005,2026-02-14,P000686,362.03,5253.84
D005,2026-03-06,P000686,165.62,3790.31
D005,2026-04-27,P000686,304.03,5342.08
D005,2026-05-15,P000686,482.12,4245.83
D005,2026-06-26,P000686,232.77,3476.56
D005,2025-11-13,P000687,331.54,5497.06
D005,2026-01-03,P000687,256.15,5478.55
D005,2026-04-11,P000687,429.8,9100.26
D005,2026-05-06,P000687,991.18,9390.38
D005,2025-11-22,P000688,218.22,2152.02
D005,2025-12-05,P000688,224.73,4994.61
D005,2026-01-14,P000688,291.07,4641.3
D005,2026-02-01,P000688,535.46,4514.2
D005,2026-03-22,P000688,710.71,7591.15
D005,2026-04-19,P000688,256.01,4292.63
D005,2026-05-04,P000688,466.71,7681.7
D005,2025-11-17,P000689,3060.92,60631.91
D005,2025-12-03,P000689,3815.44,53919.61
D005,2026-02-12,P000689,1334.84,28223.56
D005,2026-04-23,P000689,2609.47,49550.17
D005,2026-06-15,P000689,5672.39,59218.81
D005,2025-12-21,P000690,275.59,5845.17
D005,2026-01-01,P000690,277.6,5034.19
D005,2026-02-18,P000690,594.77,6522.17
D005,2026-04-15,P000690,239.94,5672.29
D005,2026-05-25,P000690,385.77,7033.23
D005,2026-06-02,P000690,397.82,6715.56
D005,2025-11-08,P000691,532.86,7610.65
D005,2025-12-08,P000691,730.0,13664.18
D005,2026-03-21,P000691,663.1,8259.14
D005,2026-04-11,P000691,436.48,9195.62
D005,2026-05-21,P000691,329.42,7627.95
D005,2025-12-14,P000692,300.99,4619.79
D005,2026-01-23,P000692,141.72,3536.23
D005,2026-02-26,P000692,412.13,5546.95
D005,2026-03-13,P000692,492.49,7094.78
D005,2026-04-01,P000692,244.09,4960.87
D005,2026-05-09,P000692,228.33,2586.81
D005,2026-06-02,P000692,472.9,8352.43
D005,2025-11-11,P000693,141.02,3452.52
D005,2025-12-08,P000693,186.46,3484.38
D005,2026-01-05,P000693,282.48,5230.78
D005,2026-02-21,P000693,489.78,4794.59
D005,2026-03-09,P000693,182.35,3319.07
D005,2026-04-23,P000693,169.52,3875.68
D005,2026-05-16,P000693,375.78,4662.32
D005,2026-06-08,P000693,284.8,4604.19
D005,2025-11-20,P000694,308.98,6736.3
D005,2026-01-13,P000694,469.16,6673.84
D005,2026-02-14,P000694,334.18,5037.45
D005,2026-03-13,P000694,324.64,5460.79
D005,2026-04-13,P000694,355.32,5325.3
D005,2026-05-21,P000694,334.43,4744.29
D005,2025-11-11,P000695,161.82,2922.72
D005,2026-01-09,P000695,151.33,1321.09
D005,2026-02-06,P000695,158.31,2487.18
D005,2026-03-05,P000695,195.44,3142.13
D005,2026-04-18,P000695,339.28,3556.69
D005,2026-05-20,P000695,73.36,1736.25
D005,2026-06-11,P000695,152.41,2593.77
D005,2025-11-09,P000696,102.67,2184.03
D005,2025-12-17,P000696,190.63,1925.14
D005,2026-01-19,P000696,132.33,2253.33
D005,2026-02-21,P000696,83.5,1289.77
D005,2026-03-16,P000696,140.13,3138.2
D005,2026-04-02,P000696,72.17,1546.78
D005,2026-05-03,P000696,87.36,1959.07
D005,2026-06-05,P000696,97.32,2146.88
D005,2025-12-20,P000697,343.82,3775.13
D005,2026-01-06,P000697,997.83,11455.12
D005,2026-02-06,P000697,502.09,7761.87
D005,2026-03-06,P000697,482.29,10982.41
D005,2026-04-09,P000697,1192.43,11319.39
D005,2026-05-14,P000697,738.93,12018.82
D005,2025-12-14,P000698,230.29,5523.1
D005,2026-01-13,P000698,149.15,3260.29
D005,2026-03-06,P000698,557.3,6798.07
D005,2026-04-07,P000698,538.08,5777.82
D005,2026-05-23,P000698,321.36,5413.86
D005,2026-06-06,P000698,126.76,2849.82
D005,2025-11-09,P000699,223.73,4889.33
D005,2025-12-16,P000699,387.37,6259.55
D005,2026-01-12,P000699,400.46,6319.71
D005,2026-03-14,P000699,267.12,6507.0
D005,2026-04-07,P000699,232.12,5210.3
D005,2026-05-26,P000699,293.44,5059.97
D005,2026-06-16,P000699,543.32,5293.49
D005,2025-11-24,P000700,4427.08,38843.54
D005,2026-01-15,P000700,2466.14,19801.08
D005,2026-02-22,P000700,1288.49,21717.89
D005,2026-03-22,P000700,1477.99,24902.85
D005,2026-04-26,P000700,2860.66,24639.78
D005,2026-05-23,P000700,803.3,18706.89
D005,2026-06-14,P000700,1743.25,23874.26
D005,2025-11-09,P000701,2735.36,57778.21
D005,2025-12-11,P000701,1831.51,45178.89
D005,2026-01-17,P000701,2361.33,32682.88
D005,2026-02-12,P000701,4875.24,44140.87
D005,2026-03-05,P000701,3438.81,71122.84
D005,2026-04-12,P000701,3602.67,61085.63
D005,2026-05-23,P000701,2822.02,62781.4
D005,2026-06-06,P000701,1908.84,45834.95
D005,2025-11-07,P000702,353.7,8792.68
D005,2025-12-12,P000702,163.83,3289.3
D005,2026-01-21,P000702,313.94,5464.05
D005,2026-02-20,P000702,621.91,7266.88
D005,2026-03-27,P000702,919.92,15149.96
D005,2026-04-15,P000702,1324.35,11842.46
D005,2026-05-17,P000702,621.07,10323.81
D005,2026-06-24,P000702,713.01,7980.17
D005,2025-11-03,P000703,393.32,4270.0
D005,2025-12-12,P000703,874.43,7901.95
D005,2026-01-08,P000703,609.14,9568.88
D005,2026-03-02,P000703,436.08,6740.81
D005,2026-04-07,P000703,387.6,8750.73
D005,2026-06-16,P000703,358.54,7003.53
D005,2025-11-16,P000704,8767.6,89140.78
D005,2025-12-07,P000704,4538.53,92060.78
D005,2026-01-05,P000704,7180.04,87115.95
D005,2026-03-23,P000704,3393.02,82105.1
D005,2026-04-24,P000704,7819.26,110101.34
D005,2026-05-06,P000704,3217.74,71685.82
D005,2026-06-01,P000704,3682.91,60687.31
D005,2025-11-22,P000705,9507.65,107492.96
D005,2026-01-14,P000705,3973.98,81773.0
D005,2026-02-20,P000705,2580.29,53093.57
D005,2026-03-16,P000705,4918.11,56731.8
D005,2026-04-24,P000705,3599.88,82637.64
D005,2026-05-14,P000705,7475.18,122174.0
D005,2025-11-02,P000706,441.46,10551.17
D005,2025-12-15,P000706,1081.59,12079.72
D005,2026-02-21,P000706,1731.25,18405.81
D005,2026-03-01,P000706,1355.96,11275.36
D005,2026-04-18,P000706,747.58,17360.29
D005,2026-05-11,P000706,560.14,9202.65
D005,2026-06-15,P000706,665.01,8188.54
D005,2025-11-22,P000707,290.2,4966.57
D005,2025-12-01,P000707,289.62,4832.9
D005,2026-01-26,P000707,403.95,6921.8
D005,2026-02-21,P000707,344.61,7476.67
D005,2026-03-16,P000707,756.24,6208.78
D005,2026-04-15,P000707,477.85,7188.1
D005,2026-05-20,P000707,387.51,8543.11
D005,2026-06-27,P000707,163.31,3504.71
D005,2025-11-05,P000708,437.54,4885.99
D005,2025-12-04,P000708,270.18,4904.23
D005,2026-01-16,P000708,106.56,1291.38
D005,2026-02-26,P000708,199.31,3518.57
D005,2026-03-04,P000708,324.9,3865.24
D005,2026-04-12,P000708,410.81,4239.9
D005,2026-05-07,P000708,138.44,3028.23
D005,2026-06-20,P000708,535.93,4521.95
D005,2025-11-14,P000709,123.35,3024.07
D005,2025-12-22,P000709,382.61,3233.89
D005,2026-01-21,P000709,272.5,2535.46
D005,2026-02-02,P000709,250.37,2085.33
D005,2026-04-20,P000709,245.36,3943.4
D005,2026-05-14,P000709,137.21,1890.16
D005,2026-06-27,P000709,123.73,2402.96
D005,2025-12-17,P000710,4543.53,70638.4
D005,2026-01-27,P000710,5920.4,69093.04
D005,2026-02-06,P000710,8861.3,106541.02
D005,2026-03-11,P000710,15645.93,132248.4
D005,2026-06-02,P000710,5761.34,82142.09
D005,2025-11-20,P000711,166.1,3530.42
D005,2026-01-10,P000711,266.72,4351.5
D005,2026-02-18,P000711,304.52,4805.85
D005,2026-03-26,P000711,239.09,3111.92
D005,2026-04-11,P000711,246.96,2308.37
D005,2026-05-10,P000711,36.79,877.68
D005,2026-06-03,P000711,238.65,3758.21
D005,2025-11-07,P000712,3273.32,71463.68
D005,2025-12-18,P000712,7321.05,100802.81
D005,2026-01-08,P000712,6035.1,124854.93
D005,2026-02-13,P000712,3905.7,89567.43
D005,2026-03-05,P000712,9731.0,97503.12
D005,2026-04-26,P000712,6296.67,127589.12
D005,2026-05-13,P000712,5080.46,126459.8
D005,2026-06-08,P000712,5950.07,60072.83
D005,2025-11-23,P000713,813.91,11095.43
D005,2025-12-03,P000713,550.04,11913.22
D005,2026-02-18,P000713,908.64,19413.48
D005,2026-03-03,P000713,605.34,14877.03
D005,2026-04-26,P000713,2208.57,20585.38
D005,2026-06-26,P000713,647.64,14179.1
D005,2025-11-14,P000714,105.87,1714.58
D005,2025-12-01,P000714,119.57,1603.14
D005,2026-01-19,P000714,107.06,2552.69
D005,2026-02-19,P000714,129.87,2312.29
D005,2026-04-24,P000714,202.17,2273.27
D005,2026-05-27,P000714,121.46,2232.57
D005,2025-11-22,P000715,1494.56,16906.9
D005,2025-12-01,P000715,1081.89,11001.88
D005,2026-01-21,P000715,989.27,22591.08
D005,2026-03-06,P000715,1274.94,15662.55
D005,2026-04-22,P000715,1078.7,21939.39
D005,2026-05-09,P000715,1841.86,24092.89
D005,2026-06-24,P000715,3607.94,28953.88
D005,2025-11-09,P000716,299.43,3132.47
D005,2025-12-16,P000716,256.28,3294.29
D005,2026-01-07,P000716,112.04,2684.67
D005,2026-02-27,P000716,125.03,2301.78
D005,2026-04-12,P000716,257.74,2388.66
D005,2026-05-22,P000716,139.97,2512.75
D005,2025-11-06,P000717,308.3,7257.64
D005,2025-12-02,P000717,221.81,2627.28
D005,2026-01-07,P000717,632.93,7342.96
D005,2026-02-01,P000717,277.67,6495.24
D005,2026-03-09,P000717,727.15,6960.85
D005,2026-04-23,P000717,745.99,7987.77
D005,2026-05-15,P000717,228.78,4924.77
D005,2026-06-12,P000717,254.96,5411.52
D005,2025-11-21,P000718,139.41,2987.79
D005,2025-12-04,P000718,222.23,3237.05
D005,2026-01-16,P000718,167.46,2183.98
D005,2026-02-18,P000718,160.24,2065.82
D005,2026-03-12,P000718,164.05,3311.58
D005,2026-05-01,P000718,129.13,2918.54
D005,2026-06-01,P000718,147.03,1958.59
D005,2025-11-18,P000719,260.73,4058.95
D005,2025-12-17,P000719,387.84,4567.19
D005,2026-01-22,P000719,315.89,4302.91
D005,2026-03-04,P000719,317.37,7073.19
D005,2026-04-18,P000719,195.55,4437.39
D005,2026-05-04,P000719,632.25,5499.92
D005,2026-06-03,P000719,144.79,3027.67
D005,2025-11-05,P000720,2863.49,58709.68
D005,2025-12-07,P000720,5666.21,61261.04
D005,2026-01-24,P000720,5312.01,58176.83
D005,2026-03-06,P000720,3444.01,31322.02
D005,2026-05-21,P000720,2872.48,48661.22
D005,2026-06-18,P000720,3274.05,67977.87
D005,2025-11-19,P000721,304.69,3471.07
D005,2025-12-10,P000721,21.96,484.36
D005,2026-02-25,P000721,101.6,2258.31
D005,2026-03-03,P000721,107.41,2302.03
D005,2026-04-26,P000721,141.73,3465.85
D005,2026-05-26,P000721,129.23,3085.18
D005,2026-06-13,P000721,120.6,1915.03
D005,2025-11-07,P000722,1426.56,26527.94
D005,2025-12-22,P000722,1740.68,36656.27
D005,2026-01-02,P000722,1913.17,43483.3
D005,2026-03-17,P000722,1234.59,24090.15
D005,2026-04-09,P000722,1884.34,32492.43
D005,2026-05-20,P000722,3255.47,44326.61
D005,2026-06-07,P000722,665.47,15523.15
D005,2025-11-07,P000723,1064.43,21548.95
D005,2026-01-25,P000723,1208.46,20947.1
D005,2026-02-21,P000723,889.31,20300.95
D005,2026-03-09,P000723,1438.55,28093.77
D005,2026-04-08,P000723,863.71,19807.36
D005,2026-05-07,P000723,1148.96,14685.5
D005,2026-06-11,P000723,1300.72,23619.49
D005,2025-11-24,P000724,298.33,3812.92
D005,2025-12-03,P000724,315.77,4728.41
D005,2026-01-23,P000724,196.6,2902.61
D005,2026-02-15,P000724,300.36,6081.79
D005,2026-03-26,P000724,228.64,4301.02
D005,2026-04-21,P000724,489.06,6206.72
D005,2026-05-24,P000724,254.01,5224.23
D005,2026-06-06,P000724,157.41,3422.09
D005,2025-11-16,P000725,1603.95,30985.53
D005,2025-12-27,P000725,1432.07,29914.27
D005,2026-01-21,P000725,1873.61,29939.72
D005,2026-02-02,P000725,893.07,19414.4
D005,2026-03-24,P000725,646.81,14745.1
D005,2026-04-19,P000725,3512.23,34397.57
D005,2026-05-17,P000725,1503.64,25533.63
D005,2026-06-25,P000725,586.06,12177.87
D005,2025-11-24,P000726,363.81,8182.96
D005,2026-01-18,P000726,899.45,11502.53
D005,2026-02-09,P000726,468.8,7053.19
D005,2026-03-07,P000726,514.0,9791.26
D005,2026-04-23,P000726,894.54,11570.62
D005,2026-06-07,P000726,601.47,7119.46
D005,2025-11-10,P000727,70.79,1600.78
D005,2025-12-11,P000727,195.25,1611.14
D005,2026-01-27,P000727,102.68,1727.11
D005,2026-03-27,P000727,88.39,1919.86
D005,2026-04-01,P000727,123.07,1575.3
D005,2026-05-27,P000727,76.72,1532.12
D005,2026-06-14,P000727,157.63,2366.43
D005,2025-12-19,P000728,416.18,9229.8
D005,2026-01-17,P000728,819.29,14784.06
D005,2026-02-22,P000728,425.84,8429.3
D005,2026-03-01,P000728,190.75,4730.31
D005,2026-04-25,P000728,581.95,11344.9
D005,2026-05-17,P000728,913.38,10480.57
D005,2026-06-16,P000728,313.59,4556.55
D005,2025-11-21,P000729,770.33,16169.32
D005,2025-12-20,P000729,3449.48,51360.44
D005,2026-01-22,P000729,2947.16,55086.94
D005,2026-02-19,P000729,2664.24,38639.62
D005,2026-04-05,P000729,2367.45,49711.62
D005,2026-05-21,P000729,3456.46,61995.93
D005,2026-06-02,P000729,1766.04,36776.0
D005,2025-11-01,P000730,1524.9,23582.9
D005,2025-12-19,P000730,1053.76,26026.48
D005,2026-01-10,P000730,1321.39,24160.45
D005,2026-02-08,P000730,3092.05,39683.05
D005,2026-03-06,P000730,2254.55,40609.28
D005,2026-04-21,P000730,1454.45,30673.95
D005,2026-05-14,P000730,1854.52,34618.29
D005,2026-06-26,P000730,888.41,18514.32
D005,2025-11-23,P000731,485.18,8955.55
D005,2025-12-02,P000731,489.77,11880.29
D005,2026-01-18,P000731,973.98,14009.07
D005,2026-02-04,P000731,506.86,9407.44
D005,2026-03-06,P000731,1444.78,11660.17
D005,2026-04-23,P000731,243.63,5873.52
D005,2026-05-13,P000731,546.68,9263.73
D005,2026-06-23,P000731,347.12,5554.51
D005,2025-11-18,P000732,928.37,17592.61
D005,2025-12-11,P000732,881.06,20860.03
D005,2026-01-07,P000732,880.51,18710.06
D005,2026-02-17,P000732,1639.11,20149.25
D005,2026-03-20,P000732,1121.94,26473.54
D005,2026-04-14,P000732,1949.62,18590.44
D005,2026-05-10,P000732,1629.86,34314.36
D005,2026-06-19,P000732,3141.43,25735.39
D005,2025-11-22,P000733,439.1,4535.74
D005,2025-12-01,P000733,292.91,4421.58
D005,2026-01-22,P000733,251.13,2860.31
D005,2026-02-15,P000733,302.85,4032.01
D005,2026-03-11,P000733,156.75,2154.17
D005,2026-04-13,P000733,136.66,3065.67
D005,2026-05-20,P000733,151.75,3682.47
D005,2025-11-14,P000734,691.75,7404.6
D005,2025-12-19,P000734,1011.11,19704.93
D005,2026-01-15,P000734,3173.96,28831.37
D005,2026-02-19,P000734,1253.41,27151.27
D005,2026-03-20,P000734,1271.23,19569.11
D005,2026-04-06,P000734,475.65,8063.34
D005,2026-05-22,P000734,1790.58,24403.02
D005,2026-06-23,P000734,1268.44,26139.05
D005,2025-11-08,P000735,316.72,5635.91
D005,2025-12-14,P000735,593.28,9019.42
D005,2026-01-14,P000735,321.03,7354.7
D005,2026-02-03,P000735,894.36,9523.45
D005,2026-03-20,P000735,420.38,8100.1
D005,2026-04-21,P000735,81.86,1350.32
D005,2026-05-15,P000735,362.34,8510.36
D005,2026-06-04,P000735,556.86,6246.05
D005,2025-12-18,P000736,1096.13,10091.39
D005,2026-01-07,P000736,773.83,19005.0
D005,2026-02-03,P000736,816.71,14511.02
D005,2026-03-24,P000736,628.34,7879.17
D005,2026-04-14,P000736,1411.68,15412.16
D005,2026-05-14,P000736,293.03,4993.43
D005,2025-11-07,P000737,114.39,2572.05
D005,2025-12-27,P000737,265.38,6479.33
D005,2026-01-16,P000737,770.08,6249.55
D005,2026-02-05,P000737,342.19,5558.26
D005,2026-03-25,P000737,407.36,6803.05
D005,2026-04-25,P000737,278.45,3989.22
D005,2026-05-06,P000737,408.3,5526.87
D005,2026-06-07,P000737,199.7,3508.39
D005,2025-11-10,P000738,2381.06,49391.68
D005,2026-01-14,P000738,3497.83,49177.91
D005,2026-02-18,P000738,3061.65,48292.22
D005,2026-03-27,P000738,7347.39,69703.82
D005,2026-04-07,P000738,3917.28,56188.05
D005,2026-05-18,P000738,8785.41,95354.51
D005,2026-06-19,P000738,2412.91,59100.09
D005,2025-11-15,P000739,713.24,10196.7
D005,2025-12-11,P000739,410.67,6904.37
D005,2026-02-04,P000739,1015.59,12252.2
D005,2026-04-01,P000739,827.12,12275.65
D005,2026-05-26,P000739,802.81,11205.34
D005,2026-06-25,P000739,200.78,4786.81
D005,2025-11-18,P000740,1777.27,40918.11
D005,2025-12-19,P000740,2343.08,55429.57
D005,2026-01-20,P000740,2572.26,41249.52
D005,2026-02-20,P000740,3492.13,67494.55
D005,2026-03-08,P000740,3342.77,46753.26
D005,2026-04-20,P000740,3904.89,62423.05
D005,2026-05-01,P000740,2779.43,56942.24
D005,2026-06-02,P000740,3246.45,41680.67
D005,2025-11-14,P000741,3566.65,60700.3
D005,2026-01-07,P000741,4000.39,77790.61
D005,2026-02-13,P000741,4639.15,89944.35
D005,2026-03-23,P000741,1935.92,30851.55
D005,2026-04-08,P000741,2293.2,34542.42
D005,2026-05-11,P000741,3604.55,75190.63
D005,2026-06-18,P000741,3178.36,76722.97
D005,2025-11-24,P000742,66.96,1353.74
D005,2025-12-06,P000742,77.34,1627.37
D005,2026-01-26,P000742,66.98,1463.73
D005,2026-02-17,P000742,225.96,2258.47
D005,2026-04-05,P000742,100.08,2418.76
D005,2026-05-20,P000742,105.57,984.19
D005,2026-06-15,P000742,60.64,1323.41
D005,2025-11-17,P000743,164.18,2724.55
D005,2025-12-18,P000743,170.81,2269.39
D005,2026-01-05,P000743,261.06,4288.41
D005,2026-02-04,P000743,177.52,3841.88
D005,2026-03-11,P000743,138.29,2476.87
D005,2026-04-11,P000743,190.01,3247.6
D005,2026-05-09,P000743,145.52,3424.48
D005,2026-06-20,P000743,330.03,3596.69
D005,2025-11-03,P000744,427.08,5023.36
D005,2025-12-22,P000744,308.97,4392.1
D005,2026-01-23,P000744,387.28,5697.34
D005,2026-02-15,P000744,213.49,4220.32
D005,2026-03-21,P000744,273.85,3759.81
D005,2026-04-10,P000744,707.03,6196.82
D005,2026-05-12,P000744,353.97,4056.01
D005,2026-06-16,P000744,367.02,5485.74
D005,2025-11-02,P000745,258.82,5674.41
D005,2025-12-23,P000745,580.8,10129.34
D005,2026-01-18,P000745,440.19,5010.71
D005,2026-03-10,P000745,565.81,8427.54
D005,2026-04-16,P000745,765.03,13208.02
D005,2026-05-14,P000745,662.3,10309.9
D005,2026-06-12,P000745,452.33,8593.74
D005,2025-11-04,P000746,5058.2,74352.99
D005,2025-12-18,P000746,4470.84,105376.2
D005,2026-01-19,P000746,5690.92,133253.03
D005,2026-03-03,P000746,7582.2,111673.87
D005,2026-04-10,P000746,4415.23,95178.3
D005,2026-05-20,P000746,10890.84,88077.44
D005,2026-06-23,P000746,6319.32,144924.96
D005,2025-11-02,P000747,1320.47,12763.9
D005,2025-12-26,P000747,786.29,15477.41
D005,2026-02-13,P000747,1362.4,29986.23
D005,2026-03-20,P000747,3528.47,37851.18
D005,2026-04-17,P000747,1814.98,23056.77
D005,2026-05-22,P000747,1791.4,33815.85
D005,2026-06-25,P000747,1828.02,20973.14
D005,2025-11-21,P000748,240.78,5243.09
D005,2025-12-03,P000748,676.17,11663.1
D005,2026-02-03,P000748,985.41,15312.48
D005,2026-03-19,P000748,629.25,7676.49
D005,2026-04-23,P000748,826.01,9387.86
D005,2026-05-22,P000748,493.53,7084.81
D005,2025-12-11,P000749,919.09,14392.39
D005,2026-01-09,P000749,531.2,11854.34
D005,2026-02-11,P000749,755.23,15972.37
D005,2026-03-08,P000749,1278.31,11114.39
D005,2026-04-18,P000749,1069.8,15014.29
D005,2026-05-07,P000749,557.24,13785.26
D005,2025-11-23,P000750,812.37,11637.63
D005,2025-12-23,P000750,1175.13,10862.39
D005,2026-02-11,P000750,721.75,8648.71
D005,2026-03-14,P000750,891.74,8034.22
D005,2026-04-11,P000750,450.32,10035.48
D005,2026-05-27,P000750,541.16,7675.83
D005,2026-06-05,P000750,412.06,8723.36
D005,2025-11-22,P000751,518.73,4944.98
D005,2025-12-03,P000751,323.09,4549.32
D005,2026-01-14,P000751,359.9,3738.2
D005,2026-03-26,P000751,641.86,6968.91
D005,2026-05-01,P000751,92.88,1890.77
D005,2026-06-20,P000751,427.36,6434.03
D005,2025-11-19,P000752,194.25,4036.8
D005,2025-12-19,P000752,220.16,3074.75
D005,2026-01-21,P000752,476.51,4954.88
D005,2026-02-04,P000752,278.43,4358.15
D005,2026-03-13,P000752,355.53,3579.63
D005,2026-04-11,P000752,179.54,2764.47
D005,2026-05-02,P000752,163.94,2448.37
D005,2026-06-24,P000752,497.54,4123.44
D005,2025-11-13,P000753,1442.26,18154.09
D005,2025-12-11,P000753,1685.31,22087.94
D005,2026-01-20,P000753,589.98,11605.31
D005,2026-02-01,P000753,1689.22,30061.46
D005,2026-03-05,P000753,1200.5,22811.31
D005,2026-04-25,P000753,1407.1,33427.68
D005,2026-05-04,P000753,434.05,5164.38
D005,2025-11-09,P000754,526.79,11206.38
D005,2025-12-21,P000754,602.9,8989.42
D005,2026-01-10,P000754,1493.18,20137.65
D005,2026-02-18,P000754,653.83,7663.64
D005,2026-03-23,P000754,331.67,6446.6
D005,2026-04-02,P000754,420.27,9415.06
D005,2026-05-16,P000754,372.51,8978.7
D005,2026-06-24,P000754,515.14,9477.91
D005,2025-11-15,P000755,273.36,3583.27
D005,2026-02-08,P000755,20.41,495.45
D005,2026-03-05,P000755,420.32,5045.77
D005,2026-04-20,P000755,225.11,5318.83
D005,2026-05-05,P000755,132.79,3212.12
D005,2026-06-03,P000755,585.17,4990.13
D005,2025-12-23,P000756,4230.07,61875.62
D005,2026-01-22,P000756,5355.74,67302.02
D005,2026-02-25,P000756,1618.61,22926.06
D005,2026-03-15,P000756,2401.93,58594.67
D005,2026-04-01,P000756,1918.6,38791.1
D005,2026-05-19,P000756,3621.73,82705.55
D005,2026-06-10,P000756,2985.0,45526.1
D005,2025-11-07,P000757,291.34,4893.02
D005,2025-12-15,P000757,723.42,5955.69
D005,2026-02-01,P000757,458.78,7764.13
D005,2026-04-06,P000757,267.06,3206.98
D005,2026-05-13,P000757,456.2,8610.44
D005,2026-06-21,P000757,587.0,5131.17
D005,2025-11-12,P000758,115.57,1623.42
D005,2025-12-19,P000758,196.52,1852.19
D005,2026-01-02,P000758,175.17,2150.07
D005,2026-03-13,P000758,246.48,3032.69
D005,2026-04-02,P000758,100.53,2126.71
D005,2026-05-15,P000758,111.86,1854.92
D005,2026-06-26,P000758,268.34,3094.87
D005,2025-11-16,P000759,1367.43,24318.8
D005,2025-12-27,P000759,1588.56,26323.04
D005,2026-01-07,P000759,1092.67,16194.76
D005,2026-02-06,P000759,1869.84,18512.0
D005,2026-04-05,P000759,1344.89,26122.21
D005,2026-05-21,P000759,2421.06,34163.7
D005,2026-06-23,P000759,1373.18,30310.03
D005,2025-11-10,P000760,3154.6,64018.8
D005,2026-01-01,P000760,3812.26,35084.6
D005,2026-02-02,P000760,3420.24,35341.68
D005,2026-03-05,P000760,8130.79,70245.95
D005,2026-04-01,P000760,2098.3,35022.94
D005,2026-05-11,P000760,1890.54,40365.0
D005,2025-11-06,P000761,2787.06,43790.11
D005,2025-12-25,P000761,2494.66,40753.63
D005,2026-01-09,P000761,2039.53,34941.8
D005,2026-03-15,P000761,1258.98,25094.26
D005,2026-04-19,P000761,2580.6,34212.86
D005,2026-06-01,P000761,2410.33,32469.91
D005,2025-11-21,P000762,600.89,6281.92
D005,2025-12-21,P000762,348.58,5977.22
D005,2026-01-17,P000762,304.52,4410.34
D005,2026-02-11,P000762,581.36,4821.83
D005,2026-04-17,P000762,202.72,4123.29
D005,2026-05-11,P000762,269.92,6042.23
D005,2026-06-23,P000762,520.33,7634.01
D005,2025-11-21,P000763,1941.63,22640.85
D005,2025-12-26,P000763,1879.09,15304.09
D005,2026-01-19,P000763,1235.13,15077.5
D005,2026-02-18,P000763,1678.25,26100.41
D005,2026-03-03,P000763,754.36,17842.65
D005,2026-04-02,P000763,2186.43,22357.51
D005,2026-05-03,P000763,1253.08,22284.19
D005,2026-06-01,P000763,888.84,21940.11
D005,2025-11-08,P000764,918.52,13933.48
D005,2025-12-02,P000764,842.23,16735.84
D005,2026-01-05,P000764,1247.7,14587.59
D005,2026-02-08,P000764,386.41,7796.62
D005,2026-04-05,P000764,1253.23,16106.5
D005,2026-05-25,P000764,564.22,12538.16
D005,2025-11-13,P000765,1760.89,41788.78
D005,2025-12-03,P000765,7502.78,73646.11
D005,2026-01-06,P000765,3548.24,34127.28
D005,2026-04-21,P000765,3811.77,64794.64
D005,2026-05-06,P000765,7375.08,73065.03
D005,2025-11-06,P000766,1061.19,10346.07
D005,2025-12-02,P000766,728.79,11204.92
D005,2026-01-01,P000766,1137.76,19920.67
D005,2026-02-01,P000766,1068.37,22619.9
D005,2026-03-01,P000766,1140.43,18587.85
D005,2026-05-23,P000766,1479.35,13674.86
D005,2026-06-14,P000766,1190.34,16791.42
D005,2025-11-01,P000767,323.29,5638.13
D005,2025-12-14,P000767,137.6,3392.71
D005,2026-02-13,P000767,404.9,6555.89
D005,2026-03-07,P000767,258.43,4004.41
D005,2026-05-21,P000767,527.17,4219.05
D005,2025-12-13,P000768,563.95,12195.85
D005,2026-01-24,P000768,558.14,10926.18
D005,2026-02-14,P000768,1455.2,16802.37
D005,2026-03-24,P000768,754.69,14027.84
D005,2026-05-13,P000768,1002.34,9052.38
D005,2026-06-09,P000768,912.25,13138.17
D005,2025-12-20,P000769,128.12,2059.07
D005,2026-01-02,P000769,168.38,3764.08
D005,2026-02-20,P000769,187.25,1650.24
D005,2026-03-23,P000769,97.98,1284.82
D005,2026-04-11,P000769,175.1,2152.17
D005,2026-05-10,P000769,116.65,2054.59
D005,2026-06-03,P000769,121.55,1466.59
D005,2025-11-11,P000770,301.29,5150.86
D005,2025-12-08,P000770,358.04,6102.41
D005,2026-01-13,P000770,244.08,5869.05
D005,2026-02-12,P000770,437.0,5664.71
D005,2026-03-17,P000770,465.13,5970.13
D005,2026-04-25,P000770,179.53,4270.43
D005,2026-06-06,P000770,294.34,6059.8
D005,2025-12-03,P000771,5342.95,61387.17
D005,2026-01-05,P000771,2616.77,39467.74
D005,2026-03-23,P000771,4116.47,55704.0
D005,2026-04-05,P000771,1161.21,28900.24
D005,2026-05-21,P000771,2138.0,45044.53
D005,2026-06-08,P000771,2436.52,54902.68
D005,2026-01-17,P000772,713.94,8796.35
D005,2026-02-27,P000772,2215.73,18035.57
D005,2026-03-13,P000772,837.39,15552.5
D005,2026-04-18,P000772,1378.3,20609.8
D005,2026-05-20,P000772,1111.31,27317.42
D005,2026-06-21,P000772,2468.36,21192.53
D005,2025-11-17,P000773,1666.1,30546.15
D005,2025-12-09,P000773,1157.19,23083.78
D005,2026-02-20,P000773,2121.91,41959.1
D005,2026-03-05,P000773,2125.92,50720.9
D005,2026-04-12,P000773,2085.61,30057.87
D005,2026-05-18,P000773,1372.05,18702.01
D005,2025-11-23,P000774,388.55,6761.56
D005,2025-12-04,P000774,376.59,6633.93
D005,2026-01-22,P000774,343.22,4882.65
D005,2026-02-09,P000774,390.16,5110.33
D005,2026-03-23,P000774,328.88,3800.25
D005,2026-04-05,P000774,160.18,3367.83
D005,2026-05-24,P000774,118.34,2822.16
D005,2026-06-08,P000774,159.63,3712.41
D005,2025-11-05,P000775,771.45,18761.82
D005,2025-12-09,P000775,1616.03,18459.65
D005,2026-01-25,P000775,1170.35,14594.92
D005,2026-02-02,P000775,649.4,14009.58
D005,2026-03-22,P000775,893.92,17672.3
D005,2026-04-26,P000775,1370.38,13520.53
D005,2026-06-04,P000775,647.51,6805.3
D005,2025-11-15,P000776,466.37,6283.43
D005,2025-12-12,P000776,333.4,3744.54
D005,2026-01-25,P000776,279.05,6329.71
D005,2026-02-01,P000776,313.14,3919.94
D005,2026-03-22,P000776,319.89,5731.26
D005,2026-04-04,P000776,355.5,7850.29
D005,2026-05-11,P000776,183.0,4327.99
D005,2026-06-25,P000776,261.84,3669.5
D005,2025-11-02,P000777,881.69,16652.03
D005,2025-12-01,P000777,864.06,17276.76
D005,2026-01-01,P000777,1303.12,23649.4
D005,2026-02-08,P000777,629.66,15376.46
D005,2026-03-04,P000777,1576.66,12723.05
D005,2026-04-20,P000777,1237.27,17223.06
D005,2026-05-18,P000777,1928.05,20581.76
D005,2026-06-10,P000777,1317.43,11061.18
D005,2025-11-17,P000778,495.16,10686.57
D005,2025-12-02,P000778,477.41,11627.11
D005,2026-01-04,P000778,704.53,10000.7
D005,2026-02-18,P000778,374.81,7675.91
D005,2026-03-08,P000778,625.03,11281.11
D005,2026-04-13,P000778,741.38,6499.49
D005,2026-05-25,P000778,609.7,9443.51
D005,2026-06-07,P000778,945.52,10280.51
D005,2025-11-12,P000779,334.48,5314.9
D005,2025-12-22,P000779,209.29,3807.37
D005,2026-01-01,P000779,200.45,3364.73
D005,2026-03-16,P000779,512.86,4422.94
D005,2026-04-12,P000779,252.3,4132.72
D005,2026-05-11,P000779,366.8,3007.59
D005,2026-06-11,P000779,318.44,6428.59
D005,2025-11-18,P000780,680.12,15346.34
D005,2026-01-17,P000780,1080.05,10037.36
D005,2026-02-19,P000780,1023.91,17284.26
D005,2026-04-21,P000780,505.95,11503.4
D005,2026-05-06,P000780,867.33,16086.12
D005,2026-06-27,P000780,568.09,5824.92
D005,2025-11-26,P000781,258.76,4759.54
D005,2025-12-10,P000781,197.84,3332.01
D005,2026-01-23,P000781,98.45,1508.08
D005,2026-02-17,P000781,189.18,4408.81
D005,2026-03-18,P000781,307.16,2795.4
D005,2026-04-06,P000781,161.32,3826.87
D005,2026-05-27,P000781,169.79,3770.77
D005,2025-12-11,P000782,1149.79,13635.47
D005,2026-02-14,P000782,498.67,6228.49
D005,2026-03-14,P000782,399.38,6624.4
D005,2026-04-13,P000782,256.41,4578.58
D005,2026-06-22,P000782,479.13,10626.15
D005,2025-11-01,P000783,737.08,10904.84
D005,2025-12-14,P000783,396.35,8203.54
D005,2026-01-21,P000783,498.25,11080.96
D005,2026-02-01,P000783,765.45,7504.28
D005,2026-03-05,P000783,1505.56,12705.38
D005,2026-04-17,P000783,1110.39,16251.4
D005,2026-06-11,P000783,713.94,10703.77
D005,2025-11-16,P000784,5562.95,91345.07
D005,2025-12-21,P000784,5285.81,95554.38
D005,2026-01-19,P000784,2645.17,49736.12
D005,2026-02-13,P000784,3995.96,55427.03
D005,2026-03-17,P000784,4100.0,40718.25
D005,2026-05-20,P000784,3297.52,74716.33
D005,2026-06-07,P000784,4034.64,96357.35
D005,2025-11-05,P000785,854.81,10119.53
D005,2025-12-17,P000785,473.69,9077.54
D005,2026-01-18,P000785,815.7,11458.21
D005,2026-02-22,P000785,414.31,8758.01
D005,2026-03-12,P000785,859.01,9425.28
D005,2026-04-09,P000785,518.29,11500.5
D005,2026-05-06,P000785,439.37,10785.89
D005,2025-11-09,P000786,2405.88,52309.46
D005,2025-12-21,P000786,3055.42,38074.6
D005,2026-01-26,P000786,2585.56,36063.69
D005,2026-02-13,P000786,3045.39,42226.71
D005,2026-03-17,P000786,2940.14,48811.89
D005,2026-04-14,P000786,2257.32,37379.45
D005,2026-05-14,P000786,1998.42,43481.03
D005,2025-11-12,P000787,184.85,3628.93
D005,2026-01-06,P000787,482.54,4424.56
D005,2026-02-11,P000787,222.61,2763.45
D005,2026-03-27,P000787,68.51,1692.0
D005,2026-04-15,P000787,503.94,4238.7
D005,2026-06-13,P000787,310.87,3863.23
D005,2025-11-21,P000788,530.47,9284.99
D005,2025-12-06,P000788,1260.34,22929.94
D005,2026-01-23,P000788,392.06,8214.76
D005,2026-02-02,P000788,889.07,10486.93
D005,2026-03-24,P000788,848.39,15314.94
D005,2026-04-25,P000788,823.98,11424.06
D005,2026-05-14,P000788,520.45,10958.08
D005,2026-06-06,P000788,570.8,13067.62
D005,2025-11-20,P000789,534.04,12611.81
D005,2025-12-24,P000789,469.67,11051.55
D005,2026-01-27,P000789,558.26,9646.03
D005,2026-02-12,P000789,841.09,9757.97
D005,2026-03-01,P000789,1020.13,9087.71
D005,2026-04-10,P000789,769.23,7686.3
D005,2026-05-26,P000789,1260.44,12001.38
D005,2026-06-19,P000789,697.19,7744.66
D005,2025-11-02,P000790,192.76,4259.05
D005,2025-12-08,P000790,408.96,4809.53
D005,2026-01-07,P000790,548.48,4574.18
D005,2026-02-24,P000790,174.69,2661.86
D005,2026-03-27,P000790,306.32,3785.99
D005,2026-04-24,P000790,310.02,6864.51
D005,2026-05-17,P000790,197.43,3917.53
D005,2026-06-09,P000790,384.83,7415.72
D005,2025-11-17,P000791,576.74,12888.01
D005,2025-12-09,P000791,1062.56,12486.56
D005,2026-01-03,P000791,2468.48,31179.83
D005,2026-02-08,P000791,2421.52,43966.82
D005,2026-03-13,P000791,1796.63,36437.54
D005,2026-04-06,P000791,2392.1,34685.48
D005,2026-05-11,P000791,4478.06,52215.69
D005,2026-06-05,P000791,1452.18,36209.75
D005,2025-12-11,P000792,2185.79,49899.8
D005,2026-01-02,P000792,1431.08,27266.67
D005,2026-03-14,P000792,3592.23,43077.21
D005,2026-05-10,P000792,2256.53,52088.99
D005,2025-11-21,P000793,265.04,4654.37
D005,2025-12-13,P000793,167.03,4043.45
D005,2026-01-21,P000793,340.84,4001.5
D005,2026-02-07,P000793,285.47,3684.18
D005,2026-03-19,P000793,342.48,2972.8
D005,2026-04-11,P000793,198.62,3743.13
D005,2026-05-23,P000793,138.01,2984.86
D005,2026-06-23,P000793,421.83,5580.14
D005,2025-11-02,P000794,3248.63,27352.31
D005,2025-12-12,P000794,2373.63,32837.65
D005,2026-01-06,P000794,823.3,19507.35
D005,2026-02-19,P000794,4610.48,41199.65
D005,2026-03-06,P000794,3307.25,51591.94
D005,2026-04-18,P000794,2461.89,43445.7
D005,2026-05-25,P000794,2073.46,42512.91
D005,2026-06-14,P000794,2515.07,43553.4
D005,2025-12-12,P000795,889.66,18331.67
D005,2026-01-23,P000795,619.31,15221.75
D005,2026-02-15,P000795,1061.74,19163.25
D005,2026-03-12,P000795,1708.07,20560.9
D005,2026-04-14,P000795,1376.81,22810.93
D005,2026-06-20,P000795,483.54,5893.29
D005,2025-11-04,P000796,260.4,2908.92
D005,2025-12-06,P000796,176.35,3349.0
D005,2026-02-14,P000796,203.27,1931.62
D005,2026-03-06,P000796,165.87,2891.54
D005,2026-04-04,P000796,279.62,3126.97
D005,2026-05-21,P000796,157.1,2177.36
D005,2026-06-11,P000796,160.32,2055.99
D005,2025-12-07,P000797,177.24,4429.78
D005,2026-01-11,P000797,319.0,6083.17
D005,2026-02-25,P000797,237.91,4786.71
D005,2026-03-06,P000797,338.08,5849.84
D005,2026-04-19,P000797,252.14,5086.64
D005,2026-05-12,P000797,626.89,9875.17
D005,2026-06-16,P000797,379.69,8895.5
D005,2025-11-17,P000798,223.72,2253.65
D005,2026-01-16,P000798,359.7,3169.92
D005,2026-04-12,P000798,105.23,2439.76
D005,2026-05-05,P000798,185.22,2772.76
D005,2026-06-03,P000798,116.91,2869.49
D005,2025-11-04,P000799,1483.82,14845.64
D005,2025-12-08,P000799,708.85,15152.99
D005,2026-01-01,P000799,1849.16,19597.5
D005,2026-02-01,P000799,857.58,16105.11
D005,2026-03-03,P000799,1349.8,13674.9
D005,2026-04-03,P000799,1547.99,15793.16
D005,2026-05-20,P000799,925.26,15510.78
D005,2026-06-07,P000799,742.36,11998.65
D005,2025-11-19,P000800,2841.58,24452.22
D005,2025-12-05,P000800,2540.88,24921.09
D005,2026-02-02,P000800,2182.58,26918.63
D005,2026-03-20,P000800,1146.35,23275.17
D005,2026-04-27,P000800,1056.37,21239.77
D005,2026-05-09,P000800,2333.23,30603.36
D005,2026-06-03,P000800,1241.34,23370.88
D005,2025-11-17,P000801,157.06,3371.11
D005,2026-01-14,P000801,266.17,5785.73
D005,2026-04-25,P000801,377.47,4881.97
D005,2026-05-18,P000801,101.49,2399.57
D005,2026-06-19,P000801,407.82,4280.59
D005,2025-11-11,P000802,816.9,13359.8
D005,2025-12-12,P000802,1956.46,18118.95
D005,2026-01-11,P000802,848.71,14487.71
D005,2026-02-27,P000802,886.02,19451.4
D005,2026-03-25,P000802,489.33,11642.88
D005,2026-04-27,P000802,1064.84,11674.58
D005,2026-05-20,P000802,456.23,8641.63
D005,2026-06-06,P000802,893.89,17262.16
D005,2025-11-02,P000803,647.59,11136.73
D005,2025-12-22,P000803,1499.08,23469.25
D005,2026-01-19,P000803,1738.12,28030.83
D005,2026-02-17,P000803,1336.52,22959.09
D005,2026-03-16,P000803,1875.44,24764.81
D005,2026-05-03,P000803,1468.24,19519.24
D005,2026-06-10,P000803,796.56,13971.42
D005,2025-11-13,P000804,505.73,4871.38
D005,2025-12-13,P000804,368.05,7608.58
D005,2026-01-20,P000804,248.6,3761.72
D005,2026-02-07,P000804,314.76,6943.1
D005,2026-04-14,P000804,285.62,6058.54
D005,2026-05-05,P000804,220.05,4413.17
D005,2026-06-20,P000804,273.52,5727.36
D005,2025-12-23,P000805,727.1,16433.19
D005,2026-01-12,P000805,945.82,21007.53
D005,2026-02-25,P000805,2305.53,28286.67
D005,2026-03-12,P000805,673.51,15528.32
D005,2026-04-16,P000805,265.87,6346.47
D005,2026-05-01,P000805,1279.67,21116.2
D005,2026-06-13,P000805,1154.28,14498.76
D005,2025-11-05,P000806,115.18,2031.17
D005,2025-12-19,P000806,206.96,4374.67
D005,2026-02-27,P000806,202.46,4833.81
D005,2026-04-04,P000806,475.79,4635.61
D005,2026-06-12,P000806,290.72,3493.34
D005,2025-11-17,P000807,407.18,7377.4
D005,2025-12-18,P000807,446.07,9347.86
D005,2026-01-17,P000807,469.9,7318.58
D005,2026-02-19,P000807,869.25,12486.99
D005,2026-03-09,P000807,371.08,7043.4
D005,2026-04-09,P000807,291.59,5918.99
D005,2026-06-14,P000807,609.18,8193.09
D005,2025-11-19,P000808,2261.35,52722.89
D005,2025-12-22,P000808,2123.07,43342.77
D005,2026-01-24,P000808,2720.2,35942.41
D005,2026-02-03,P000808,1705.26,17089.05
D005,2026-03-18,P000808,3785.95,46738.59
D005,2026-04-12,P000808,1796.14,37463.62
D005,2026-05-15,P000808,1826.7,45072.53
D005,2026-06-13,P000808,3369.14,38187.09
D005,2025-11-19,P000809,3208.15,38426.34
D005,2025-12-17,P000809,1929.26,34236.82
D005,2026-01-03,P000809,2727.85,23073.02
D005,2026-02-20,P000809,1323.91,29515.71
D005,2026-03-22,P000809,2787.39,40189.34
D005,2026-05-13,P000809,1638.91,37852.64
D005,2026-06-22,P000809,2366.13,32067.61
D005,2025-11-26,P000810,120.2,2961.6
D005,2026-01-14,P000810,162.81,2600.61
D005,2026-02-24,P000810,172.06,3714.56
D005,2026-03-11,P000810,330.37,4454.58
D005,2026-04-19,P000810,153.08,3156.93
D005,2026-05-11,P000810,196.31,3113.23
D005,2026-06-14,P000810,236.42,5305.15
D005,2025-12-05,P000811,569.23,5205.07
D005,2026-01-20,P000811,189.49,3443.32
D005,2026-02-05,P000811,325.53,6670.93
D005,2026-03-12,P000811,434.71,5237.68
D005,2026-05-26,P000811,186.72,2249.77
D005,2026-06-03,P000811,436.11,4600.99
D005,2025-12-11,P000812,5173.06,64317.26
D005,2026-01-10,P000812,1980.89,45944.33
D005,2026-02-27,P000812,2442.52,38171.32
D005,2026-03-15,P000812,1201.05,28678.29
D005,2026-04-06,P000812,975.82,19026.65
D005,2026-05-16,P000812,1541.04,26677.16
D005,2026-06-05,P000812,4784.04,51208.65
D005,2025-11-07,P000813,4399.5,49547.58
D005,2026-01-11,P000813,1517.9,33967.98
D005,2026-02-23,P000813,1915.23,25272.3
D005,2026-03-06,P000813,2435.72,19838.04
D005,2026-04-14,P000813,4011.2,39579.82
D005,2026-05-02,P000813,2584.29,29946.92
D005,2026-06-21,P000813,1133.85,18742.43
D005,2025-11-12,P000814,1012.63,20708.97
D005,2025-12-20,P000814,290.79,6677.94
D005,2026-01-04,P000814,842.86,16547.76
D005,2026-03-02,P000814,363.85,5143.14
D005,2026-04-03,P000814,632.06,15509.65
D005,2026-05-15,P000814,952.93,9949.15
D005,2026-06-27,P000814,610.31,13455.85
D005,2025-12-05,P000815,126.69,2276.57
D005,2026-01-12,P000815,258.25,3535.06
D005,2026-02-17,P000815,308.9,3226.91
D005,2026-03-24,P000815,112.91,2414.05
D005,2026-05-22,P000815,196.62,3667.95
D005,2026-06-25,P000815,410.25,4661.7
D005,2025-11-03,P000816,294.84,4178.59
D005,2025-12-06,P000816,193.81,3492.4
D005,2026-01-06,P000816,85.08,1991.93
D005,2026-02-02,P000816,189.76,2370.68
D005,2026-03-22,P000816,332.92,4752.94
D005,2026-04-16,P000816,223.02,4517.21
D005,2026-05-07,P000816,126.36,3000.0
D005,2026-06-11,P000816,336.45,4252.1
D005,2025-11-05,P000817,594.84,12979.04
D005,2025-12-20,P000817,895.67,17342.51
D005,2026-01-01,P000817,1402.4,17103.59
D005,2026-02-15,P000817,745.09,12710.15
D005,2026-03-16,P000817,965.09,20626.68
D005,2026-04-05,P000817,1111.59,12398.25
D005,2026-05-23,P000817,820.87,11587.91
D005,2025-11-24,P000818,3188.23,57418.33
D005,2025-12-07,P000818,2501.13,55257.85
D005,2026-01-23,P000818,2884.43,55413.4
D005,2026-02-09,P000818,6034.27,76144.65
D005,2026-03-14,P000818,2030.96,41785.42
D005,2026-06-13,P000818,1110.97,26045.61
D005,2025-11-09,P000819,90.51,1918.21
D005,2026-01-23,P000819,103.85,2248.11
D005,2026-02-01,P000819,264.56,2918.6
D005,2026-03-21,P000819,214.84,2876.38
D005,2026-04-14,P000819,123.07,2940.87
D005,2026-05-15,P000819,297.4,2793.58
D005,2026-06-21,P000819,221.45,2343.67
D005,2025-11-23,P000820,686.86,6079.66
D005,2025-12-06,P000820,525.14,8085.55
D005,2026-01-17,P000820,261.95,5024.85
D005,2026-02-06,P000820,440.27,4195.41
D005,2026-03-01,P000820,911.04,8594.02
D005,2026-05-04,P000820,380.69,6755.48
D005,2026-06-01,P000820,169.75,2676.79
D005,2026-01-01,P000821,107.3,2281.5
D005,2026-02-20,P000821,76.38,1295.71
D005,2026-03-26,P000821,124.52,1755.19
D005,2026-04-03,P000821,89.82,2159.58
D005,2026-05-18,P000821,88.08,1947.66
D005,2026-06-11,P000821,102.77,1877.36
D005,2025-11-22,P000822,2602.42,22003.65
D005,2025-12-06,P000822,2600.09,43325.31
D005,2026-01-10,P000822,5165.24,44048.77
D005,2026-02-25,P000822,2445.99,39715.41
D005,2026-03-22,P000822,2298.46,33345.95
D005,2026-05-11,P000822,1851.06,34508.0
D005,2026-06-22,P000822,1467.39,24885.56
D005,2025-12-17,P000823,1835.93,39455.96
D005,2026-01-11,P000823,1917.33,47052.97
D005,2026-02-20,P000823,3480.15,37685.85
D005,2026-03-27,P000823,2468.98,43040.57
D005,2026-04-05,P000823,1131.1,28093.9
D005,2026-05-07,P000823,1916.16,33161.0
D005,2026-06-14,P000823,1515.14,29527.71
D005,2025-11-22,P000824,238.75,5453.42
D005,2025-12-05,P000824,233.07,4655.3
D005,2026-01-20,P000824,143.67,3075.9
D005,2026-02-26,P000824,377.71,5072.52
D005,2026-03-17,P000824,165.31,3692.1
D005,2026-04-21,P000824,227.77,4949.57
D005,2026-05-03,P000824,332.86,5355.85
D005,2026-06-03,P000824,336.42,7610.47
D005,2025-11-10,P000825,472.95,5951.36
D005,2025-12-18,P000825,345.95,8540.32
D005,2026-01-12,P000825,323.81,7416.01
D005,2026-02-18,P000825,169.08,2792.95
D005,2026-03-05,P000825,249.8,5994.49
D005,2026-04-08,P000825,625.71,6568.49
D005,2025-11-10,P000826,1526.27,25948.99
D005,2025-12-11,P000826,1010.51,11043.42
D005,2026-01-16,P000826,2011.23,20828.12
D005,2026-02-15,P000826,460.07,6557.6
D005,2026-03-19,P000826,1322.98,22046.18
D005,2026-04-09,P000826,992.72,21147.53
D005,2026-05-16,P000826,1641.78,17459.92
D005,2026-06-27,P000826,948.49,15848.81
D005,2025-11-14,P000827,148.05,3069.62
D005,2025-12-21,P000827,319.09,4235.54
D005,2026-01-02,P000827,229.66,3775.59
D005,2026-02-04,P000827,203.82,4052.05
D005,2026-03-21,P000827,287.8,4393.71
D005,2026-04-13,P000827,296.73,5100.4
D005,2026-05-24,P000827,257.97,3289.93
D005,2026-06-10,P000827,351.19,4052.32
D005,2025-11-16,P000828,92.19,2155.53
D005,2025-12-23,P000828,84.19,1387.92
D005,2026-01-08,P000828,280.67,3308.83
D005,2026-02-26,P000828,132.33,3002.8
D005,2026-03-25,P000828,114.95,2383.34
D005,2026-04-22,P000828,169.85,2408.6
D005,2026-05-23,P000828,140.57,2576.84
D005,2026-06-12,P000828,99.99,2448.06
D005,2025-11-08,P000829,195.23,3158.82
D005,2025-12-08,P000829,261.49,3191.31
D005,2026-01-15,P000829,121.13,2645.47
D005,2026-02-25,P000829,228.6,2165.35
D005,2026-04-25,P000829,172.41,3184.0
D005,2026-05-10,P000829,98.18,1474.25
D005,2026-06-14,P000829,238.59,2060.0
D005,2025-11-16,P000830,899.48,13662.87
D005,2025-12-24,P000830,505.45,4336.62
D005,2026-01-08,P000830,594.99,6588.16
D005,2026-02-26,P000830,1131.47,12362.23
D005,2026-03-04,P000830,461.78,10083.89
D005,2026-04-19,P000830,592.04,8093.56
D005,2026-05-22,P000830,1000.88,9524.95
D005,2025-11-18,P000831,715.61,7470.31
D005,2025-12-11,P000831,345.34,5774.96
D005,2026-01-24,P000831,253.32,3727.72
D005,2026-02-09,P000831,259.81,4744.82
D005,2026-03-04,P000831,339.94,3655.65
D005,2026-04-15,P000831,352.88,4132.18
D005,2025-11-11,P000832,650.72,5503.73
D005,2025-12-25,P000832,136.81,2350.18
D005,2026-01-07,P000832,155.33,3176.44
D005,2026-02-03,P000832,92.96,2120.39
D005,2026-03-01,P000832,279.02,3879.22
D005,2026-04-05,P000832,159.96,3755.34
D005,2026-05-11,P000832,156.51,3823.31
D005,2025-11-19,P000833,458.85,3917.12
D005,2025-12-06,P000833,217.13,2979.47
D005,2026-01-02,P000833,185.92,4454.26
D005,2026-02-15,P000833,141.51,3474.24
D005,2026-03-20,P000833,176.92,4355.82
D005,2026-04-26,P000833,267.54,4028.16
D005,2026-05-05,P000833,122.02,2767.45
D005,2025-11-16,P000834,505.39,5843.69
D005,2025-12-03,P000834,377.16,7377.24
D005,2026-01-21,P000834,249.79,5404.16
D005,2026-03-17,P000834,135.29,2845.22
D005,2026-04-06,P000834,703.63,6224.69
D005,2026-05-04,P000834,286.61,5072.63
D005,2026-06-17,P000834,547.17,5645.63
D005,2025-11-21,P000835,183.74,4479.24
D005,2026-01-06,P000835,1338.06,11025.44
D005,2026-02-18,P000835,619.01,7217.29
D005,2026-04-21,P000835,295.98,6906.74
D005,2026-05-19,P000835,684.03,13069.09
D005,2026-06-02,P000835,762.56,7870.56
D005,2025-11-20,P000836,560.0,8650.63
D005,2026-01-17,P000836,763.6,17956.17
D005,2026-02-25,P000836,980.6,11589.55
D005,2026-03-07,P000836,383.8,6228.15
D005,2026-04-02,P000836,956.26,15678.1
D005,2026-05-15,P000836,692.16,6578.92
D005,2026-06-22,P000836,401.57,9985.51
D005,2025-11-07,P000837,332.1,3159.68
D005,2025-12-20,P000837,253.14,3877.83
D005,2026-01-13,P000837,133.98,3206.22
D005,2026-02-21,P000837,207.26,4444.44
D005,2026-03-04,P000837,210.62,2465.56
D005,2026-04-03,P000837,87.78,2154.17
D005,2026-05-05,P000837,174.41,4273.54
D005,2026-06-14,P000837,238.19,4639.99
D005,2025-11-07,P000838,1046.31,20490.5
D005,2025-12-24,P000838,2956.13,30418.19
D005,2026-01-13,P000838,1765.61,30354.0
D005,2026-02-11,P000838,2372.71,41473.85
D005,2026-03-08,P000838,2425.77,34805.04
D005,2026-04-20,P000838,1746.88,37959.12
D005,2026-06-10,P000838,1634.1,25193.32
D005,2025-11-25,P000839,2482.77,50678.93
D005,2025-12-01,P000839,6656.0,100510.1
D005,2026-01-18,P000839,7488.31,124208.24
D005,2026-02-19,P000839,6615.19,81657.57
D005,2026-03-18,P000839,8158.51,111000.95
D005,2026-04-09,P000839,4944.45,63621.96
D005,2026-05-20,P000839,2299.22,23009.43
D005,2026-06-21,P000839,6015.1,110835.15
D005,2025-11-01,P000840,20.01,345.21
D005,2025-12-09,P000840,252.32,3703.77
D005,2026-01-08,P000840,388.8,3387.43
D005,2026-02-21,P000840,268.51,2180.99
D005,2026-03-19,P000840,161.07,2832.63
D005,2026-05-20,P000840,310.45,3339.15
D005,2026-06-26,P000840,114.86,2825.48
D005,2025-11-17,P000841,416.37,9687.76
D005,2025-12-14,P000841,433.17,10410.39
D005,2026-01-21,P000841,1305.05,13669.25
D005,2026-02-03,P000841,1307.19,11483.51
D005,2026-03-06,P000841,1092.41,9195.94
D005,2026-04-05,P000841,796.68,10497.14
D005,2026-05-03,P000841,191.83,3745.38
D005,2026-06-27,P000841,1252.58,10834.51
D005,2025-12-18,P000842,549.65,13601.8
D005,2026-01-23,P000842,740.55,11385.02
D005,2026-02-10,P000842,518.68,12224.21
D005,2026-03-22,P000842,1230.48,19553.69
D005,2026-04-15,P000842,1177.09,13313.07
D005,2025-11-09,P000843,1721.47,35832.36
D005,2025-12-16,P000843,2308.21,20239.6
D005,2026-02-03,P000843,2508.05,28909.94
D005,2026-03-07,P000843,1890.75,16725.53
D005,2026-04-20,P000843,1392.94,23868.23
D005,2026-05-23,P000843,1350.22,30657.03
D005,2026-06-07,P000843,2386.4,26675.46
D005,2025-11-25,P000844,189.35,3994.85
D005,2025-12-04,P000844,353.56,4233.9
D005,2026-01-11,P000844,202.2,2914.22
D005,2026-02-16,P000844,365.83,3848.23
D005,2026-03-11,P000844,360.48,4359.53
D005,2026-04-09,P000844,273.5,4599.17
D005,2026-05-11,P000844,284.41,3553.43
D005,2026-06-07,P000844,417.64,4412.9
D005,2025-11-16,P000845,211.11,4384.94
D005,2026-02-18,P000845,403.34,6539.75
D005,2026-03-16,P000845,161.39,3806.47
D005,2026-05-01,P000845,226.23,5101.51
D005,2026-06-27,P000845,228.63,3771.25
D005,2025-11-04,P000846,613.58,12152.44
D005,2025-12-25,P000846,860.13,7349.53
D005,2026-01-21,P000846,389.69,5832.59
D005,2026-02-06,P000846,382.73,9489.04
D005,2026-03-13,P000846,567.85,12902.32
D005,2026-04-20,P000846,644.81,16090.11
D005,2026-06-09,P000846,769.17,6194.03
D005,2025-11-08,P000847,304.15,5288.13
D005,2025-12-01,P000847,664.1,5620.54
D005,2026-01-17,P000847,281.75,6386.74
D005,2026-02-11,P000847,385.66,8840.45
D005,2026-03-24,P000847,1297.82,11208.37
D005,2026-04-15,P000847,462.34,4728.49
D005,2026-05-05,P000847,171.94,3117.58
D005,2026-06-18,P000847,504.1,7418.68
D005,2025-11-27,P000848,1927.01,23918.63
D005,2025-12-19,P000848,1943.45,29669.54
D005,2026-01-17,P000848,2747.06,28679.78
D005,2026-02-22,P000848,1435.71,35654.69
D005,2026-03-02,P000848,949.93,19064.41
D005,2026-04-23,P000848,1594.74,39309.08
D005,2026-05-16,P000848,2905.44,35856.24
D005,2025-11-14,P000849,1518.55,19696.94
D005,2025-12-10,P000849,986.08,15098.59
D005,2026-01-07,P000849,1512.3,33910.01
D005,2026-02-17,P000849,1034.15,16397.55
D005,2026-03-10,P000849,1086.53,12794.74
D005,2026-05-21,P000849,1326.9,27314.12
D005,2026-06-19,P000849,2198.42,26890.33
D005,2025-12-21,P000850,1377.56,18278.11
D005,2026-02-23,P000850,841.3,17232.44
D005,2026-03-09,P000850,904.38,12296.37
D005,2026-04-17,P000850,1514.72,19209.47
D005,2026-05-19,P000850,901.57,17104.59
D005,2026-06-21,P000850,1135.85,19161.18
D005,2025-11-06,P000851,380.31,8173.71
D005,2025-12-06,P000851,464.06,10837.52
D005,2026-01-19,P000851,174.25,3596.02
D005,2026-02-01,P000851,1080.45,10878.35
D005,2026-03-23,P000851,336.48,7186.34
D005,2026-05-23,P000851,892.68,7880.42
D005,2026-06-23,P000851,336.55,5109.06
D005,2025-11-19,P000852,4754.54,41463.66
D005,2026-01-09,P000852,1669.5,24527.8
D005,2026-02-07,P000852,1583.55,34910.4
D005,2026-03-25,P000852,1219.97,15367.85
D005,2026-04-19,P000852,5259.26,48847.19
D005,2026-05-15,P000852,1630.4,35695.54
D005,2025-11-08,P000853,1365.55,12949.11
D005,2026-01-21,P000853,582.01,13574.27
D005,2026-02-02,P000853,492.46,11040.83
D005,2026-03-08,P000853,550.52,5068.38
D005,2026-04-25,P000853,742.63,18362.75
D005,2026-05-02,P000853,1076.55,26450.36
D005,2025-11-19,P000854,273.34,6124.6
D005,2025-12-25,P000854,397.59,6839.87
D005,2026-01-01,P000854,503.05,10818.3
D005,2026-02-12,P000854,333.16,4968.32
D005,2026-03-21,P000854,230.77,4601.07
D005,2026-04-10,P000854,172.9,3980.05
D005,2026-05-06,P000854,185.99,3784.11
D005,2025-12-01,P000855,2881.16,35567.97
D005,2026-01-19,P000855,2679.81,45441.87
D005,2026-02-19,P000855,1177.35,22109.36
D005,2026-03-21,P000855,2756.32,62241.69
D005,2026-04-27,P000855,1325.85,28773.72
D005,2026-06-27,P000855,1686.26,35273.51
D005,2025-11-26,P000856,804.72,13303.13
D005,2025-12-01,P000856,1320.14,13581.88
D005,2026-01-12,P000856,346.44,5302.22
D005,2026-03-11,P000856,783.93,11768.0
D005,2026-04-08,P000856,756.83,7651.15
D005,2026-06-08,P000856,426.18,10635.3
D005,2025-11-18,P000857,90.62,1937.02
D005,2025-12-12,P000857,173.68,3759.54
D005,2026-01-13,P000857,70.53,1178.88
D005,2026-02-04,P000857,136.41,1806.03
D005,2026-04-02,P000857,33.58,821.85
D005,2026-06-09,P000857,140.31,2439.23
D006,2025-11-11,P000858,102.17,1608.57
D006,2025-12-16,P000858,285.93,3165.69
D006,2026-02-27,P000858,120.79,2320.54
D006,2026-03-18,P000858,109.9,1915.93
D006,2026-04-26,P000858,153.21,2717.83
D006,2026-05-12,P000858,114.79,1721.41
D006,2026-06-01,P000858,243.18,2479.53
D006,2025-11-03,P000859,303.87,4699.23
D006,2025-12-14,P000859,429.38,5450.72
D006,2026-01-11,P000859,456.67,6363.78
D006,2026-02-19,P000859,560.22,7369.43
D006,2026-03-04,P000859,370.69,4971.18
D006,2026-04-07,P000859,442.67,5358.73
D006,2026-06-13,P000859,446.2,5860.96
D006,2025-11-10,P000860,8007.88,71567.34
D006,2025-12-03,P000860,4902.3,115112.72
D006,2026-01-05,P000860,2694.21,61590.6
D006,2026-02-24,P000860,4037.46,97935.91
D006,2026-03-08,P000860,8348.49,95979.36
D006,2026-04-15,P000860,2121.45,51005.54
D006,2026-05-25,P000860,3165.93,74073.07
D006,2026-06-22,P000860,5586.58,97400.52
D006,2025-12-03,P000861,143.64,2109.07
D006,2026-01-10,P000861,162.28,2511.37
D006,2026-03-05,P000861,121.44,2402.53
D006,2026-04-02,P000861,244.94,2967.1
D006,2026-06-13,P000861,136.25,2566.51
D006,2025-11-06,P000862,1739.18,37286.03
D006,2025-12-15,P000862,1730.83,38541.39
D006,2026-01-26,P000862,2161.23,30682.45
D006,2026-02-23,P000862,4334.81,49205.51
D006,2026-03-19,P000862,2240.0,34655.24
D006,2026-04-18,P000862,2465.97,41542.34
D006,2026-05-04,P000862,1663.43,30103.42
D006,2026-06-21,P000862,2266.57,42400.82
D006,2025-11-11,P000863,235.23,3212.23
D006,2026-01-27,P000863,125.15,2772.27
D006,2026-02-25,P000863,233.09,2074.19
D006,2026-03-17,P000863,58.06,937.22
D006,2026-04-09,P000863,113.86,1067.27
D006,2026-05-22,P000863,108.26,2287.28
D006,2025-11-06,P000864,1209.56,20294.19
D006,2025-12-23,P000864,4321.73,48945.42
D006,2026-01-10,P000864,2905.61,63811.71
D006,2026-03-05,P000864,2160.55,37890.77
D006,2026-04-23,P000864,2992.89,40294.5
D006,2026-05-02,P000864,2211.58,26628.89
D006,2026-06-18,P000864,1974.55,47043.57
D006,2025-11-16,P000865,4807.32,62696.8
D006,2025-12-15,P000865,1338.82,30681.92
D006,2026-01-26,P000865,2550.31,46402.41
D006,2026-02-23,P000865,6947.01,64161.27
D006,2026-03-18,P000865,5005.82,77950.48
D006,2026-05-07,P000865,2778.0,50937.02
D006,2026-06-21,P000865,2355.61,45787.3
D006,2025-11-26,P000866,1741.29,37504.28
D006,2025-12-21,P000866,1265.28,20270.34
D006,2026-01-24,P000866,1172.65,17503.46
D006,2026-02-04,P000866,1453.1,24736.72
D006,2026-03-09,P000866,2074.81,22682.76
D006,2026-05-02,P000866,1371.51,21541.8
D006,2026-06-07,P000866,2168.49,37693.01
D006,2025-11-01,P000867,2966.34,30064.79
D006,2025-12-13,P000867,2691.89,26621.95
D006,2026-01-02,P000867,888.9,22215.02
D006,2026-02-06,P000867,1231.23,26282.82
D006,2026-03-08,P000867,2072.57,35835.98
D006,2026-04-26,P000867,2318.59,33610.14
D006,2026-05-08,P000867,1492.26,34596.33
D006,2025-11-19,P000868,455.21,9343.1
D006,2025-12-08,P000868,289.77,7011.53
D006,2026-01-21,P000868,413.52,9150.84
D006,2026-02-03,P000868,497.2,9706.0
D006,2026-03-14,P000868,659.32,8045.81
D006,2026-04-12,P000868,333.08,6174.94
D006,2026-05-04,P000868,372.86,5854.71
D006,2025-11-26,P000869,3003.47,42074.49
D006,2025-12-27,P000869,3204.84,52545.29
D006,2026-01-26,P000869,1554.79,29187.17
D006,2026-02-04,P000869,900.87,13755.17
D006,2026-03-25,P000869,2151.93,45709.58
D006,2026-04-19,P000869,2263.22,34399.07
D006,2026-05-08,P000869,1729.21,26271.14
D006,2025-11-23,P000870,469.15,7283.41
D006,2025-12-22,P000870,1078.59,11587.58
D006,2026-01-27,P000870,476.7,10649.6
D006,2026-02-08,P000870,547.19,9475.88
D006,2026-03-27,P000870,640.29,7703.91
D006,2026-04-12,P000870,419.12,7566.4
D006,2026-06-13,P000870,390.82,6358.62
D006,2025-11-26,P000871,607.36,6840.42
D006,2025-12-04,P000871,564.75,6733.44
D006,2026-01-14,P000871,600.29,7096.05
D006,2026-02-22,P000871,246.26,4134.28
D006,2026-03-14,P000871,457.63,7357.72
D006,2026-04-12,P000871,438.92,9939.48
D006,2026-05-08,P000871,583.55,6147.4
D006,2026-06-15,P000871,362.65,8563.52
D006,2025-12-24,P000872,269.14,5615.83
D006,2026-02-03,P000872,206.36,4120.37
D006,2026-03-24,P000872,319.86,5018.75
D006,2026-05-09,P000872,515.5,6406.68
D006,2026-06-22,P000872,252.33,5707.72
D006,2025-11-20,P000873,10428.12,88090.46
D006,2025-12-07,P000873,5974.3,48228.6
D006,2026-01-17,P000873,3387.06,60119.93
D006,2026-02-26,P000873,2675.25,53472.02
D006,2026-03-10,P000873,4435.22,36052.36
D006,2026-04-09,P000873,3912.89,83503.94
D006,2026-05-07,P000873,1715.53,42413.34
D006,2026-06-06,P000873,6470.43,60082.2
D006,2025-11-22,P000874,718.15,14453.29
D006,2025-12-12,P000874,439.44,10027.23
D006,2026-02-14,P000874,276.34,5834.54
D006,2026-03-14,P000874,565.11,9522.38
D006,2026-05-22,P000874,473.14,8839.61
D006,2025-11-02,P000875,614.29,5449.82
D006,2025-12-03,P000875,486.04,11085.92
D006,2026-01-04,P000875,222.82,4651.96
D006,2026-02-09,P000875,814.07,11497.19
D006,2026-03-06,P000875,414.92,6304.28
D006,2026-04-16,P000875,712.0,11702.37
D006,2026-05-09,P000875,474.75,8167.36
D006,2026-06-01,P000875,458.91,9558.0
D006,2025-11-14,P000876,164.88,3226.26
D006,2025-12-27,P000876,193.07,4572.11
D006,2026-01-25,P000876,190.45,3867.97
D006,2026-02-27,P000876,90.05,2076.5
D006,2026-03-20,P000876,242.91,4113.54
D006,2026-04-21,P000876,152.66,3203.41
D006,2026-05-22,P000876,154.81,3334.11
D006,2026-06-24,P000876,108.96,2452.28
D006,2025-11-07,P000877,416.68,8191.51
D006,2025-12-19,P000877,270.65,6247.96
D006,2026-02-06,P000877,267.93,4287.42
D006,2026-03-05,P000877,440.15,4373.58
D006,2026-05-22,P000877,306.04,4947.69
D006,2026-06-16,P000877,441.19,6435.14
D006,2025-11-20,P000878,589.82,8651.9
D006,2026-01-24,P000878,584.99,10690.38
D006,2026-03-22,P000878,680.66,13269.23
D006,2026-04-22,P000878,256.33,3090.93
D006,2026-06-12,P000878,266.19,6031.82
D006,2025-11-15,P000879,351.41,5372.56
D006,2025-12-06,P000879,441.45,7531.09
D006,2026-01-08,P000879,324.48,5369.41
D006,2026-02-12,P000879,227.84,4375.3
D006,2026-03-24,P000879,739.51,6038.42
D006,2026-04-22,P000879,126.85,3088.04
D006,2026-05-07,P000879,291.29,4819.22
D006,2026-06-26,P000879,311.82,6510.73
D006,2025-11-25,P000880,607.19,7771.83
D006,2025-12-05,P000880,268.66,5522.05
D006,2026-01-19,P000880,652.94,5695.6
D006,2026-02-11,P000880,200.03,4298.12
D006,2026-03-26,P000880,342.23,8502.2
D006,2026-04-11,P000880,324.94,7073.93
D006,2026-05-16,P000880,323.08,6116.09
D006,2025-11-22,P000881,232.03,5062.88
D006,2025-12-21,P000881,298.94,4408.34
D006,2026-02-15,P000881,280.12,3170.91
D006,2026-03-27,P000881,337.74,6889.63
D006,2026-04-10,P000881,1097.86,9512.12
D006,2026-05-08,P000881,629.69,12352.3
D006,2026-06-18,P000881,955.17,12701.46
D006,2025-11-10,P000882,845.18,19785.66
D006,2025-12-11,P000882,981.9,11816.83
D006,2026-02-22,P000882,1476.81,21368.49
D006,2026-03-02,P000882,1276.46,25666.05
D006,2026-04-10,P000882,1188.32,22212.52
D006,2026-06-06,P000882,1416.55,24575.32
D006,2025-12-14,P000883,1270.6,15979.47
D006,2026-01-22,P000883,708.52,13749.03
D006,2026-02-07,P000883,1366.61,18242.08
D006,2026-03-20,P000883,615.47,6581.36
D006,2026-04-01,P000883,800.92,17449.89
D006,2026-05-22,P000883,346.76,7110.98
D006,2025-11-22,P000884,718.28,8028.59
D006,2025-12-07,P000884,1064.18,11048.36
D006,2026-02-04,P000884,346.96,8064.92
D006,2026-03-03,P000884,372.47,5924.63
D006,2026-04-19,P000884,507.01,9981.28
D006,2026-06-11,P000884,490.76,10475.53
D006,2025-11-06,P000885,2753.75,32859.91
D006,2025-12-24,P000885,2680.07,28672.06
D006,2026-01-12,P000885,1127.12,28024.21
D006,2026-02-27,P000885,1211.64,17821.79
D006,2026-04-27,P000885,3916.55,39560.59
D006,2026-05-22,P000885,2987.69,28051.08
D006,2026-06-24,P000885,716.61,16552.87
D006,2025-11-16,P000886,1676.19,36208.66
D006,2025-12-27,P000886,2464.81,47984.62
D006,2026-01-23,P000886,1714.39,26401.71
D006,2026-02-24,P000886,1451.0,30236.81
D006,2026-03-10,P000886,2639.05,36545.74
D006,2026-05-09,P000886,2404.24,40922.16
D006,2026-01-16,P000887,442.65,5945.47
D006,2026-02-18,P000887,551.96,5163.87
D006,2026-03-05,P000887,645.35,8860.27
D006,2026-04-16,P000887,351.89,6755.39
D006,2026-05-08,P000887,387.32,3969.39
D006,2026-06-21,P000887,192.98,4637.46
D006,2025-11-21,P000888,407.7,5333.88
D006,2025-12-12,P000888,332.51,4356.13
D006,2026-01-03,P000888,707.38,8682.12
D006,2026-02-18,P000888,466.45,11206.06
D006,2026-03-25,P000888,456.6,5910.35
D006,2026-04-23,P000888,262.01,5534.9
D006,2026-05-21,P000888,323.51,8079.52
D006,2026-06-13,P000888,404.27,8363.9
D006,2025-11-08,P000889,189.74,4057.75
D006,2025-12-17,P000889,570.57,4584.21
D006,2026-02-13,P000889,329.57,2835.7
D006,2026-03-12,P000889,151.18,2134.17
D006,2026-04-15,P000889,195.53,4773.91
D006,2026-05-08,P000889,389.52,4947.34
D006,2026-06-21,P000889,255.85,5144.59
D006,2025-12-19,P000890,391.56,8544.83
D006,2026-01-05,P000890,752.01,14450.96
D006,2026-02-06,P000890,1111.25,10149.71
D006,2026-03-19,P000890,441.13,9597.34
D006,2026-04-16,P000890,695.17,15150.77
D006,2026-05-17,P000890,711.51,15076.37
D006,2026-06-03,P000890,597.19,13703.01
D006,2025-11-21,P000891,939.44,18154.19
D006,2025-12-16,P000891,1709.41,28280.16
D006,2026-01-02,P000891,2016.71,25768.12
D006,2026-02-13,P000891,2510.62,28280.68
D006,2026-03-20,P000891,2295.34,32308.59
D006,2026-04-11,P000891,2138.76,34684.64
D006,2026-05-15,P000891,1299.17,20035.74
D006,2026-06-03,P000891,150.43,3240.91
D006,2025-11-16,P000892,161.14,3912.0
D006,2025-12-06,P000892,169.27,4224.6
D006,2026-02-10,P000892,199.82,4204.71
D006,2026-03-09,P000892,333.16,5067.64
D006,2026-04-04,P000892,238.34,4848.41
D006,2026-05-16,P000892,166.54,3828.77
D006,2026-06-23,P000892,491.8,4799.98
D006,2025-11-07,P000893,2693.24,38363.2
D006,2025-12-24,P000893,3614.06,44515.9
D006,2026-02-22,P000893,2181.73,40849.64
D006,2026-03-07,P000893,3556.17,30149.72
D006,2026-04-08,P000893,2043.09,46646.19
D006,2026-05-04,P000893,2873.26,36053.33
D006,2026-06-12,P000893,2861.87,43380.26
D006,2025-11-19,P000894,837.52,11128.02
D006,2025-12-10,P000894,448.71,6095.85
D006,2026-02-18,P000894,463.67,5425.77
D006,2026-04-07,P000894,419.78,9478.33
D006,2026-05-06,P000894,589.72,9821.65
D006,2026-06-19,P000894,830.33,12979.73
D006,2025-11-03,P000895,1975.3,33240.59
D006,2025-12-15,P000895,1276.19,26643.48
D006,2026-01-05,P000895,2279.6,18875.71
D006,2026-02-04,P000895,1162.47,25067.54
D006,2026-03-15,P000895,1569.06,22573.84
D006,2026-04-22,P000895,2873.79,40397.83
D006,2026-05-22,P000895,1356.0,26917.26
D006,2026-06-25,P000895,3479.89,28674.63
D006,2025-11-27,P000896,1853.52,30390.57
D006,2025-12-02,P000896,1916.87,39168.0
D006,2026-01-19,P000896,903.11,21373.95
D006,2026-02-23,P000896,865.24,19902.19
D006,2026-03-01,P000896,2371.5,36830.09
D006,2026-04-05,P000896,1489.14,36913.56
D006,2026-05-19,P000896,2858.33,37455.74
D006,2026-06-23,P000896,2016.97,36236.39
D006,2026-01-04,P000897,93.48,2096.55
D006,2026-02-04,P000897,119.7,2096.14
D006,2026-03-10,P000897,89.86,1828.49
D006,2026-04-05,P000897,52.93,798.27
D006,2026-05-10,P000897,153.93,2281.61
D006,2026-06-17,P000897,87.4,2097.21
D006,2025-11-05,P000898,561.29,7784.6
D006,2025-12-18,P000898,427.06,9726.97
D006,2026-01-07,P000898,641.77,8932.19
D006,2026-02-10,P000898,493.49,7258.28
D006,2026-03-17,P000898,979.31,7839.26
D006,2026-04-13,P000898,275.95,6870.29
D006,2026-05-18,P000898,90.21,1760.35
D006,2026-06-23,P000898,544.66,10084.19
D006,2025-11-09,P000899,231.04,3472.11
D006,2025-12-25,P000899,217.04,4602.96
D006,2026-02-25,P000899,254.81,3903.5
D006,2026-03-18,P000899,121.3,2830.98
D006,2026-04-06,P000899,137.44,1302.57
D006,2026-05-25,P000899,340.3,5030.31
D006,2026-06-20,P000899,333.99,2868.73
D006,2025-11-08,P000900,2944.94,53377.88
D006,2025-12-06,P000900,2537.08,49082.03
D006,2026-01-21,P000900,922.58,19855.31
D006,2026-03-01,P000900,1901.19,45401.97
D006,2026-04-25,P000900,1862.96,43933.11
D006,2026-05-14,P000900,3114.16,53424.43
D006,2026-06-17,P000900,1187.84,19859.29
D006,2025-11-09,P000901,311.4,6248.13
D006,2025-12-10,P000901,257.28,6232.38
D006,2026-01-21,P000901,263.79,5195.57
D006,2026-02-11,P000901,318.5,7881.9
D006,2026-03-08,P000901,222.62,4787.52
D006,2026-04-06,P000901,969.77,9588.46
D006,2026-05-13,P000901,278.26,5999.3
D006,2026-06-19,P000901,438.61,6349.53
D006,2025-12-08,P000902,341.89,7498.97
D006,2026-01-14,P000902,418.5,10382.8
D006,2026-02-25,P000902,421.72,9911.52
D006,2026-04-06,P000902,1245.16,16697.07
D006,2026-05-20,P000902,830.8,11562.26
D006,2026-06-02,P000902,439.83,10262.76
D006,2025-11-22,P000903,46.33,921.74
D006,2026-01-17,P000903,56.21,1324.94
D006,2026-02-15,P000903,40.11,957.06
D006,2026-03-10,P000903,83.69,1838.82
D006,2026-05-13,P000903,71.05,1274.77
D006,2026-06-04,P000903,76.98,1745.75
D006,2025-11-11,P000904,301.06,6199.42
D006,2025-12-09,P000904,359.34,7016.01
D006,2026-01-24,P000904,179.12,3632.0
D006,2026-02-20,P000904,354.26,5432.17
D006,2026-03-08,P000904,355.03,8116.84
D006,2026-04-07,P000904,294.4,5164.84
D006,2026-05-05,P000904,870.69,7743.5
D006,2026-06-05,P000904,256.44,5551.39
D006,2025-11-08,P000905,528.17,12678.43
D006,2026-01-11,P000905,897.49,16820.77
D006,2026-02-19,P000905,496.15,8076.56
D006,2026-03-09,P000905,655.15,13397.36
D006,2026-04-18,P000905,1106.44,16966.22
D006,2026-05-03,P000905,655.83,12789.98
D006,2026-06-10,P000905,963.26,13694.12
D006,2025-11-24,P000906,1535.01,14260.59
D006,2026-01-18,P000906,760.15,10763.85
D006,2026-02-02,P000906,824.49,12268.81
D006,2026-03-13,P000906,556.93,11150.17
D006,2026-04-25,P000906,223.45,4479.67
D006,2026-05-09,P000906,686.23,10830.98
D006,2026-06-06,P000906,1185.69,13346.18
D006,2025-12-10,P000907,322.61,7838.37
D006,2026-01-06,P000907,423.96,5693.93
D006,2026-02-27,P000907,719.01,6967.18
D006,2026-03-05,P000907,528.57,8317.0
D006,2026-04-23,P000907,484.18,7540.01
D006,2026-06-20,P000907,155.29,3093.85
D006,2025-11-11,P000908,262.94,5035.31
D006,2025-12-17,P000908,597.35,5772.84
D006,2026-01-12,P000908,657.46,7200.09
D006,2026-02-07,P000908,192.13,4796.29
D006,2026-03-18,P000908,120.1,2431.9
D006,2026-04-13,P000908,293.11,3860.01
D006,2026-05-02,P000908,408.93,6626.08
D006,2026-06-06,P000908,317.51,3768.83
D006,2025-11-17,P000909,1251.75,21482.52
D006,2025-12-22,P000909,3759.6,45488.31
D006,2026-01-19,P000909,2817.98,40554.67
D006,2026-03-20,P000909,2281.4,38026.67
D006,2026-04-06,P000909,3921.46,58210.06
D006,2026-05-07,P000909,3809.2,35577.74
D006,2026-06-15,P000909,1798.62,29497.67
D006,2025-11-06,P000910,514.06,6007.89
D006,2025-12-27,P000910,567.64,6564.01
D006,2026-01-19,P000910,784.4,9476.19
D006,2026-02-22,P000910,465.11,7782.88
D006,2026-03-22,P000910,469.63,7073.87
D006,2026-04-07,P000910,513.56,9055.55
D006,2026-05-16,P000910,414.67,6560.09
D006,2026-06-15,P000910,236.29,4527.33
D006,2025-11-16,P000911,330.12,5640.75
D006,2025-12-09,P000911,799.35,7229.13
D006,2026-01-16,P000911,193.2,4657.3
D006,2026-03-13,P000911,365.98,8472.43
D006,2026-04-19,P000911,457.52,8124.07
D006,2026-05-22,P000911,175.83,4388.26
D006,2026-06-14,P000911,520.3,9857.3
D006,2025-11-08,P000912,267.01,4560.12
D006,2025-12-26,P000912,344.98,6107.78
D006,2026-01-10,P000912,690.07,6201.72
D006,2026-02-20,P000912,222.97,5201.17
D006,2026-04-16,P000912,456.69,7438.33
D006,2026-06-25,P000912,544.9,5770.07
D006,2025-11-25,P000913,270.7,5846.53
D006,2025-12-21,P000913,283.65,5672.72
D006,2026-01-03,P000913,323.41,7362.3
D006,2026-02-13,P000913,108.54,2476.18
D006,2026-03-09,P000913,237.34,4000.68
D006,2026-04-02,P000913,205.89,5094.45
D006,2026-05-12,P000913,396.92,7133.83
D006,2026-06-24,P000913,441.22,9975.92
D006,2025-12-01,P000914,1926.7,46872.75
D006,2026-02-13,P000914,3324.69,43829.94
D006,2026-03-24,P000914,6330.47,83309.66
D006,2026-05-03,P000914,2593.65,64172.99
D006,2026-06-11,P000914,1908.86,37700.27
D006,2025-11-20,P000915,287.22,2541.5
D006,2025-12-24,P000915,1243.73,16298.06
D006,2026-02-07,P000915,537.25,12337.42
D006,2026-03-27,P000915,1261.23,13042.64
D006,2026-04-06,P000915,599.74,8591.89
D006,2026-05-02,P000915,830.71,12640.74
D006,2026-06-04,P000915,670.08,13415.38
D006,2025-11-11,P000916,242.14,5622.3
D006,2025-12-11,P000916,672.76,10346.89
D006,2026-01-09,P000916,754.81,13576.04
D006,2026-02-16,P000916,1443.99,13822.47
D006,2026-04-15,P000916,957.75,9498.59
D006,2026-05-19,P000916,400.04,6055.74
D006,2026-06-04,P000916,297.96,6796.83
D006,2025-11-11,P000917,292.09,5368.67
D006,2025-12-08,P000917,276.49,5627.75
D006,2026-01-27,P000917,443.65,4062.64
D006,2026-02-05,P000917,416.64,4430.06
D006,2026-03-01,P000917,338.13,5223.85
D006,2026-04-02,P000917,363.62,5645.86
D006,2026-05-04,P000917,225.38,4431.95
D006,2026-06-05,P000917,444.96,5782.18
D006,2025-11-25,P000918,1135.91,27024.4
D006,2025-12-27,P000918,3463.07,51508.14
D006,2026-01-12,P000918,2452.07,47420.2
D006,2026-02-18,P000918,2730.54,44434.27
D006,2026-03-02,P000918,1823.05,32915.61
D006,2026-05-12,P000918,2091.26,33027.37
D006,2025-12-05,P000919,7781.73,80078.37
D006,2026-01-17,P000919,2490.22,59324.48
D006,2026-02-23,P000919,5875.53,50327.69
D006,2026-03-09,P000919,1335.05,27498.5
D006,2026-05-15,P000919,5422.01,107867.46
D006,2026-06-14,P000919,5104.01,48044.94
D006,2025-11-18,P000920,196.44,3020.95
D006,2025-12-09,P000920,291.8,3654.51
D006,2026-01-17,P000920,106.74,2663.59
D006,2026-02-03,P000920,136.84,2110.77
D006,2026-03-17,P000920,191.04,3270.21
D006,2026-04-11,P000920,265.83,3951.96
D006,2026-05-06,P000920,198.42,2725.03
D006,2026-06-02,P000920,204.89,3773.03
D006,2025-11-16,P000921,445.49,3663.21
D006,2025-12-05,P000921,57.34,1267.02
D006,2026-01-08,P000921,254.34,4401.6
D006,2026-02-12,P000921,263.02,3361.39
D006,2026-03-17,P000921,271.11,5018.52
D006,2026-04-03,P000921,140.9,3491.14
D006,2026-05-19,P000921,253.22,4437.73
D006,2026-06-20,P000921,295.14,5624.19
D006,2025-12-07,P000922,1752.71,40682.74
D006,2026-01-10,P000922,5085.52,58010.18
D006,2026-02-20,P000922,2169.42,43827.73
D006,2026-03-27,P000922,1648.51,20510.78
D006,2026-04-04,P000922,3567.39,41776.49
D006,2026-05-13,P000922,1939.93,42768.7
D006,2026-06-03,P000922,3054.26,26543.77
D006,2025-11-19,P000923,316.34,6309.36
D006,2025-12-09,P000923,540.61,5844.15
D006,2026-01-12,P000923,1066.49,13778.28
D006,2026-02-09,P000923,447.29,11027.27
D006,2026-03-21,P000923,621.63,7141.0
D006,2026-04-04,P000923,636.53,10338.9
D006,2026-05-04,P000923,470.14,10554.74
D006,2026-06-22,P000923,98.85,1661.6
D006,2025-11-16,P000924,1912.82,43990.38
D006,2025-12-18,P000924,2989.81,41650.51
D006,2026-01-01,P000924,1856.39,41834.3
D006,2026-02-18,P000924,1068.74,26635.5
D006,2026-03-21,P000924,1073.53,26119.83
D006,2026-05-18,P000924,3588.67,52547.12
D006,2025-11-20,P000925,2630.37,38919.12
D006,2026-01-23,P000925,3562.38,29917.44
D006,2026-02-16,P000925,1498.76,23600.42
D006,2026-03-08,P000925,2847.51,40311.43
D006,2026-05-07,P000925,1538.9,35850.05
D006,2025-12-05,P000926,214.63,4903.38
D006,2026-01-12,P000926,520.62,6647.15
D006,2026-02-17,P000926,297.32,5007.53
D006,2026-03-05,P000926,367.96,4385.58
D006,2026-05-22,P000926,292.27,6630.33
D006,2026-06-22,P000926,152.13,3644.08
D006,2025-11-20,P000927,84.79,1569.28
D006,2025-12-27,P000927,126.49,2735.68
D006,2026-02-14,P000927,272.75,2346.6
D006,2026-03-21,P000927,179.78,2544.79
D006,2026-05-09,P000927,149.67,2307.58
D006,2025-11-27,P000928,1101.01,24562.46
D006,2025-12-10,P000928,1055.72,11558.84
D006,2026-02-10,P000928,1344.19,13271.07
D006,2026-03-04,P000928,938.08,13052.27
D006,2026-05-03,P000928,1621.54,15835.91
D006,2025-11-09,P000929,1256.18,15792.62
D006,2025-12-24,P000929,1310.65,14992.54
D006,2026-01-14,P000929,1830.73,19384.12
D006,2026-02-22,P000929,738.37,17799.35
D006,2026-03-05,P000929,1713.6,18739.04
D006,2026-04-26,P000929,813.57,15475.11
D006,2026-05-08,P000929,1196.22,13207.72
D006,2026-06-09,P000929,472.36,11776.74
D006,2025-11-13,P000930,84.16,1931.62
D006,2025-12-16,P000930,293.86,5290.14
D006,2026-01-19,P000930,331.12,5253.45
D006,2026-02-19,P000930,395.3,6993.83
D006,2026-03-20,P000930,406.73,6613.76
D006,2026-04-15,P000930,290.32,4996.08
D006,2026-05-13,P000930,266.79,4448.19
D006,2026-06-18,P000930,361.57,5170.85
D006,2026-02-18,P000931,529.39,6907.83
D006,2026-03-06,P000931,174.49,4051.86
D006,2026-05-17,P000931,737.33,7777.13
D006,2025-11-03,P000932,225.68,4870.83
D006,2025-12-22,P000932,365.8,6845.77
D006,2026-01-23,P000932,193.7,4286.6
D006,2026-03-08,P000932,292.83,5696.91
D006,2026-04-07,P000932,412.96,6192.67
D006,2026-05-02,P000932,417.84,5006.53
D006,2026-06-12,P000932,326.46,3840.35
D006,2026-01-08,P000933,1275.43,23232.23
D006,2026-02-06,P000933,1822.5,28272.76
D006,2026-03-18,P000933,1336.75,20266.79
D006,2026-04-24,P000933,1557.9,21948.37
D006,2026-05-03,P000933,636.37,11174.44
D006,2026-06-15,P000933,2437.68,26300.83
D006,2025-11-11,P000934,278.5,5701.04
D006,2025-12-13,P000934,523.93,9159.53
D006,2026-01-06,P000934,324.47,6528.21
D006,2026-02-05,P000934,314.86,7137.2
D006,2026-03-11,P000934,434.37,6170.07
D006,2026-04-17,P000934,424.03,6421.02
D006,2026-05-15,P000934,433.62,7252.67
D006,2026-06-10,P000934,524.84,4717.56
D006,2025-11-16,P000935,453.62,9730.98
D006,2026-01-07,P000935,1242.76,12620.67
D006,2026-02-07,P000935,448.35,8510.17
D006,2026-03-27,P000935,659.84,7219.16
D006,2026-04-21,P000935,536.47,8225.93
D006,2026-05-13,P000935,652.98,14370.91
D006,2026-06-10,P000935,357.58,3069.5
D006,2025-11-22,P000936,1454.6,25506.0
D006,2025-12-07,P000936,1978.48,43560.71
D006,2026-01-08,P000936,2982.79,62513.92
D006,2026-02-03,P000936,1619.28,19512.63
D006,2026-03-18,P000936,4015.24,54469.26
D006,2026-04-10,P000936,2773.9,32536.73
D006,2026-05-04,P000936,7110.42,79371.92
D006,2026-06-05,P000936,7979.63,65530.2
D006,2025-11-02,P000937,933.16,18447.69
D006,2026-01-14,P000937,1832.79,35009.27
D006,2026-03-24,P000937,656.43,12577.38
D006,2026-04-19,P000937,2320.13,39174.57
D006,2026-05-22,P000937,1049.92,25048.03
D006,2026-06-23,P000937,1761.44,22922.9
D006,2025-11-16,P000938,364.25,8339.21
D006,2025-12-19,P000938,397.5,9008.79
D006,2026-01-14,P000938,293.98,5769.47
D006,2026-02-12,P000938,542.86,10785.33
D006,2026-03-25,P000938,239.9,5403.13
D006,2026-04-16,P000938,320.59,6052.09
D006,2026-05-13,P000938,756.15,6351.12
D006,2026-06-04,P000938,392.44,6382.25
D006,2025-11-26,P000939,3586.51,55465.26
D006,2025-12-05,P000939,2764.32,27561.62
D006,2026-01-26,P000939,1232.63,16985.56
D006,2026-02-25,P000939,1252.7,28564.33
D006,2026-03-23,P000939,2959.13,36578.69
D006,2026-05-18,P000939,1310.56,31330.53
D006,2026-06-25,P000939,2850.62,27721.02
D006,2025-11-19,P000940,1102.4,19386.58
D006,2025-12-18,P000940,1449.38,22840.0
D006,2026-01-16,P000940,1360.09,32126.99
D006,2026-03-04,P000940,1166.22,21870.5
D006,2026-05-27,P000940,1844.17,19213.99
D006,2026-06-09,P000940,1321.42,25074.3
D006,2025-12-03,P000941,570.66,12344.98
D006,2026-01-22,P000941,969.52,16192.69
D006,2026-02-08,P000941,168.8,2078.51
D006,2026-03-13,P000941,1378.63,19709.26
D006,2026-04-12,P000941,342.24,5810.4
D006,2026-05-15,P000941,722.47,17181.87
D006,2026-06-15,P000941,1307.28,14723.82
D006,2025-11-17,P000942,263.64,3593.28
D006,2025-12-16,P000942,248.51,3640.75
D006,2026-01-03,P000942,507.6,6399.84
D006,2026-02-04,P000942,429.49,5241.85
D006,2026-03-25,P000942,399.33,6588.92
D006,2026-04-04,P000942,337.5,7388.38
D006,2026-05-18,P000942,406.57,5112.44
D006,2026-06-20,P000942,286.17,5982.71
D006,2025-12-21,P000943,631.11,7787.52
D006,2026-01-11,P000943,513.7,6869.61
D006,2026-02-09,P000943,982.08,8789.91
D006,2026-03-21,P000943,541.63,6624.46
D006,2026-04-04,P000943,300.77,4521.85
D006,2026-05-27,P000943,370.63,8367.92
D006,2026-06-19,P000943,635.29,9677.64
D006,2025-11-05,P000944,62.71,1502.85
D006,2025-12-21,P000944,210.49,3317.78
D006,2026-01-12,P000944,154.43,2237.15
D006,2026-02-11,P000944,242.43,3564.21
D006,2026-03-01,P000944,69.09,1328.86
D006,2026-04-14,P000944,54.92,1058.1
D006,2026-05-05,P000944,109.67,1637.59
D006,2026-06-08,P000944,199.36,2291.52
D006,2025-11-22,P000945,1417.31,28061.05
D006,2025-12-10,P000945,4479.41,46813.2
D006,2026-03-07,P000945,6598.81,65895.39
D006,2026-04-24,P000945,3159.42,42159.01
D006,2025-11-12,P000946,7483.15,65634.41
D006,2025-12-17,P000946,1985.93,38007.11
D006,2026-02-11,P000946,2590.6,54156.62
D006,2026-03-16,P000946,2830.89,55212.83
D006,2026-04-16,P000946,2517.95,59468.81
D006,2026-05-22,P000946,3340.94,42400.42
D006,2025-11-15,P000947,472.28,5860.98
D006,2025-12-08,P000947,136.03,3294.31
D006,2026-01-17,P000947,235.55,2952.82
D006,2026-02-17,P000947,343.01,6820.2
D006,2026-03-22,P000947,724.91,6545.74
D006,2026-04-16,P000947,909.47,10116.45
D006,2025-11-06,P000948,445.3,5342.63
D006,2025-12-10,P000948,376.4,4073.58
D006,2026-01-21,P000948,691.18,6361.93
D006,2026-02-06,P000948,260.31,6178.49
D006,2026-03-18,P000948,256.61,5209.53
D006,2026-04-15,P000948,138.94,2723.9
D006,2025-11-24,P000949,67.54,766.35
D006,2025-12-27,P000949,529.22,10249.59
D006,2026-01-15,P000949,671.14,5929.02
D006,2026-02-14,P000949,565.38,9773.38
D006,2026-04-14,P000949,258.3,6158.54
D006,2026-05-23,P000949,1307.48,12015.7
D006,2026-06-10,P000949,336.21,6064.6
D006,2025-11-03,P000950,613.48,13597.75
D006,2025-12-09,P000950,620.37,12980.55
D006,2026-02-18,P000950,846.79,14553.69
D006,2026-03-08,P000950,1259.0,16334.72
D006,2026-04-14,P000950,797.62,14858.26
D006,2025-11-07,P000951,4213.65,46160.96
D006,2026-02-23,P000951,2139.69,31100.29
D006,2026-03-19,P000951,1557.43,30427.75
D006,2026-04-09,P000951,1984.89,41022.55
D006,2026-05-03,P000951,2271.52,31295.3
D006,2026-06-01,P000951,1112.1,17703.55
D006,2025-11-12,P000952,392.93,5486.13
D006,2025-12-10,P000952,351.15,6429.25
D006,2026-01-24,P000952,586.73,6787.23
D006,2026-02-27,P000952,350.37,6210.61
D006,2026-04-20,P000952,332.65,6695.13
D006,2026-05-22,P000952,361.68,6685.97
D006,2026-06-14,P000952,410.29,5008.26
D006,2025-11-06,P000953,792.7,17825.83
D006,2025-12-17,P000953,1391.09,25020.2
D006,2026-01-20,P000953,1013.22,19988.84
D006,2026-03-05,P000953,1971.39,31518.97
D006,2026-04-07,P000953,2384.34,24043.02
D006,2026-05-25,P000953,1112.63,21698.92
D006,2026-06-09,P000953,2017.46,30243.45
D006,2025-11-22,P000954,133.01,3281.94
D006,2025-12-22,P000954,128.01,2155.63
D006,2026-01-03,P000954,347.07,3158.5
D006,2026-02-02,P000954,180.41,3273.04
D006,2026-04-13,P000954,122.68,2130.88
D006,2026-05-02,P000954,129.73,2391.31
D006,2026-06-25,P000954,335.29,4041.27
D006,2025-11-26,P000955,259.14,2534.86
D006,2026-01-15,P000955,143.5,2275.45
D006,2026-02-09,P000955,239.76,5346.11
D006,2026-03-25,P000955,931.18,7777.75
D006,2026-04-24,P000955,303.47,5539.76
D006,2026-05-10,P000955,459.46,5548.06
D006,2026-06-15,P000955,182.52,4008.36
D006,2025-11-08,P000956,781.58,8479.06
D006,2025-12-27,P000956,434.55,5971.54
D006,2026-01-10,P000956,323.9,4792.35
D006,2026-02-12,P000956,380.1,6763.64
D006,2026-03-27,P000956,199.17,3237.58
D006,2026-05-09,P000956,361.88,7342.58
D006,2026-06-09,P000956,692.47,7557.04
D006,2025-11-10,P000957,173.77,3595.06
D006,2025-12-18,P000957,199.58,2785.92
D006,2026-01-05,P000957,283.6,2629.28
D006,2026-02-09,P000957,315.61,2892.46
D006,2026-03-24,P000957,147.09,3070.26
D006,2026-04-20,P000957,110.37,1932.65
D006,2026-05-15,P000957,177.83,4413.77
D006,2026-06-03,P000957,198.97,3317.05
D006,2025-11-17,P000958,171.94,4223.18
D006,2026-01-22,P000958,194.41,2563.81
D006,2026-02-03,P000958,241.15,2938.48
D006,2026-03-21,P000958,305.09,3941.72
D006,2026-04-27,P000958,245.37,4113.23
D006,2026-05-09,P000958,325.56,5051.24
D006,2026-06-10,P000958,395.06,5571.41
D006,2025-11-06,P000959,152.44,3672.85
D006,2025-12-08,P000959,296.63,6571.77
D006,2026-01-16,P000959,213.79,2337.4
D006,2026-02-12,P000959,233.9,4667.89
D006,2026-03-06,P000959,230.34,3778.5
D006,2026-05-01,P000959,362.46,7008.69
D006,2026-06-18,P000959,361.72,5598.74
D006,2025-12-12,P000960,2333.74,42937.63
D006,2026-01-01,P000960,2219.71,31275.67
D006,2026-02-03,P000960,2109.32,38026.07
D006,2026-03-13,P000960,1945.71,29253.55
D006,2026-04-05,P000960,1703.03,34843.13
D006,2026-05-13,P000960,2706.13,48458.53
D006,2025-11-03,P000961,915.22,18830.3
D006,2025-12-10,P000961,1274.91,18672.72
D006,2026-01-18,P000961,2791.33,23558.21
D006,2026-02-21,P000961,1751.44,21791.78
D006,2026-03-09,P000961,1079.13,21904.36
D006,2026-04-14,P000961,1037.59,19116.7
D006,2026-05-25,P000961,742.67,17855.09
D006,2026-06-24,P000961,691.12,15718.32
D006,2025-12-13,P000962,342.56,3002.43
D006,2026-01-15,P000962,127.33,3008.84
D006,2026-02-08,P000962,326.41,3732.13
D006,2026-03-17,P000962,248.81,5250.11
D006,2026-06-03,P000962,414.22,3655.38
D006,2025-11-20,P000963,279.15,2935.41
D006,2025-12-01,P000963,142.81,2187.72
D006,2026-01-12,P000963,123.49,2418.8
D006,2026-02-19,P000963,121.14,2539.75
D006,2026-04-01,P000963,145.87,3081.06
D006,2026-06-24,P000963,276.96,3030.52
D006,2025-11-20,P000964,477.22,5701.97
D006,2025-12-06,P000964,150.18,2247.63
D006,2026-02-13,P000964,250.13,6116.77
D006,2026-03-27,P000964,318.84,4172.63
D006,2026-04-23,P000964,423.83,4939.73
D006,2026-05-02,P000964,311.93,4505.57
D006,2026-06-24,P000964,424.36,8267.87
D006,2025-11-23,P000965,452.09,11065.86
D006,2025-12-19,P000965,1163.03,11347.34
D006,2026-01-18,P000965,666.99,13993.78
D006,2026-02-12,P000965,954.33,14339.18
D006,2026-03-03,P000965,1376.58,17006.72
D006,2026-04-05,P000965,849.52,18110.69
D006,2026-05-12,P000965,1493.61,28212.59
D006,2026-06-19,P000965,1258.66,12712.81
D006,2025-12-16,P000966,338.57,2814.43
D006,2026-01-09,P000966,322.93,3028.8
D006,2026-02-06,P000966,335.13,4809.08
D006,2026-03-21,P000966,277.51,4580.49
D006,2026-05-26,P000966,568.84,4848.43
D006,2026-06-03,P000966,759.92,6610.42
D006,2025-11-12,P000967,2600.1,30608.11
D006,2025-12-10,P000967,2006.18,33357.3
D006,2026-01-01,P000967,1606.19,35673.26
D006,2026-02-03,P000967,2556.69,46840.21
D006,2026-03-14,P000967,582.5,13018.09
D006,2026-04-07,P000967,2945.97,31502.11
D006,2026-05-25,P000967,2099.19,29265.45
D006,2025-11-25,P000968,625.06,9887.37
D006,2025-12-27,P000968,464.46,9705.24
D006,2026-01-12,P000968,709.61,11077.2
D006,2026-02-13,P000968,553.55,4984.9
D006,2026-03-14,P000968,322.75,7039.49
D006,2026-04-13,P000968,557.19,12403.82
D006,2026-05-13,P000968,761.32,10135.89
D006,2026-06-15,P000968,411.85,5784.0
D006,2025-12-06,P000969,2214.67,20043.03
D006,2026-01-25,P000969,1470.32,18009.16
D006,2026-02-05,P000969,1285.6,13673.35
D006,2026-03-22,P000969,1410.55,18024.34
D006,2026-04-19,P000969,1934.38,29936.55
D006,2026-05-07,P000969,1229.33,29524.43
D006,2026-06-26,P000969,1541.36,36646.82
D006,2025-11-03,P000970,1233.35,27522.53
D006,2025-12-02,P000970,1687.79,22141.28
D006,2026-01-23,P000970,3449.08,37591.77
D006,2026-03-21,P000970,1551.48,18591.99
D006,2026-04-09,P000970,1602.37,24236.71
D006,2026-06-26,P000970,942.3,23124.08
D006,2025-12-25,P000971,200.62,2997.56
D006,2026-01-10,P000971,136.33,1686.04
D006,2026-02-18,P000971,115.52,2732.22
D006,2026-03-25,P000971,105.15,1511.75
D006,2026-04-12,P000971,134.1,2972.72
D006,2026-06-11,P000971,148.73,2526.51
D006,2025-11-17,P000972,431.29,8172.14
D006,2025-12-10,P000972,339.34,7552.11
D006,2026-01-03,P000972,769.88,11591.7
D006,2026-02-03,P000972,558.24,10485.15
D006,2026-03-15,P000972,976.85,11218.72
D006,2026-04-19,P000972,1810.92,14561.18
D006,2026-05-01,P000972,375.85,8674.13
D006,2026-06-16,P000972,337.58,6594.37
D006,2025-11-13,P000973,359.42,4365.33
D006,2025-12-01,P000973,340.73,4348.76
D006,2026-01-01,P000973,393.27,4132.88
D006,2026-02-02,P000973,188.04,3274.53
D006,2026-03-27,P000973,344.51,4940.74
D006,2026-04-10,P000973,440.2,7104.97
D006,2026-05-22,P000973,253.89,5863.75
D006,2026-06-19,P000973,375.38,6458.65
D006,2025-11-18,P000974,184.47,3564.99
D006,2025-12-11,P000974,268.33,3937.69
D006,2026-01-17,P000974,346.09,3396.82
D006,2026-02-11,P000974,256.01,5025.52
D006,2026-03-12,P000974,287.3,3401.96
D006,2026-04-04,P000974,98.08,1611.92
D006,2026-05-17,P000974,301.76,3739.2
D006,2026-06-12,P000974,97.0,1931.04
D006,2025-11-05,P000975,520.77,12043.88
D006,2025-12-09,P000975,544.3,10312.21
D006,2026-01-06,P000975,692.21,13539.3
D006,2026-02-24,P000975,1406.36,16835.08
D006,2026-03-07,P000975,772.13,12776.97
D006,2026-04-14,P000975,732.03,14421.41
D006,2026-05-03,P000975,675.38,14895.85
D006,2026-06-13,P000975,814.16,15510.96
D006,2025-11-16,P000976,129.09,2919.08
D006,2025-12-16,P000976,144.9,3167.43
D006,2026-01-05,P000976,99.06,2293.94
D006,2026-04-24,P000976,94.46,2036.15
D006,2026-05-22,P000976,117.72,2567.32
D006,2026-06-16,P000976,78.9,1858.57
D006,2025-11-09,P000977,773.86,17152.28
D006,2025-12-18,P000977,1236.0,19001.24
D006,2026-02-05,P000977,928.82,13076.32
D006,2026-03-10,P000977,907.04,14273.31
D006,2026-04-20,P000977,400.15,9145.43
D006,2026-05-05,P000977,478.1,11743.55
D006,2026-06-04,P000977,446.9,6540.66
D006,2025-11-08,P000978,608.3,13247.33
D006,2025-12-20,P000978,238.55,3076.27
D006,2026-02-01,P000978,353.9,8200.28
D006,2026-03-21,P000978,1097.81,11307.38
D006,2026-04-24,P000978,1098.61,12254.19
D006,2026-05-11,P000978,1434.54,17229.7
D006,2025-12-22,P000979,4789.79,43179.41
D006,2026-01-24,P000979,5821.49,50358.19
D006,2026-02-21,P000979,3010.0,56111.78
D006,2026-03-13,P000979,2078.52,48064.78
D006,2026-04-04,P000979,7181.59,65946.69
D006,2026-05-07,P000979,2632.71,62363.02
D006,2026-06-04,P000979,2559.57,53379.76
D006,2025-11-12,P000980,104.67,2557.89
D006,2025-12-09,P000980,122.93,2281.55
D006,2026-01-23,P000980,103.74,2093.66
D006,2026-02-04,P000980,196.52,2377.27
D006,2026-04-18,P000980,453.91,3814.38
D006,2026-06-24,P000980,17.5,400.72
D006,2025-11-19,P000981,769.39,17678.88
D006,2025-12-06,P000981,436.59,7190.54
D006,2026-03-04,P000981,989.32,16896.15
D006,2026-04-13,P000981,960.21,12172.41
D006,2026-05-03,P000981,963.83,13048.44
D006,2025-11-12,P000982,1468.45,27443.47
D006,2025-12-09,P000982,4155.86,35798.65
D006,2026-01-10,P000982,940.24,19150.25
D006,2026-02-04,P000982,2148.25,36238.1
D006,2026-03-13,P000982,1519.86,35517.04
D006,2026-05-22,P000982,1143.15,22914.52
D006,2026-06-14,P000982,2250.59,27119.56
D006,2025-11-22,P000983,706.32,12451.87
D006,2025-12-03,P000983,234.79,5476.12
D006,2026-01-12,P000983,345.51,5769.22
D006,2026-02-22,P000983,362.58,7480.09
D006,2026-03-03,P000983,557.97,10315.69
D006,2026-04-06,P000983,730.35,9364.92
D006,2026-05-02,P000983,1137.34,10019.62
D006,2026-06-19,P000983,537.9,12309.41
D006,2025-11-10,P000984,555.72,11934.39
D006,2026-01-13,P000984,358.56,7706.6
D006,2026-02-06,P000984,774.54,10677.73
D006,2026-03-19,P000984,585.98,11876.42
D006,2026-04-05,P000984,898.41,8661.51
D006,2026-06-22,P000984,467.37,10873.72
D006,2025-12-21,P000985,1037.84,18152.76
D006,2026-01-26,P000985,1526.24,34014.34
D006,2026-02-11,P000985,748.41,14185.8
D006,2026-03-19,P000985,2689.22,29800.19
D006,2026-04-26,P000985,1277.51,18787.88
D006,2026-05-14,P000985,4038.97,33016.44
D006,2026-06-14,P000985,1602.1,16373.75
D006,2025-11-22,P000986,419.2,5785.58
D006,2025-12-09,P000986,331.72,7369.3
D006,2026-01-07,P000986,363.44,7820.48
D006,2026-03-11,P000986,529.94,11334.53
D006,2026-04-24,P000986,504.36,10628.91
D006,2026-05-03,P000986,584.3,13097.5
D006,2025-11-24,P000987,6248.76,76398.83
D006,2025-12-18,P000987,10513.54,125651.31
D006,2026-01-12,P000987,6996.54,98733.97
D006,2026-02-09,P000987,6213.7,111059.41
D006,2026-03-20,P000987,9131.44,110500.93
D006,2026-04-18,P000987,5272.38,48816.2
D006,2026-05-25,P000987,12393.36,105835.36
D006,2026-06-25,P000987,3434.98,80310.36
D006,2025-11-23,P000988,136.45,1438.55
D006,2025-12-11,P000988,72.23,1354.89
D006,2026-01-01,P000988,89.24,1935.47
D006,2026-02-01,P000988,114.29,1376.75
D006,2026-03-27,P000988,137.25,2213.42
D006,2026-04-22,P000988,109.42,2466.35
D006,2026-05-26,P000988,42.88,1045.53
D006,2026-06-01,P000988,94.34,2105.77
D006,2025-11-09,P000989,110.9,1824.41
D006,2025-12-22,P000989,136.89,2969.71
D006,2026-01-03,P000989,227.54,2287.66
D006,2026-02-14,P000989,141.24,2042.68
D006,2026-03-08,P000989,123.9,2005.06
D006,2026-04-25,P000989,172.11,1919.77
D006,2026-05-10,P000989,94.78,2199.88
D006,2026-06-20,P000989,119.42,2778.78
D006,2025-12-16,P000990,6959.56,101457.14
D006,2026-02-10,P000990,3304.05,59865.03
D006,2026-03-03,P000990,5528.58,103180.34
D006,2026-04-09,P000990,2933.6,55832.65
D006,2026-05-07,P000990,6998.92,123372.1
D006,2025-11-22,P000991,768.84,15532.85
D006,2025-12-09,P000991,1161.36,17932.18
D006,2026-01-01,P000991,1545.81,17254.31
D006,2026-04-16,P000991,792.33,17318.33
D006,2025-11-15,P000992,1163.49,10177.68
D006,2026-03-18,P000992,527.61,8274.6
D006,2026-04-16,P000992,422.75,9090.5
D006,2026-05-18,P000992,454.8,8273.32
D006,2026-06-25,P000992,913.17,11239.37
D006,2025-11-22,P000993,214.34,4647.76
D006,2026-01-25,P000993,181.06,4149.45
D006,2026-02-26,P000993,281.71,4643.19
D006,2026-04-23,P000993,222.08,5535.29
D006,2026-05-13,P000993,189.88,2704.49
D006,2026-06-20,P000993,324.81,6005.46
D006,2025-11-05,P000994,117.79,2632.7
D006,2025-12-22,P000994,80.71,1959.55
D006,2026-01-20,P000994,157.5,2460.58
D006,2026-02-23,P000994,104.46,2524.68
D006,2026-03-09,P000994,55.71,1383.8
D006,2026-04-13,P000994,146.86,2549.72
D006,2026-05-11,P000994,116.94,2540.05
D006,2026-06-14,P000994,96.56,1124.85
D006,2025-11-04,P000995,1329.94,17845.85
D006,2025-12-17,P000995,3452.0,72311.78
D006,2026-02-07,P000995,2769.64,63274.59
D006,2026-03-04,P000995,2191.13,51687.1
D006,2026-04-12,P000995,8150.29,79828.84
D006,2026-05-15,P000995,833.43,16233.99
D006,2026-06-06,P000995,2570.37,26932.32
D006,2025-11-04,P000996,335.73,6208.42
D006,2025-12-12,P000996,447.17,6765.15
D006,2026-01-08,P000996,403.99,5831.6
D006,2026-02-05,P000996,266.56,5456.33
D006,2026-03-19,P000996,523.67,8296.44
D006,2026-04-01,P000996,296.57,5079.91
D006,2026-05-20,P000996,477.03,6413.75
D006,2026-06-15,P000996,214.95,3254.67
D006,2025-11-17,P000997,1930.73,18181.83
D006,2025-12-13,P000997,1422.32,17060.37
D006,2026-01-10,P000997,755.14,8619.4
D006,2026-02-09,P000997,635.38,13906.65
D006,2026-03-01,P000997,256.7,5008.67
D006,2026-04-18,P000997,1153.26,19288.02
D006,2026-06-07,P000997,759.46,13829.26
D006,2025-12-23,P000998,1119.17,27085.65
D006,2026-01-12,P000998,1735.39,41480.89
D006,2026-02-08,P000998,779.19,13649.19
D006,2026-05-24,P000998,2450.47,39609.96
D006,2026-06-05,P000998,865.24,21466.12
D006,2025-12-12,P000999,1275.14,14539.46
D006,2026-04-17,P000999,1098.96,14059.02
D006,2026-05-12,P000999,676.04,14702.79
D006,2026-06-13,P000999,666.99,8734.72
D006,2025-11-04,P001000,1294.91,13948.91
D006,2025-12-19,P001000,2106.47,22500.02
D006,2026-01-03,P001000,702.29,13592.86
D006,2026-02-08,P001000,2189.57,23521.62
D006,2026-03-21,P001000,2614.18,36122.93
D006,2026-04-14,P001000,2636.92,27640.15
D006,2026-05-01,P001000,1416.19,17344.88
D006,2026-06-06,P001000,1003.97,20635.35
D006,2025-11-12,P001001,1962.21,19012.3
D006,2025-12-13,P001001,1763.99,25497.35
D006,2026-01-20,P001001,1424.26,22597.27
D006,2026-02-12,P001001,519.04,7210.99
D006,2026-03-07,P001001,880.43,14194.31
D006,2026-04-11,P001001,708.86,17674.91
D006,2026-05-20,P001001,1427.82,13802.12
D006,2026-06-21,P001001,1077.11,26395.07
D006,2025-12-19,P001002,302.58,4850.39
D006,2026-01-10,P001002,168.36,2894.18
D006,2026-02-12,P001002,133.94,2722.83
D006,2026-04-21,P001002,88.88,2139.15
D006,2026-05-27,P001002,100.07,2277.24
D006,2026-06-21,P001002,150.52,2554.89
D006,2025-11-21,P001003,1033.31,11524.43
D006,2025-12-07,P001003,439.1,6673.96
D006,2026-01-25,P001003,551.04,12307.34
D006,2026-02-15,P001003,851.87,10951.45
D006,2026-03-08,P001003,1266.79,10823.85
D006,2026-04-15,P001003,789.7,13247.35
D006,2026-05-23,P001003,787.92,13129.72
D006,2026-06-10,P001003,480.94,8416.24
D006,2025-11-21,P001004,448.26,10131.02
D006,2026-01-18,P001004,460.69,8656.53
D006,2026-02-01,P001004,601.89,8980.73
D006,2026-03-08,P001004,334.51,8006.56
D006,2026-04-16,P001004,560.94,8288.96
D006,2026-05-15,P001004,191.92,3679.0
D006,2026-06-16,P001004,813.7,10184.55
D006,2025-11-10,P001005,521.57,12469.29
D006,2025-12-17,P001005,893.66,14047.93
D006,2026-01-18,P001005,552.31,13248.18
D006,2026-02-16,P001005,439.58,10720.35
D006,2026-06-04,P001005,707.2,15734.44
D006,2025-11-24,P001006,297.06,3031.03
D006,2026-01-24,P001006,229.74,4136.83
D006,2026-02-16,P001006,151.69,3068.82
D006,2026-03-12,P001006,343.84,4511.52
D006,2026-04-27,P001006,268.92,3454.73
D006,2026-05-17,P001006,199.62,4438.1
D006,2026-06-26,P001006,516.23,4290.0
D006,2025-12-20,P001007,264.27,5770.26
D006,2026-01-24,P001007,850.94,10247.39
D006,2026-02-12,P001007,565.0,9242.73
D006,2026-03-13,P001007,392.84,9650.35
D006,2026-04-20,P001007,470.44,8430.83
D006,2026-05-09,P001007,224.15,3778.63
D006,2026-06-19,P001007,688.3,8050.07
D006,2025-11-22,P001008,185.9,3505.69
D006,2026-01-08,P001008,142.54,3149.9
D006,2026-02-02,P001008,279.21,3341.79
D006,2026-03-22,P001008,141.18,3091.17
D006,2026-04-06,P001008,404.4,3288.41
D006,2026-06-09,P001008,294.04,2667.17
D006,2025-11-26,P001009,165.6,3691.21
D006,2025-12-11,P001009,297.7,6764.71
D006,2026-01-22,P001009,297.45,5577.26
D006,2026-03-23,P001009,550.24,8057.34
D006,2026-04-13,P001009,480.83,5891.07
D006,2026-05-05,P001009,219.88,4969.5
D006,2026-06-06,P001009,338.36,7649.85
D006,2025-11-13,P001010,581.25,11662.28
D006,2025-12-20,P001010,348.95,8122.75
D006,2026-01-20,P001010,377.39,8639.75
D006,2026-03-25,P001010,664.29,11028.84
D006,2026-05-07,P001010,511.12,10015.57
D006,2026-06-03,P001010,919.8,17685.38
D006,2025-11-01,P001011,144.04,2027.47
D006,2025-12-27,P001011,62.81,1288.4
D006,2026-01-27,P001011,369.03,5600.09
D006,2026-02-18,P001011,229.89,4840.27
D006,2026-03-18,P001011,192.57,3940.41
D006,2026-04-25,P001011,103.39,1813.43
D006,2026-06-01,P001011,136.85,2640.17
D006,2025-11-05,P001012,928.16,10043.64
D006,2025-12-20,P001012,348.5,4068.43
D006,2026-01-08,P001012,740.5,6568.85
D006,2026-02-20,P001012,178.03,3869.56
D006,2026-03-04,P001012,234.62,4876.03
D006,2026-04-15,P001012,502.83,4039.99
D006,2026-05-03,P001012,785.95,7615.71
D006,2026-06-19,P001012,363.13,8395.21
D006,2025-11-26,P001013,821.83,19359.89
D006,2025-12-06,P001013,604.71,13197.63
D006,2026-01-05,P001013,640.35,15889.07
D006,2026-02-15,P001013,540.35,11770.55
D006,2026-04-17,P001013,1086.09,21656.8
D006,2026-06-01,P001013,1425.03,18929.33
D006,2025-11-03,P001014,134.96,2222.67
D006,2025-12-19,P001014,119.82,2016.7
D006,2026-01-09,P001014,73.54,1598.07
D006,2026-02-03,P001014,205.14,1668.06
D006,2026-03-12,P001014,87.97,938.13
D006,2026-04-18,P001014,111.9,1589.57
D006,2026-06-13,P001014,111.78,2728.73
D006,2025-12-13,P001015,2085.34,37977.96
D006,2026-02-05,P001015,1459.75,22125.8
D006,2026-03-27,P001015,5149.02,56006.66
D006,2026-04-17,P001015,1751.63,39211.06
D006,2026-05-21,P001015,2677.13,26005.43
D006,2026-06-13,P001015,2071.89,25240.55
D006,2025-11-02,P001016,4064.91,47233.35
D006,2025-12-09,P001016,2299.74,22842.61
D006,2026-01-27,P001016,3111.12,42859.76
D006,2026-04-06,P001016,1499.24,24562.93
D006,2026-06-03,P001016,4715.29,67151.77
D006,2025-11-04,P001017,1273.34,11804.57
D006,2025-12-07,P001017,1605.49,16331.55
D006,2026-02-26,P001017,200.11,3555.65
D006,2026-03-23,P001017,565.08,11541.11
D006,2026-04-09,P001017,527.32,9988.46
D006,2026-05-06,P001017,460.21,10580.6
D006,2026-06-27,P001017,531.28,10468.56
D006,2025-11-01,P001018,1751.5,24534.45
D006,2025-12-05,P001018,2944.24,30862.46
D006,2026-01-03,P001018,3164.83,29872.57
D006,2026-03-01,P001018,2764.29,35729.86
D006,2026-04-06,P001018,1537.82,20260.75
D006,2026-05-27,P001018,1442.44,26985.09
D006,2026-06-03,P001018,1884.01,37099.65
D006,2025-11-21,P001019,60.67,1346.79
D006,2025-12-13,P001019,150.6,2982.71
D006,2026-01-21,P001019,92.08,1763.95
D006,2026-03-24,P001019,122.39,2906.84
D006,2026-04-10,P001019,88.8,1460.61
D006,2026-05-26,P001019,166.57,2739.19
D006,2026-06-07,P001019,132.34,1403.97
D006,2026-02-02,P001020,1043.35,11852.22
D006,2026-03-09,P001020,787.59,12720.21
D006,2026-04-20,P001020,1037.01,13317.43
D006,2026-05-14,P001020,516.28,7284.51
D006,2026-06-17,P001020,639.19,12479.8
D006,2025-12-04,P001021,236.1,5291.19
D006,2026-01-25,P001021,288.79,4925.5
D006,2026-02-03,P001021,177.98,2072.5
D006,2026-03-01,P001021,403.99,3688.95
D006,2026-04-10,P001021,192.14,4539.75
D006,2026-05-01,P001021,255.76,3419.06
D006,2026-06-25,P001021,211.56,4256.15
D006,2025-12-18,P001022,63.09,941.93
D006,2026-01-17,P001022,207.12,3396.21
D006,2026-02-04,P001022,144.87,2151.78
D006,2026-03-17,P001022,92.13,1147.32
D006,2026-04-09,P001022,189.03,3681.69
D006,2026-06-11,P001022,174.88,4045.0
D006,2025-12-23,P001023,323.67,5115.77
D006,2026-01-17,P001023,398.55,6423.31
D006,2026-02-27,P001023,471.61,9669.99
D006,2026-03-08,P001023,185.06,3687.73
D006,2026-04-20,P001023,225.0,4166.68
D006,2026-05-01,P001023,306.56,5858.07
D006,2026-06-14,P001023,454.28,6233.62
D006,2025-11-02,P001024,443.02,8061.54
D006,2025-12-20,P001024,425.35,7811.29
D006,2026-01-26,P001024,199.43,4684.05
D006,2026-02-16,P001024,295.77,7159.19
D006,2026-03-15,P001024,128.29,3180.26
D006,2026-04-16,P001024,764.88,6320.68
D006,2026-05-17,P001024,319.51,7674.84
D006,2026-06-05,P001024,463.27,6701.3
D006,2025-12-22,P001025,474.86,9170.89
D006,2026-03-01,P001025,388.44,8373.09
D006,2026-04-22,P001025,544.23,13330.16
D006,2026-05-07,P001025,1186.27,15589.37
D006,2025-11-05,P001026,105.06,2359.92
D006,2025-12-09,P001026,81.75,1377.72
D006,2026-01-20,P001026,442.84,7351.49
D006,2026-02-11,P001026,241.26,5531.38
D006,2026-03-19,P001026,485.31,5438.07
D006,2026-04-04,P001026,713.83,5905.43
D006,2026-05-09,P001026,244.76,4930.02
D006,2025-11-12,P001027,267.05,5798.55
D006,2025-12-22,P001027,215.84,4356.17
D006,2026-01-16,P001027,317.15,2650.6
D006,2026-03-13,P001027,583.99,5883.91
D006,2026-04-09,P001027,303.51,5803.61
D006,2026-05-06,P001027,482.63,5220.47
D006,2025-11-09,P001028,873.95,7901.81
D006,2025-12-20,P001028,440.19,5501.33
D006,2026-01-20,P001028,281.66,6000.53
D006,2026-02-06,P001028,474.09,6990.53
D006,2026-03-21,P001028,380.51,8581.98
D006,2026-04-10,P001028,250.65,4481.44
D006,2026-05-25,P001028,115.61,1309.85
D006,2026-06-18,P001028,173.08,3711.72
D006,2025-11-27,P001029,284.5,4575.1
D006,2025-12-04,P001029,239.78,3897.91
D006,2026-01-15,P001029,274.54,3202.62
D006,2026-02-26,P001029,501.72,4131.67
D006,2026-03-12,P001029,232.1,3489.9
D006,2026-04-25,P001029,73.24,1693.02
D006,2026-05-18,P001029,104.28,1579.65
D006,2025-11-24,P001030,113.72,2653.74
D006,2026-01-02,P001030,149.06,3445.72
D006,2026-02-01,P001030,120.34,2929.15
D006,2026-03-25,P001030,389.59,3813.46
D006,2026-04-20,P001030,219.78,2233.99
D006,2026-05-26,P001030,222.71,2672.28
D006,2026-06-26,P001030,110.88,1994.77
D006,2025-11-08,P001031,618.76,12400.63
D006,2025-12-07,P001031,291.42,6502.78
D006,2026-01-19,P001031,727.69,9897.34
D006,2026-02-02,P001031,248.56,5182.24
D006,2026-03-11,P001031,819.49,7846.79
D006,2026-04-11,P001031,445.35,9975.43
D006,2026-05-21,P001031,501.19,5930.92
D006,2025-11-05,P001032,625.76,11287.17
D006,2025-12-17,P001032,1070.97,12923.48
D006,2026-01-22,P001032,521.86,6588.97
D006,2026-03-20,P001032,779.53,7837.57
D006,2026-04-05,P001032,341.81,8433.1
D006,2026-06-06,P001032,244.7,2887.99
D006,2025-11-23,P001033,68.75,1677.14
D006,2026-01-08,P001033,241.99,2919.63
D006,2026-02-12,P001033,402.16,3487.75
D006,2026-03-12,P001033,56.09,1069.09
D006,2026-04-25,P001033,261.82,2592.71
D006,2026-06-06,P001033,148.94,3181.27
D006,2025-11-05,P001034,485.14,10336.99
D006,2025-12-20,P001034,754.88,9522.98
D006,2026-01-22,P001034,541.43,7188.15
D006,2026-03-11,P001034,625.04,9994.67
D006,2026-04-25,P001034,405.11,10064.3
D006,2026-05-14,P001034,340.31,7229.78
D006,2026-06-03,P001034,256.05,4305.47
D006,2025-11-06,P001035,1553.96,14231.14
D006,2025-12-13,P001035,415.86,8525.23
D006,2026-01-19,P001035,452.15,10453.64
D006,2026-03-18,P001035,540.85,11649.68
D006,2026-04-20,P001035,509.01,11075.87
D006,2026-05-22,P001035,788.76,8140.56
D006,2026-06-14,P001035,311.49,7010.84
D006,2026-02-05,P001036,423.41,3934.53
D006,2026-03-07,P001036,239.82,5851.81
D006,2026-04-27,P001036,397.95,8547.31
D006,2026-05-15,P001036,349.0,5828.6
D006,2026-06-10,P001036,446.67,7084.62
D006,2025-12-12,P001037,368.89,6821.4
D006,2026-01-26,P001037,2957.48,34244.97
D006,2026-02-05,P001037,1086.7,20283.86
D006,2026-03-10,P001037,1074.22,15700.82
D006,2026-05-24,P001037,1133.46,26676.7
D006,2026-06-05,P001037,869.95,17756.41
D006,2025-11-15,P001038,449.08,8676.85
D006,2025-12-06,P001038,879.16,16299.39
D006,2026-01-27,P001038,1038.8,14944.41
D006,2026-02-07,P001038,651.71,15824.82
D006,2026-03-10,P001038,633.3,11717.2
D006,2026-04-03,P001038,1849.37,19599.39
D006,2026-06-19,P001038,796.54,17619.23
D006,2025-12-06,P001039,137.72,2673.62
D006,2026-01-08,P001039,136.37,2814.35
D006,2026-03-13,P001039,228.06,2333.55
D006,2026-04-26,P001039,260.1,2893.33
D006,2026-05-20,P001039,234.54,3841.1
D006,2025-11-10,P001040,288.26,4212.06
D006,2025-12-23,P001040,192.24,4758.72
D006,2026-01-16,P001040,347.0,5151.11
D006,2026-02-13,P001040,360.46,4399.25
D006,2026-04-27,P001040,277.59,5957.96
D006,2026-05-19,P001040,163.71,3982.44
D006,2026-06-17,P001040,378.13,6704.04
D006,2025-11-21,P001041,209.6,3990.12
D006,2025-12-23,P001041,324.21,5048.7
D006,2026-01-02,P001041,399.09,4835.7
D006,2026-02-26,P001041,279.91,5720.02
D006,2026-03-14,P001041,752.54,7138.21
D006,2026-05-16,P001041,631.02,5451.78
D006,2026-06-22,P001041,258.37,5696.13
D006,2025-11-26,P001042,2870.37,36413.48
D006,2026-01-24,P001042,2951.86,36100.92
D006,2026-02-04,P001042,1596.96,38201.52
D006,2026-03-24,P001042,5667.74,57890.47
D006,2026-04-05,P001042,1175.55,28924.04
D006,2026-05-05,P001042,1120.19,18860.62
D006,2026-06-15,P001042,5421.38,75534.27
D006,2025-12-18,P001043,156.32,3697.6
D006,2026-01-09,P001043,341.82,6633.69
D006,2026-02-19,P001043,339.75,3123.39
D006,2026-03-19,P001043,245.48,5280.24
D006,2026-04-23,P001043,405.96,5551.73
D006,2026-05-20,P001043,544.03,6938.64
D006,2026-06-03,P001043,312.87,4577.45
D006,2025-11-14,P001044,1749.18,17832.64
D006,2025-12-25,P001044,1307.0,25385.58
D006,2026-01-03,P001044,2736.45,26175.45
D006,2026-02-24,P001044,1914.33,21006.99
D006,2026-03-10,P001044,989.73,24552.27
D006,2026-04-19,P001044,960.73,15821.2
D006,2026-05-14,P001044,1968.76,20046.75
D006,2026-06-18,P001044,1503.4,26870.89
D006,2025-11-24,P001045,443.76,3796.13
D006,2025-12-20,P001045,178.26,4212.93
D006,2026-01-26,P001045,318.56,3687.99
D006,2026-03-08,P001045,206.86,2666.68
D006,2026-04-16,P001045,158.61,3077.52
D006,2026-05-19,P001045,78.36,1248.15
D006,2026-06-15,P001045,118.85,2823.37
D006,2026-01-16,P001046,2066.28,30952.78
D006,2026-02-19,P001046,1225.73,21607.54
D006,2026-05-26,P001046,919.33,19845.45
D006,2026-06-21,P001046,1947.66,31681.47
D006,2025-11-02,P001047,319.52,7751.56
D006,2025-12-15,P001047,531.24,9900.71
D006,2026-01-09,P001047,266.67,5839.65
D006,2026-02-21,P001047,210.67,4775.69
D006,2026-05-06,P001047,775.98,7446.22
D006,2026-06-21,P001047,943.62,7729.42
D006,2025-11-18,P001048,337.21,6142.93
D006,2025-12-19,P001048,395.55,6885.48
D006,2026-01-07,P001048,312.02,7712.38
D006,2026-02-22,P001048,469.85,5912.51
D006,2026-04-07,P001048,296.96,3291.27
D006,2026-05-21,P001048,519.79,7285.38
D006,2025-11-05,P001049,1094.51,18609.09
D006,2025-12-17,P001049,3556.22,30600.04
D006,2026-01-21,P001049,893.33,18483.21
D006,2026-02-08,P001049,819.75,13254.66
D006,2026-03-14,P001049,1926.3,26269.69
D006,2026-04-12,P001049,1026.26,20443.94
D006,2026-05-04,P001049,1269.81,21448.49
D006,2026-06-10,P001049,1131.84,25852.58
D006,2025-11-26,P001050,338.06,6008.75
D006,2025-12-25,P001050,246.48,5011.86
D006,2026-01-21,P001050,368.95,4879.15
D006,2026-02-01,P001050,360.7,4272.25
D006,2026-03-23,P001050,536.63,6919.47
D006,2026-04-12,P001050,205.6,4410.23
D006,2026-05-25,P001050,456.65,4878.57
D006,2026-06-07,P001050,464.88,7784.41
D006,2025-11-07,P001051,990.52,24674.26
D006,2025-12-23,P001051,737.23,17975.89
D006,2026-02-01,P001051,512.44,12706.12
D006,2026-03-18,P001051,831.4,18222.5
D006,2026-04-08,P001051,1284.52,26461.75
D006,2026-05-11,P001051,898.79,16962.91
D006,2025-11-27,P001052,537.84,9185.4
D006,2025-12-04,P001052,634.24,8869.16
D006,2026-01-05,P001052,1662.2,14360.97
D006,2026-02-17,P001052,687.42,11650.57
D006,2026-03-19,P001052,624.74,14333.21
D006,2026-04-24,P001052,318.9,6389.06
D006,2026-05-22,P001052,447.0,8726.1
D006,2026-06-04,P001052,498.14,9281.0
D006,2025-11-05,P001053,537.78,4942.88
D006,2025-12-11,P001053,274.58,5330.99
D006,2026-02-05,P001053,320.67,5314.16
D006,2026-03-06,P001053,888.43,7594.19
D006,2026-04-20,P001053,639.41,5917.54
D006,2026-05-20,P001053,303.74,5642.91
D006,2026-06-27,P001053,522.22,7600.74
D006,2025-11-06,P001054,337.98,5410.59
D006,2025-12-11,P001054,182.57,3299.55
D006,2026-02-22,P001054,304.38,5321.21
D006,2026-03-27,P001054,284.59,6267.4
D006,2026-05-21,P001054,510.41,7556.48
D006,2026-06-18,P001054,384.6,6726.77
D006,2025-11-01,P001055,733.26,7929.68
D006,2025-12-11,P001055,554.22,11628.86
D006,2026-01-18,P001055,712.16,16451.14
D006,2026-02-11,P001055,725.17,12319.3
D006,2026-03-24,P001055,546.4,13376.79
D006,2026-04-04,P001055,1694.82,14607.69
D006,2026-05-05,P001055,586.25,9209.24
D006,2026-06-16,P001055,586.25,12699.2
D006,2025-11-25,P001056,195.99,4461.7
D006,2025-12-27,P001056,104.88,2039.54
D006,2026-01-23,P001056,117.18,1921.43
D006,2026-02-08,P001056,183.7,2165.98
D006,2026-03-23,P001056,147.89,2971.47
D006,2026-04-08,P001056,80.89,1039.58
D006,2026-06-25,P001056,121.85,3008.24
D006,2025-11-07,P001057,322.39,4888.9
D006,2025-12-09,P001057,127.87,2526.23
D006,2026-01-21,P001057,406.81,6948.05
D006,2026-02-21,P001057,337.82,4722.95
D006,2026-03-27,P001057,363.27,5289.32
D006,2026-04-15,P001057,213.04,4459.33
D006,2026-06-20,P001057,183.57,4110.44
D006,2025-12-09,P001058,614.39,6817.71
D006,2026-02-13,P001058,708.06,6257.15
D006,2026-03-05,P001058,527.25,5173.02
D006,2026-05-01,P001058,542.5,8110.71
D006,2026-06-15,P001058,516.62,9320.88
D006,2025-12-13,P001059,120.8,2230.73
D006,2026-01-14,P001059,257.27,2884.2
D006,2026-02-15,P001059,347.04,3107.54
D006,2026-03-14,P001059,179.39,2330.65
D006,2026-04-22,P001059,204.44,2371.96
D006,2026-05-16,P001059,102.88,1120.66
D006,2026-06-12,P001059,156.58,2309.54
D006,2025-11-22,P001060,485.31,5786.7
D006,2025-12-22,P001060,602.03,5008.93
D006,2026-01-11,P001060,329.22,5081.79
D006,2026-02-18,P001060,331.0,5454.33
D006,2026-04-11,P001060,232.16,5111.39
D006,2026-05-05,P001060,241.89,5531.07
D006,2026-06-15,P001060,402.11,4999.31
D006,2025-11-07,P001061,158.12,2817.15
D006,2026-01-26,P001061,125.41,2493.75
D006,2026-02-08,P001061,169.46,3453.88
D006,2026-03-19,P001061,125.52,2281.82
D006,2026-04-27,P001061,270.9,4052.83
D006,2026-06-14,P001061,174.64,3200.52
D006,2025-11-23,P001062,470.31,10157.11
D006,2026-01-04,P001062,595.2,4864.65
D006,2026-02-18,P001062,916.52,8946.01
D006,2026-04-03,P001062,268.02,4708.53
D006,2026-05-21,P001062,677.24,8433.94
D006,2025-11-19,P001063,64.35,1065.95
D006,2025-12-17,P001063,581.19,9113.09
D006,2026-01-07,P001063,333.82,7489.78
D006,2026-04-22,P001063,747.76,12326.54
D006,2026-05-13,P001063,504.93,9305.71
D006,2026-06-22,P001063,1325.75,14482.09
D006,2025-11-03,P001064,204.61,3579.86
D006,2025-12-15,P001064,506.37,7951.46
D006,2026-01-06,P001064,483.33,9105.57
D006,2026-02-10,P001064,415.4,7710.91
D006,2026-03-20,P001064,589.93,8317.98
D006,2026-04-18,P001064,474.33,6176.75
D006,2026-05-14,P001064,287.73,6926.36
D006,2026-06-08,P001064,544.12,9918.54
D006,2025-11-15,P001065,343.92,6234.02
D006,2025-12-27,P001065,260.82,5609.43
D006,2026-01-01,P001065,459.31,8248.27
D006,2026-02-19,P001065,279.62,5746.07
D006,2026-03-07,P001065,150.69,3556.39
D006,2026-04-21,P001065,430.09,6234.58
D006,2026-05-11,P001065,801.27,8302.5
D006,2026-06-24,P001065,761.25,8355.7
D006,2025-11-03,P001066,1418.46,33974.3
D006,2025-12-15,P001066,3314.03,33991.06
D006,2026-02-06,P001066,2412.91,33966.15
D006,2026-03-20,P001066,1218.09,26823.57
D006,2026-04-10,P001066,1391.96,26241.23
D006,2026-05-01,P001066,1169.45,28801.49
D006,2025-12-07,P001067,351.93,5289.1
D006,2026-01-12,P001067,730.14,13150.75
D006,2026-02-19,P001067,735.78,6511.45
D006,2026-03-12,P001067,418.79,8086.64
D006,2026-04-16,P001067,1534.95,13994.15
D006,2026-05-21,P001067,536.3,11293.03
D006,2026-06-25,P001067,719.21,13058.01
D006,2025-11-12,P001068,1125.17,16258.86
D006,2025-12-17,P001068,1852.49,19516.45
D006,2026-01-07,P001068,3432.49,35977.02
D006,2026-03-19,P001068,2890.59,29238.01
D006,2026-04-27,P001068,2299.58,32998.17
D006,2026-05-16,P001068,2730.86,32398.98
D006,2025-11-09,P001069,268.79,5157.43
D006,2026-01-04,P001069,410.47,4832.66
D006,2026-02-20,P001069,302.87,6238.36
D006,2026-03-12,P001069,206.54,4181.43
D006,2026-04-25,P001069,319.29,6269.26
D006,2026-05-05,P001069,341.74,6944.9
D006,2026-06-08,P001069,752.75,7153.36
D006,2025-12-13,P001070,823.01,8056.64
D006,2026-01-01,P001070,347.47,6288.88
D006,2026-02-05,P001070,201.43,3497.73
D006,2026-03-27,P001070,463.73,6991.52
D006,2026-04-17,P001070,243.29,5445.78
D006,2026-05-17,P001070,232.15,4826.23
D006,2025-12-05,P001071,377.02,6665.1
D006,2026-02-18,P001071,252.94,4691.89
D006,2026-03-10,P001071,135.31,3190.16
D006,2026-04-12,P001071,801.48,7791.76
D006,2026-05-07,P001071,361.04,6734.95
D006,2026-06-11,P001071,327.77,6435.74
D006,2025-11-18,P001072,3167.2,63776.77
D006,2026-03-24,P001072,2533.63,36701.51
D006,2026-04-03,P001072,3102.61,55504.25
D006,2026-05-03,P001072,1851.3,44703.44
D006,2026-06-21,P001072,1949.03,46799.72
D006,2025-11-10,P001073,410.94,4422.43
D006,2025-12-09,P001073,198.91,3845.05
D006,2026-01-21,P001073,194.07,4770.62
D006,2026-03-12,P001073,411.3,5689.64
D006,2026-04-26,P001073,141.14,2742.3
D006,2026-06-24,P001073,264.66,4857.8
D006,2025-11-11,P001074,125.59,2513.86
D006,2025-12-15,P001074,140.02,2516.61
D006,2026-01-23,P001074,169.76,2518.56
D006,2026-02-16,P001074,254.76,3226.76
D006,2026-03-14,P001074,139.73,1809.53
D006,2026-04-10,P001074,136.12,2167.48
D006,2026-05-01,P001074,102.09,1837.08
D007,2025-11-10,P001075,211.52,3024.85
D007,2025-12-01,P001075,216.11,5291.47
D007,2026-01-16,P001075,171.88,3456.96
D007,2026-02-19,P001075,158.39,3756.19
D007,2026-03-10,P001075,368.58,6827.61
D007,2026-04-07,P001075,182.72,4437.7
D007,2026-05-02,P001075,441.41,6736.13
D007,2026-06-14,P001075,211.94,4636.35
D007,2025-12-05,P001076,876.79,17619.61
D007,2026-01-09,P001076,1144.84,11428.36
D007,2026-02-14,P001076,372.25,5395.56
D007,2026-03-15,P001076,1141.09,10437.73
D007,2026-04-09,P001076,630.81,10900.56
D007,2026-05-16,P001076,705.62,11647.79
D007,2025-11-02,P001077,1545.33,16546.74
D007,2025-12-24,P001077,1214.07,12618.24
D007,2026-01-16,P001077,629.43,15578.85
D007,2026-02-03,P001077,937.29,12186.77
D007,2026-03-23,P001077,485.0,11147.6
D007,2026-04-04,P001077,959.89,17113.92
D007,2026-05-23,P001077,1248.16,16345.82
D007,2026-06-07,P001077,974.03,10747.18
D007,2025-11-10,P001078,544.46,8882.45
D007,2025-12-02,P001078,440.66,8983.67
D007,2026-01-10,P001078,554.89,7643.56
D007,2026-02-10,P001078,381.38,4171.24
D007,2026-03-20,P001078,371.63,4771.68
D007,2026-04-27,P001078,414.5,8193.55
D007,2026-05-27,P001078,208.76,4726.56
D007,2026-06-04,P001078,994.81,9367.92
D007,2025-11-13,P001079,138.13,3357.81
D007,2025-12-25,P001079,481.86,4885.23
D007,2026-02-17,P001079,472.9,5767.01
D007,2026-03-10,P001079,321.85,6350.47
D007,2026-04-21,P001079,329.33,6072.11
D007,2026-05-23,P001079,696.34,6230.77
D007,2026-06-01,P001079,475.65,4520.29
D007,2025-12-13,P001080,2805.18,32789.43
D007,2026-01-10,P001080,1241.64,26158.81
D007,2026-03-11,P001080,1593.87,17786.54
D007,2026-04-15,P001080,3142.22,27217.45
D007,2026-05-12,P001080,1803.32,28597.24
D007,2026-06-27,P001080,2569.59,29722.0
D007,2025-11-05,P001081,256.67,5849.05
D007,2025-12-20,P001081,237.78,5653.24
D007,2026-01-16,P001081,254.36,6144.19
D007,2026-02-14,P001081,585.74,7013.92
D007,2026-03-04,P001081,260.18,4639.15
D007,2026-04-08,P001081,399.66,4789.8
D007,2026-05-24,P001081,738.25,6885.96
D007,2026-06-07,P001081,111.43,2448.95
D007,2025-11-23,P001082,144.2,2640.37
D007,2025-12-09,P001082,432.98,3792.86
D007,2026-01-21,P001082,96.54,1223.87
D007,2026-02-15,P001082,118.49,2517.63
D007,2026-03-09,P001082,203.04,3669.46
D007,2026-04-25,P001082,365.71,2946.64
D007,2026-05-19,P001082,184.19,2833.9
D007,2026-06-27,P001082,80.67,2013.09
D007,2025-11-17,P001083,164.22,3685.99
D007,2025-12-11,P001083,183.55,2830.22
D007,2026-02-25,P001083,139.21,2605.51
D007,2026-03-06,P001083,230.3,3491.01
D007,2026-04-10,P001083,147.64,2912.8
D007,2026-05-03,P001083,120.92,2833.35
D007,2026-06-08,P001083,166.78,2409.4
D007,2025-11-13,P001084,179.85,3326.44
D007,2025-12-05,P001084,217.26,5035.29
D007,2026-01-06,P001084,192.34,4286.05
D007,2026-02-18,P001084,307.58,4854.49
D007,2026-04-17,P001084,237.68,2546.02
D007,2026-05-08,P001084,213.07,4096.2
D007,2026-06-11,P001084,246.85,4918.18
D007,2025-11-07,P001085,247.11,4941.56
D007,2025-12-16,P001085,228.98,5207.46
D007,2026-01-08,P001085,487.84,4074.98
D007,2026-02-26,P001085,233.37,5802.4
D007,2026-03-27,P001085,350.79,7395.25
D007,2026-04-23,P001085,504.15,4815.99
D007,2026-05-01,P001085,631.44,9366.77
D007,2026-06-15,P001085,176.95,2646.72
D007,2025-11-05,P001086,1780.53,15574.83
D007,2025-12-26,P001086,414.85,9774.86
D007,2026-01-23,P001086,226.43,3824.75
D007,2026-02-05,P001086,614.36,9550.68
D007,2026-03-10,P001086,1423.67,13502.32
D007,2026-04-18,P001086,731.31,7925.22
D007,2026-05-04,P001086,420.63,9705.44
D007,2026-06-23,P001086,379.25,7011.9
D007,2025-11-02,P001087,1041.15,9993.22
D007,2025-12-10,P001087,586.11,5580.92
D007,2026-01-26,P001087,404.75,5978.82
D007,2026-02-02,P001087,565.11,11421.39
D007,2026-03-21,P001087,617.64,10393.19
D007,2026-04-10,P001087,1112.98,11702.69
D007,2026-05-09,P001087,616.19,15095.24
D007,2026-06-21,P001087,529.34,9638.96
D007,2025-11-07,P001088,71.89,1499.79
D007,2025-12-07,P001088,179.35,4212.84
D007,2026-01-09,P001088,462.1,6131.09
D007,2026-02-11,P001088,347.35,5237.16
D007,2026-03-03,P001088,298.38,5037.97
D007,2026-04-09,P001088,236.25,3821.62
D007,2026-05-17,P001088,777.28,6319.13
D007,2026-06-26,P001088,304.26,3028.11
D007,2025-11-16,P001089,579.78,13071.32
D007,2025-12-08,P001089,955.36,15058.58
D007,2026-01-05,P001089,1380.05,15283.64
D007,2026-02-26,P001089,773.36,9533.02
D007,2026-03-16,P001089,627.96,7810.32
D007,2026-04-27,P001089,890.16,7596.11
D007,2026-05-17,P001089,784.59,13747.31
D007,2026-06-19,P001089,206.57,4686.56
D007,2025-11-13,P001090,570.54,5885.44
D007,2025-12-13,P001090,437.65,7036.67
D007,2026-01-04,P001090,378.47,4138.81
D007,2026-02-10,P001090,230.26,5706.7
D007,2026-03-03,P001090,612.09,9334.66
D007,2026-04-08,P001090,405.61,8098.82
D007,2026-05-22,P001090,277.53,6335.59
D007,2026-06-07,P001090,235.82,4828.39
D007,2025-11-19,P001091,80.93,1592.96
D007,2025-12-06,P001091,189.58,3604.04
D007,2026-02-15,P001091,69.14,1457.79
D007,2026-03-21,P001091,257.99,3426.1
D007,2026-04-19,P001091,155.66,2013.99
D007,2026-05-18,P001091,159.49,1953.13
D007,2026-06-27,P001091,197.97,2295.66
D007,2025-12-16,P001092,1425.75,15062.42
D007,2026-01-13,P001092,334.39,7958.99
D007,2026-02-18,P001092,257.91,5106.89
D007,2026-03-10,P001092,651.86,11393.5
D007,2026-04-11,P001092,1486.38,16117.43
D007,2026-05-11,P001092,812.26,12987.45
D007,2025-11-27,P001093,1242.92,26779.89
D007,2025-12-10,P001093,3245.01,37454.84
D007,2026-01-13,P001093,4501.3,40519.89
D007,2026-02-23,P001093,2869.57,35583.48
D007,2026-03-17,P001093,3711.98,45244.75
D007,2026-04-26,P001093,2295.74,21554.84
D007,2025-11-23,P001094,6454.61,59805.99
D007,2025-12-19,P001094,2746.89,66591.51
D007,2026-01-05,P001094,13868.7,114197.95
D007,2026-02-11,P001094,7468.28,88331.2
D007,2026-03-14,P001094,10394.44,109144.87
D007,2026-04-27,P001094,3184.71,49948.48
D007,2026-05-01,P001094,7228.54,83483.34
D007,2026-06-02,P001094,4079.66,89942.48
D007,2025-11-27,P001095,913.61,18952.5
D007,2025-12-14,P001095,715.13,16140.82
D007,2026-01-11,P001095,920.37,21731.46
D007,2026-02-20,P001095,1965.92,20093.0
D007,2026-03-15,P001095,800.9,19112.67
D007,2026-04-20,P001095,1966.11,25730.78
D007,2026-05-12,P001095,1875.17,18993.6
D007,2026-06-22,P001095,1472.03,15115.38
D007,2025-11-15,P001096,2974.81,33991.75
D007,2025-12-27,P001096,2219.57,27495.25
D007,2026-02-04,P001096,2515.38,30020.08
D007,2026-04-02,P001096,972.32,21468.54
D007,2026-05-21,P001096,1572.19,34501.0
D007,2025-12-21,P001097,188.98,3165.51
D007,2026-01-13,P001097,3966.41,37825.11
D007,2026-02-02,P001097,2529.34,48877.39
D007,2026-03-17,P001097,2255.92,34257.86
D007,2026-04-08,P001097,6232.41,56914.65
D007,2026-05-16,P001097,2652.52,59766.24
D007,2026-06-01,P001097,2387.86,54600.98
D007,2025-11-20,P001098,644.72,12822.47
D007,2025-12-06,P001098,666.01,6735.56
D007,2026-01-27,P001098,677.83,8601.1
D007,2026-02-09,P001098,365.7,6816.61
D007,2026-03-14,P001098,552.67,9544.07
D007,2026-04-26,P001098,321.87,4210.1
D007,2026-05-07,P001098,1498.95,12730.4
D007,2026-06-23,P001098,552.36,7628.13
D007,2025-11-11,P001099,1724.81,40209.21
D007,2025-12-23,P001099,6343.17,74154.4
D007,2026-03-08,P001099,4357.72,79055.17
D007,2026-04-06,P001099,5173.82,83539.81
D007,2026-06-21,P001099,3931.11,73550.55
D007,2025-11-17,P001100,2684.5,30459.04
D007,2026-01-13,P001100,3461.74,32470.48
D007,2026-02-06,P001100,1337.63,28400.82
D007,2026-03-14,P001100,2411.31,53445.85
D007,2026-04-09,P001100,2280.0,55590.92
D007,2026-05-05,P001100,2379.76,43334.67
D007,2026-06-16,P001100,3332.26,34072.21
D007,2025-11-05,P001101,1062.56,19435.72
D007,2025-12-04,P001101,2777.27,26112.21
D007,2026-01-01,P001101,1453.32,24606.3
D007,2026-02-24,P001101,688.52,16708.39
D007,2026-03-07,P001101,1003.35,21161.49
D007,2026-04-14,P001101,2730.5,33116.28
D007,2026-05-18,P001101,2437.55,30305.86
D007,2026-06-17,P001101,1117.02,25763.79
D007,2025-11-14,P001102,576.45,6490.88
D007,2025-12-08,P001102,464.97,4241.06
D007,2026-01-02,P001102,317.46,6257.48
D007,2026-02-13,P001102,193.44,3852.71
D007,2026-03-14,P001102,169.93,3866.73
D007,2026-04-08,P001102,433.81,9174.93
D007,2026-05-13,P001102,545.19,4867.08
D007,2026-06-16,P001102,615.66,6722.44
D007,2025-11-25,P001103,1375.66,16212.57
D007,2025-12-14,P001103,746.72,12667.37
D007,2026-01-08,P001103,1080.23,9090.34
D007,2026-02-12,P001103,363.67,7830.89
D007,2026-03-13,P001103,323.67,6692.04
D007,2026-04-14,P001103,1264.16,12818.49
D007,2026-05-15,P001103,1013.22,12205.04
D007,2026-06-14,P001103,805.98,12828.46
D007,2025-11-07,P001104,431.53,4795.08
D007,2026-01-18,P001104,296.53,5755.83
D007,2026-02-06,P001104,190.99,3787.57
D007,2026-03-02,P001104,253.54,5542.0
D007,2026-04-17,P001104,378.18,3122.05
D007,2026-05-22,P001104,207.15,4999.11
D007,2026-06-01,P001104,252.37,4466.28
D007,2025-11-17,P001105,682.32,10565.01
D007,2025-12-25,P001105,277.08,6385.63
D007,2026-01-07,P001105,567.25,6428.1
D007,2026-03-11,P001105,481.8,11516.64
D007,2026-04-02,P001105,313.49,6925.76
D007,2026-05-01,P001105,605.04,7765.36
D007,2026-06-04,P001105,741.6,9001.77
D007,2025-11-03,P001106,747.01,8032.6
D007,2025-12-09,P001106,556.66,7806.82
D007,2026-01-13,P001106,406.34,5107.15
D007,2026-02-26,P001106,854.79,11345.86
D007,2026-03-03,P001106,444.64,9919.85
D007,2026-04-07,P001106,468.0,8088.56
D007,2026-05-20,P001106,716.89,8336.44
D007,2026-06-07,P001106,329.11,8003.05
D007,2025-12-10,P001107,883.15,13215.28
D007,2026-01-14,P001107,1221.54,11204.34
D007,2026-02-21,P001107,285.84,5000.23
D007,2026-03-08,P001107,540.75,13386.6
D007,2026-04-25,P001107,487.53,10156.16
D007,2026-05-03,P001107,1380.17,14369.86
D007,2026-06-03,P001107,503.27,12301.01
D007,2025-11-08,P001108,249.49,3847.97
D007,2026-01-21,P001108,1520.56,13661.33
D007,2026-02-21,P001108,588.33,12225.11
D007,2026-03-05,P001108,1210.37,12379.95
D007,2026-04-14,P001108,779.56,13685.9
D007,2026-05-03,P001108,854.03,7051.94
D007,2026-06-09,P001108,623.75,10680.77
D007,2025-11-13,P001109,242.74,5250.59
D007,2025-12-23,P001109,240.88,3628.34
D007,2026-01-22,P001109,687.28,6376.53
D007,2026-02-23,P001109,192.1,4212.24
D007,2026-04-09,P001109,191.13,4239.03
D007,2026-05-24,P001109,451.01,4516.11
D007,2026-06-11,P001109,234.79,5081.63
D007,2025-11-17,P001110,233.79,4821.54
D007,2025-12-27,P001110,230.53,5190.51
D007,2026-01-10,P001110,429.41,4408.71
D007,2026-02-13,P001110,409.38,4072.14
D007,2026-03-17,P001110,92.83,1994.92
D007,2026-05-26,P001110,103.6,2252.92
D007,2025-11-13,P001111,459.29,9889.4
D007,2025-12-27,P001111,754.78,9480.73
D007,2026-01-02,P001111,250.38,6096.87
D007,2026-03-16,P001111,231.35,5265.57
D007,2026-04-15,P001111,618.53,6679.52
D007,2026-05-03,P001111,761.16,9672.82
D007,2026-06-19,P001111,481.8,6440.51
D007,2025-11-07,P001112,1041.95,21018.14
D007,2025-12-05,P001112,716.64,14642.14
D007,2026-01-02,P001112,1124.94,21220.55
D007,2026-02-20,P001112,628.37,15508.59
D007,2026-04-14,P001112,1159.97,16201.67
D007,2026-05-02,P001112,856.29,19811.15
D007,2026-06-11,P001112,673.49,12455.14
D007,2025-11-22,P001113,112.5,1357.53
D007,2025-12-26,P001113,667.85,12895.57
D007,2026-01-12,P001113,1202.81,17548.8
D007,2026-04-11,P001113,916.94,9747.1
D007,2026-05-05,P001113,718.03,13491.12
D007,2026-06-20,P001113,427.08,8964.9
D007,2025-11-06,P001114,3820.17,52206.88
D007,2025-12-01,P001114,2402.27,40601.8
D007,2026-01-06,P001114,1497.36,36638.79
D007,2026-02-23,P001114,3289.39,38389.29
D007,2026-04-26,P001114,2015.07,50264.67
D007,2026-05-03,P001114,1655.72,26227.32
D007,2026-06-07,P001114,1411.52,27237.24
D007,2025-11-03,P001115,257.69,3738.85
D007,2025-12-04,P001115,455.25,8277.35
D007,2026-01-12,P001115,504.31,5581.8
D007,2026-03-24,P001115,153.67,2837.55
D007,2026-05-22,P001115,189.48,2375.83
D007,2026-06-23,P001115,451.01,6502.16
D007,2025-11-24,P001116,5097.71,42104.9
D007,2026-01-27,P001116,4580.32,41540.59
D007,2026-02-26,P001116,1981.6,30022.63
D007,2026-03-02,P001116,2227.39,36602.31
D007,2026-04-11,P001116,5794.37,49738.93
D007,2026-05-09,P001116,2052.51,40380.25
D007,2026-06-16,P001116,2509.95,59960.85
D007,2025-12-19,P001117,403.68,6387.1
D007,2026-01-01,P001117,234.64,3196.02
D007,2026-02-24,P001117,361.61,3842.48
D007,2026-03-09,P001117,431.96,4282.06
D007,2026-04-08,P001117,198.05,4726.34
D007,2026-05-07,P001117,260.93,4906.51
D007,2026-06-09,P001117,230.44,4752.22
D007,2025-11-19,P001118,494.35,8438.19
D007,2025-12-06,P001118,411.9,9030.29
D007,2026-01-20,P001118,572.42,8268.56
D007,2026-02-26,P001118,816.31,16129.07
D007,2026-03-16,P001118,675.04,9929.22
D007,2026-05-19,P001118,493.95,10205.89
D007,2026-06-06,P001118,681.96,11076.71
D007,2025-12-23,P001119,4380.99,56778.36
D007,2026-01-07,P001119,4133.77,50716.5
D007,2026-02-15,P001119,12628.2,151899.7
D007,2026-04-10,P001119,5401.68,87086.34
D007,2026-05-09,P001119,3059.66,56922.63
D007,2026-06-22,P001119,4298.29,95780.02
D007,2025-12-11,P001120,394.18,7379.62
D007,2026-01-12,P001120,549.66,12282.6
D007,2026-02-21,P001120,455.64,10221.62
D007,2026-03-13,P001120,203.13,4483.99
D007,2026-04-21,P001120,674.02,12981.9
D007,2026-05-24,P001120,698.29,10100.88
D007,2026-06-13,P001120,683.74,14324.59
D007,2025-12-07,P001121,1477.02,15113.89
D007,2026-01-08,P001121,254.96,4591.4
D007,2026-02-22,P001121,494.8,11380.03
D007,2026-04-20,P001121,684.11,14497.3
D007,2026-05-25,P001121,1057.25,14857.31
D007,2026-06-27,P001121,455.02,10416.1
D007,2025-11-04,P001122,84.8,1793.33
D007,2025-12-14,P001122,102.5,1754.48
D007,2026-01-19,P001122,85.34,1316.86
D007,2026-02-21,P001122,113.25,1761.69
D007,2026-04-09,P001122,104.85,2158.08
D007,2026-05-15,P001122,173.68,2031.37
D007,2026-06-04,P001122,169.72,2229.46
D007,2025-11-08,P001123,144.73,2611.25
D007,2025-12-08,P001123,63.75,798.64
D007,2026-01-07,P001123,84.53,1653.76
D007,2026-02-12,P001123,37.45,910.3
D007,2026-03-10,P001123,109.92,1705.94
D007,2026-04-26,P001123,97.58,1599.52
D007,2026-05-09,P001123,151.86,3123.89
D007,2026-06-20,P001123,96.31,2195.61
D007,2025-11-17,P001124,189.32,3106.94
D007,2025-12-12,P001124,130.6,1283.25
D007,2026-01-27,P001124,160.11,3367.67
D007,2026-02-24,P001124,120.06,2717.87
D007,2026-03-24,P001124,234.23,2956.89
D007,2026-04-18,P001124,618.07,5241.65
D007,2026-05-21,P001124,86.31,1723.01
D007,2025-11-14,P001125,103.25,2236.33
D007,2025-12-21,P001125,105.75,2427.23
D007,2026-01-12,P001125,210.64,3152.85
D007,2026-02-20,P001125,162.63,2396.99
D007,2026-03-13,P001125,87.15,753.15
D007,2026-05-09,P001125,95.32,1650.9
D007,2026-06-06,P001125,72.78,1564.57
D007,2025-11-13,P001126,143.09,2638.35
D007,2025-12-12,P001126,302.47,3598.45
D007,2026-01-20,P001126,107.98,2663.43
D007,2026-02-16,P001126,180.36,4488.08
D007,2026-03-22,P001126,206.71,4688.26
D007,2026-04-05,P001126,140.36,2466.83
D007,2026-06-09,P001126,197.48,4633.99
D007,2025-11-19,P001127,370.03,4437.95
D007,2025-12-16,P001127,380.73,4934.56
D007,2026-01-25,P001127,503.43,5728.05
D007,2026-02-10,P001127,194.12,4070.68
D007,2026-04-25,P001127,187.78,3795.26
D007,2026-05-18,P001127,276.92,5731.78
D007,2025-11-23,P001128,116.47,2560.12
D007,2025-12-25,P001128,200.18,3798.61
D007,2026-01-08,P001128,331.06,3532.39
D007,2026-02-24,P001128,97.3,2207.8
D007,2026-03-05,P001128,104.22,1954.02
D007,2026-04-17,P001128,124.3,2781.89
D007,2026-05-15,P001128,199.73,2325.09
D007,2026-06-09,P001128,286.01,2552.65
D007,2025-11-01,P001129,891.32,13256.17
D007,2025-12-15,P001129,967.98,13519.66
D007,2026-01-26,P001129,869.3,14099.83
D007,2026-02-20,P001129,537.26,11221.91
D007,2026-03-24,P001129,202.92,3176.09
D007,2026-04-26,P001129,212.35,5279.34
D007,2026-05-02,P001129,706.95,10761.27
D007,2025-12-22,P001130,148.77,2526.26
D007,2026-01-24,P001130,134.44,1993.6
D007,2026-02-14,P001130,60.94,1435.73
D007,2026-03-19,P001130,35.95,624.93
D007,2026-04-20,P001130,96.33,1846.31
D007,2026-05-23,P001130,74.95,1564.1
D007,2025-11-10,P001131,308.96,6534.73
D007,2025-12-23,P001131,308.5,7179.95
D007,2026-01-20,P001131,509.69,7498.84
D007,2026-02-11,P001131,350.47,7446.27
D007,2026-03-22,P001131,884.29,7331.27
D007,2026-04-22,P001131,828.37,9150.14
D007,2026-05-19,P001131,1459.97,11777.14
D007,2026-06-20,P001131,712.72,12289.68
D007,2025-12-01,P001132,223.55,3039.8
D007,2026-01-16,P001132,136.48,2669.59
D007,2026-02-24,P001132,259.44,2784.3
D007,2026-03-01,P001132,146.35,3623.3
D007,2026-05-15,P001132,125.17,2861.1
D007,2026-06-15,P001132,373.09,3882.76
D007,2025-11-14,P001133,525.27,11733.84
D007,2026-02-04,P001133,1248.78,10778.92
D007,2026-03-04,P001133,1495.4,12256.11
D007,2026-04-08,P001133,798.4,15953.89
D007,2026-05-11,P001133,849.08,18708.2
D007,2026-06-06,P001133,706.53,14712.25
D007,2025-11-05,P001134,390.61,3164.85
D007,2026-01-26,P001134,478.37,5089.93
D007,2026-02-02,P001134,124.58,2347.85
D007,2026-03-04,P001134,292.61,4837.96
D007,2026-04-14,P001134,252.73,3956.15
D007,2026-06-13,P001134,138.7,2345.7
D007,2025-12-13,P001135,793.17,15292.87
D007,2026-01-06,P001135,1057.44,17839.68
D007,2026-02-04,P001135,1907.21,38496.21
D007,2026-03-14,P001135,2422.5,39878.64
D007,2026-04-20,P001135,4396.05,44985.71
D007,2026-05-08,P001135,2630.53,30767.47
D007,2026-06-23,P001135,4385.68,46894.53
D007,2025-11-09,P001136,108.31,1908.32
D007,2025-12-25,P001136,255.67,3383.8
D007,2026-01-11,P001136,212.71,3662.55
D007,2026-02-22,P001136,202.74,4491.39
D007,2026-03-01,P001136,281.42,3757.12
D007,2026-04-06,P001136,284.28,4900.18
D007,2026-05-01,P001136,305.24,3311.86
D007,2026-06-24,P001136,455.81,6796.88
D007,2025-12-02,P001137,256.72,4560.08
D007,2026-01-22,P001137,680.54,6284.08
D007,2026-02-27,P001137,231.09,5339.89
D007,2026-03-01,P001137,300.98,4824.3
D007,2026-04-13,P001137,451.09,4449.81
D007,2026-05-24,P001137,769.14,7083.77
D007,2026-06-27,P001137,273.4,5012.58
D007,2025-11-16,P001138,1614.79,32150.84
D007,2025-12-07,P001138,3811.82,82636.28
D007,2026-03-01,P001138,4465.69,87001.96
D007,2026-06-11,P001138,8596.02,94634.6
D007,2025-12-21,P001139,5523.22,101490.12
D007,2026-01-03,P001139,5361.21,69954.08
D007,2026-02-03,P001139,7971.84,102711.48
D007,2026-03-12,P001139,4869.8,83728.93
D007,2026-05-18,P001139,7159.91,124303.66
D007,2026-06-11,P001139,8367.73,129238.63
D007,2025-11-25,P001140,8211.0,111457.63
D007,2026-01-14,P001140,8042.15,71235.86
D007,2026-02-15,P001140,9447.25,90012.6
D007,2026-03-07,P001140,4149.06,103454.72
D007,2026-04-24,P001140,11757.26,95571.18
D007,2026-05-15,P001140,6512.46,152460.52
D007,2026-06-18,P001140,11701.33,97375.04
D007,2025-11-10,P001141,309.76,4713.25
D007,2025-12-26,P001141,443.84,8140.47
D007,2026-01-06,P001141,474.13,7407.48
D007,2026-02-21,P001141,416.81,8204.37
D007,2026-03-01,P001141,843.48,9961.9
D007,2026-05-13,P001141,529.98,13234.47
D007,2026-06-10,P001141,795.13,14766.33
D007,2025-12-22,P001142,282.85,6237.55
D007,2026-01-09,P001142,452.81,11157.64
D007,2026-03-20,P001142,565.64,13621.2
D007,2026-04-02,P001142,168.97,2447.08
D007,2026-05-13,P001142,580.01,14333.72
D007,2026-06-22,P001142,782.42,15062.38
D007,2025-11-08,P001143,175.37,2126.26
D007,2026-01-26,P001143,104.59,2405.9
D007,2026-02-14,P001143,158.44,3172.6
D007,2026-03-22,P001143,331.0,5682.37
D007,2026-04-24,P001143,434.65,5094.65
D007,2026-05-22,P001143,332.23,6239.52
D007,2025-12-23,P001144,6519.71,82892.29
D007,2026-01-13,P001144,5714.99,77200.36
D007,2026-02-11,P001144,5038.34,120207.69
D007,2026-03-11,P001144,8490.68,119594.3
D007,2026-05-22,P001144,5960.71,121037.89
D007,2026-06-14,P001144,7137.27,102621.59
D007,2025-11-23,P001145,152.57,1533.15
D007,2025-12-16,P001145,62.14,1513.81
D007,2026-01-12,P001145,111.89,1466.89
D007,2026-02-15,P001145,160.43,1413.72
D007,2026-03-09,P001145,52.55,1179.7
D007,2026-04-03,P001145,140.92,2657.69
D007,2026-05-04,P001145,233.42,1890.49
D007,2026-01-20,P001146,805.09,14143.77
D007,2026-02-22,P001146,1101.43,18990.56
D007,2026-03-22,P001146,1174.94,19389.12
D007,2026-05-27,P001146,354.27,8594.3
D007,2025-11-10,P001147,2516.31,25272.17
D007,2025-12-15,P001147,534.2,10244.17
D007,2026-01-10,P001147,642.92,15554.35
D007,2026-02-20,P001147,517.69,12171.44
D007,2026-04-15,P001147,494.53,10608.46
D007,2026-05-25,P001147,844.33,15571.54
D007,2026-06-04,P001147,1664.02,14463.69
D007,2025-11-21,P001148,2153.54,35993.7
D007,2025-12-01,P001148,1348.94,32016.34
D007,2026-02-19,P001148,1981.4,24293.56
D007,2026-03-01,P001148,2389.46,41206.83
D007,2026-05-11,P001148,1286.69,23643.85
D007,2026-06-12,P001148,2556.61,33495.14
D007,2025-11-07,P001149,707.0,14387.82
D007,2026-01-11,P001149,2000.79,22589.7
D007,2026-02-22,P001149,1107.72,13341.87
D007,2026-03-05,P001149,2233.81,21103.32
D007,2026-04-13,P001149,1179.09,18024.5
D007,2026-05-05,P001149,490.51,9795.45
D007,2026-06-06,P001149,1181.64,14284.06
D007,2025-11-14,P001150,2206.31,43112.25
D007,2025-12-03,P001150,861.03,16999.46
D007,2026-01-21,P001150,1852.64,23166.71
D007,2026-02-05,P001150,1211.45,23434.57
D007,2026-03-16,P001150,2171.54,27446.32
D007,2026-04-16,P001150,3884.43,51948.75
D007,2026-05-08,P001150,1357.45,31134.64
D007,2026-06-03,P001150,2865.91,24739.56
D007,2025-11-22,P001151,324.29,4993.06
D007,2026-01-04,P001151,345.4,4139.42
D007,2026-02-04,P001151,169.95,3947.17
D007,2026-03-10,P001151,287.1,3302.98
D007,2026-04-26,P001151,114.79,2460.06
D007,2026-05-23,P001151,161.49,2665.92
D007,2026-06-22,P001151,125.66,2649.62
D007,2025-11-11,P001152,3907.8,65062.59
D007,2025-12-23,P001152,6482.28,54255.99
D007,2026-01-08,P001152,1247.72,28464.22
D007,2026-02-19,P001152,2058.01,34185.25
D007,2026-04-05,P001152,4285.14,54536.85
D007,2026-05-04,P001152,3140.89,49847.23
D007,2026-06-10,P001152,4328.69,49365.78
D007,2025-11-25,P001153,2847.5,24831.69
D007,2025-12-05,P001153,2329.53,34280.57
D007,2026-01-15,P001153,3048.36,35000.82
D007,2026-02-17,P001153,2573.44,54165.25
D007,2026-03-26,P001153,1589.65,34296.21
D007,2026-04-02,P001153,2251.89,39685.55
D007,2026-05-26,P001153,3812.79,52963.99
D007,2026-06-23,P001153,2806.64,53653.08
D007,2025-11-21,P001154,1908.79,29243.18
D007,2025-12-05,P001154,877.21,17440.91
D007,2026-01-03,P001154,1275.34,23925.19
D007,2026-03-03,P001154,832.53,19533.28
D007,2026-04-20,P001154,3587.72,45994.75
D007,2026-05-27,P001154,991.66,21392.65
D007,2026-06-03,P001154,727.85,11170.37
D007,2025-11-22,P001155,302.44,5041.61
D007,2025-12-27,P001155,735.33,11224.96
D007,2026-01-21,P001155,1268.27,13382.04
D007,2026-02-19,P001155,1094.27,13411.93
D007,2026-03-09,P001155,1571.66,12960.31
D007,2026-04-19,P001155,351.82,6945.38
D007,2026-05-23,P001155,205.56,4736.78
D007,2025-11-03,P001156,104.23,1310.35
D007,2025-12-17,P001156,69.24,1567.59
D007,2026-01-02,P001156,165.66,1376.14
D007,2026-02-10,P001156,127.16,2746.43
D007,2026-03-13,P001156,96.61,1867.53
D007,2026-04-16,P001156,160.54,1781.46
D007,2026-05-22,P001156,66.77,1368.94
D007,2025-12-19,P001157,2311.91,33873.51
D007,2026-01-11,P001157,4316.85,43081.31
D007,2026-02-12,P001157,1431.38,15906.97
D007,2025-11-17,P001158,178.15,4218.26
D007,2025-12-17,P001158,214.47,2616.0
D007,2026-01-23,P001158,176.99,4208.17
D007,2026-02-22,P001158,237.96,3319.43
D007,2026-03-11,P001158,115.26,1594.5
D007,2026-04-01,P001158,263.35,3875.83
D007,2026-05-01,P001158,117.72,2850.58
D007,2026-06-04,P001158,164.69,3938.17
D007,2025-12-10,P001159,2284.68,48167.43
D007,2026-02-18,P001159,3134.36,65341.56
D007,2026-03-17,P001159,7555.48,77001.14
D007,2026-04-15,P001159,2246.17,43699.15
D007,2026-05-22,P001159,3949.55,72614.94
D007,2026-06-15,P001159,5682.36,95069.01
D007,2025-11-27,P001160,2572.81,31502.82
D007,2025-12-20,P001160,2650.43,56618.41
D007,2026-01-21,P001160,5398.22,47240.19
D007,2026-02-17,P001160,1550.74,23734.85
D007,2026-03-16,P001160,1119.31,22793.34
D007,2026-04-02,P001160,1135.07,27936.16
D007,2026-05-04,P001160,1571.7,28561.63
D007,2025-12-17,P001161,690.75,11436.82
D007,2026-01-12,P001161,1076.31,13882.66
D007,2026-02-09,P001161,604.89,5752.71
D007,2026-03-09,P001161,1555.73,12763.27
D007,2026-05-25,P001161,555.57,9510.12
D007,2026-06-13,P001161,487.77,11343.09
D007,2025-11-04,P001162,4044.98,63735.38
D007,2025-12-19,P001162,5431.98,49213.45
D007,2026-02-20,P001162,6395.53,74110.39
D007,2026-03-02,P001162,3515.0,37734.83
D007,2026-04-12,P001162,1513.14,37706.08
D007,2026-05-15,P001162,2256.01,41089.72
D007,2026-06-19,P001162,3507.82,67255.73
D007,2025-12-04,P001163,3612.46,42227.65
D007,2026-01-20,P001163,987.42,13841.35
D007,2026-02-09,P001163,2915.84,28785.72
D007,2026-03-14,P001163,1349.45,33055.89
D007,2026-04-17,P001163,2483.65,50963.66
D007,2026-05-13,P001163,5054.46,53190.27
D007,2026-06-15,P001163,3823.41,53076.54
D007,2025-11-08,P001164,475.25,4774.69
D007,2025-12-17,P001164,247.07,4378.08
D007,2026-01-25,P001164,120.56,2935.27
D007,2026-02-24,P001164,532.14,4441.95
D007,2026-03-22,P001164,165.4,3445.35
D007,2026-04-25,P001164,466.62,3987.72
D007,2026-06-16,P001164,352.48,3668.95
D007,2025-11-01,P001165,3206.01,62046.12
D007,2025-12-25,P001165,4168.16,71148.95
D007,2026-01-16,P001165,3195.58,60167.86
D007,2026-03-23,P001165,5621.34,92912.65
D007,2026-04-20,P001165,8010.59,72405.7
D007,2026-06-22,P001165,5721.76,95329.68
D007,2025-11-05,P001166,2005.37,21126.02
D007,2025-12-03,P001166,1289.47,25674.89
D007,2026-01-02,P001166,777.15,15908.41
D007,2026-02-15,P001166,673.68,16530.87
D007,2026-03-09,P001166,1787.3,30251.6
D007,2026-04-01,P001166,1414.31,28040.92
D007,2026-05-05,P001166,1210.68,10672.84
D007,2026-06-08,P001166,1188.44,25190.04
D007,2025-11-04,P001167,560.1,9934.79
D007,2025-12-04,P001167,985.16,12062.44
D007,2026-01-12,P001167,536.28,12062.74
D007,2026-02-21,P001167,723.6,13139.81
D007,2026-03-18,P001167,1116.93,10294.15
D007,2026-04-13,P001167,589.38,12819.16
D007,2026-05-19,P001167,515.42,10929.19
D007,2026-06-12,P001167,750.0,17067.6
D007,2025-11-23,P001168,555.72,6633.32
D007,2025-12-03,P001168,317.83,5629.61
D007,2026-01-10,P001168,345.83,3826.14
D007,2026-02-16,P001168,163.32,3881.07
D007,2026-03-24,P001168,119.54,2582.49
D007,2026-04-26,P001168,294.87,4502.56
D007,2026-05-18,P001168,479.02,6334.87
D007,2026-06-09,P001168,448.57,6918.12
D007,2025-11-15,P001169,209.62,5141.42
D007,2025-12-03,P001169,259.69,3851.61
D007,2026-02-08,P001169,661.48,6345.04
D007,2026-03-05,P001169,276.2,4249.14
D007,2026-04-25,P001169,283.62,2611.0
D007,2026-05-02,P001169,365.8,5197.48
D007,2026-06-27,P001169,181.79,2379.06
D007,2025-11-12,P001170,221.75,3953.41
D007,2025-12-14,P001170,772.37,6463.14
D007,2026-01-07,P001170,479.54,3936.13
D007,2026-02-26,P001170,233.41,5424.05
D007,2026-03-09,P001170,345.87,5203.97
D007,2026-04-14,P001170,227.15,5322.54
D007,2026-05-02,P001170,592.49,5661.36
D007,2026-06-05,P001170,258.75,4669.13
D007,2025-11-12,P001171,309.61,5161.75
D007,2025-12-09,P001171,364.42,5116.55
D007,2026-01-09,P001171,479.59,5690.81
D007,2026-02-16,P001171,525.57,5435.34
D007,2026-03-13,P001171,361.27,5232.22
D007,2026-05-21,P001171,341.0,6934.54
D007,2026-06-18,P001171,248.17,3856.05
D007,2025-11-16,P001172,182.34,1588.24
D007,2025-12-11,P001172,110.23,1125.91
D007,2026-01-25,P001172,16.57,369.13
D007,2026-02-11,P001172,74.88,1034.26
D007,2026-03-04,P001172,210.7,2296.8
D007,2026-04-06,P001172,148.01,1761.38
D007,2026-05-06,P001172,122.05,1799.4
D007,2026-06-27,P001172,179.46,2421.1
D007,2025-11-04,P001173,794.88,13795.32
D007,2025-12-01,P001173,1360.17,11047.09
D007,2026-01-19,P001173,627.08,10596.41
D007,2026-02-02,P001173,1452.25,14349.64
D007,2026-03-14,P001173,1606.12,18016.64
D007,2026-04-20,P001173,839.86,18582.05
D007,2026-05-15,P001173,1020.05,10476.05
D007,2026-06-11,P001173,1490.74,18972.79
D007,2025-12-27,P001174,321.2,5769.25
D007,2026-01-05,P001174,467.01,6919.11
D007,2026-02-23,P001174,332.97,8303.79
D007,2026-03-15,P001174,572.66,7279.92
D007,2026-04-01,P001174,183.93,3931.28
D007,2026-05-18,P001174,175.8,3975.53
D007,2026-06-13,P001174,319.46,7584.25
D007,2025-11-12,P001175,1016.63,25118.33
D007,2025-12-25,P001175,2141.26,33134.63
D007,2026-01-09,P001175,1470.92,28499.44
D007,2026-02-15,P001175,1120.94,25373.14
D007,2026-03-04,P001175,1764.86,20271.88
D007,2026-04-05,P001175,3961.81,43004.8
D007,2026-05-23,P001175,1238.11,26745.64
D007,2026-06-05,P001175,2124.95,34353.46
D007,2025-11-05,P001176,3347.58,27642.83
D007,2025-12-17,P001176,3449.07,41541.3
D007,2026-02-13,P001176,2117.35,32051.21
D007,2026-03-15,P001176,1055.0,13507.86
D007,2026-04-01,P001176,1191.96,20857.12
D007,2026-05-21,P001176,889.69,18734.23
D007,2026-06-08,P001176,2357.75,34765.38
D007,2025-11-20,P001177,113.01,2691.45
D007,2025-12-14,P001177,219.34,4780.8
D007,2026-01-22,P001177,135.81,2145.19
D007,2026-02-09,P001177,254.14,3554.68
D007,2026-03-04,P001177,324.5,2982.58
D007,2026-04-08,P001177,362.83,3319.41
D007,2026-05-23,P001177,112.76,2787.27
D007,2026-06-07,P001177,226.96,2431.28
D007,2025-11-19,P001178,785.8,18787.69
D007,2025-12-16,P001178,1019.33,25320.65
D007,2026-01-24,P001178,969.26,18442.21
D007,2026-02-03,P001178,1419.12,27115.48
D007,2026-03-25,P001178,1178.2,22960.51
D007,2026-04-20,P001178,1234.01,25451.64
D007,2026-05-11,P001178,671.04,9332.15
D007,2026-06-05,P001178,2776.14,23432.69
D007,2025-11-26,P001179,1064.31,9960.69
D007,2025-12-05,P001179,406.75,10072.12
D007,2026-01-27,P001179,426.89,8755.82
D007,2026-02-16,P001179,838.42,19378.12
D007,2026-03-05,P001179,231.83,4052.31
D007,2026-04-02,P001179,2334.86,20536.46
D007,2026-05-27,P001179,1008.19,15222.19
D007,2026-06-16,P001179,1042.09,14319.13
D007,2025-12-17,P001180,395.1,8199.07
D007,2026-01-06,P001180,814.19,19845.66
D007,2026-02-20,P001180,1195.15,27129.11
D007,2026-04-07,P001180,2601.96,26530.35
D007,2026-05-07,P001180,874.55,17641.46
D007,2026-06-23,P001180,1887.43,33754.97
D007,2025-11-22,P001181,646.4,12991.79
D007,2025-12-11,P001181,686.51,16753.77
D007,2026-01-09,P001181,377.26,8210.5
D007,2026-02-13,P001181,644.13,7915.75
D007,2026-03-23,P001181,646.86,15380.63
D007,2026-04-24,P001181,554.42,11085.4
D007,2026-05-22,P001181,1055.58,12652.27
D007,2025-11-10,P001182,3617.18,35125.5
D007,2025-12-03,P001182,3077.99,71637.24
D007,2026-01-22,P001182,5262.77,90173.79
D007,2026-02-25,P001182,1685.23,34033.21
D007,2026-03-15,P001182,8084.65,67007.31
D007,2026-04-24,P001182,3068.06,74810.51
D007,2026-05-17,P001182,2331.38,46851.33
D007,2026-06-16,P001182,4494.13,48852.49
D007,2025-11-08,P001183,573.25,12024.71
D007,2026-01-17,P001183,754.56,13627.22
D007,2026-02-17,P001183,828.48,20377.44
D007,2026-03-21,P001183,962.78,14995.38
D007,2026-04-22,P001183,1439.44,13166.64
D007,2026-05-14,P001183,509.68,9579.64
D007,2026-06-06,P001183,891.7,17759.74
D007,2025-11-06,P001184,411.07,9542.82
D007,2025-12-09,P001184,874.61,8226.23
D007,2026-01-12,P001184,425.64,8061.9
D007,2026-03-25,P001184,547.93,10174.52
D007,2026-04-19,P001184,431.87,7709.98
D007,2026-05-24,P001184,396.17,6626.33
D007,2026-06-01,P001184,721.43,7241.55
D007,2025-11-02,P001185,929.56,18003.93
D007,2026-03-18,P001185,1685.27,18586.35
D007,2026-06-24,P001185,1796.19,14533.57
D007,2025-11-05,P001186,132.02,2840.19
D007,2025-12-01,P001186,495.52,5949.71
D007,2026-01-12,P001186,228.09,5698.69
D007,2026-02-05,P001186,336.02,4903.73
D007,2026-03-14,P001186,178.87,2213.21
D007,2026-04-10,P001186,297.43,3132.11
D007,2026-05-24,P001186,704.81,5920.28
D007,2026-06-22,P001186,127.57,2416.22
D007,2025-11-26,P001187,127.76,2120.33
D007,2025-12-04,P001187,420.26,4084.51
D007,2026-02-06,P001187,184.95,4457.12
D007,2026-03-05,P001187,222.31,5426.59
D007,2026-04-18,P001187,413.02,5292.28
D007,2026-06-13,P001187,306.97,6476.51
D007,2026-01-11,P001188,1132.87,14958.61
D007,2026-02-11,P001188,503.24,12419.86
D007,2026-03-02,P001188,917.04,16813.53
D007,2026-04-09,P001188,833.19,13805.81
D007,2026-05-26,P001188,287.75,6195.88
D007,2026-06-08,P001188,521.26,11601.93
D007,2025-11-17,P001189,9688.12,80058.21
D007,2025-12-26,P001189,2475.01,57615.98
D007,2026-01-01,P001189,5912.34,118950.18
D007,2026-02-24,P001189,2835.95,61182.05
D007,2026-03-25,P001189,4241.04,50935.88
D007,2026-04-19,P001189,7568.17,63290.51
D007,2026-05-11,P001189,3803.07,52597.27
D007,2026-06-13,P001189,2654.26,49359.94
D007,2025-11-08,P001190,587.52,7893.55
D007,2025-12-13,P001190,693.61,7605.0
D007,2026-01-11,P001190,362.95,8514.78
D007,2026-02-25,P001190,483.42,6193.53
D007,2026-03-13,P001190,864.96,8709.33
D007,2026-04-27,P001190,459.72,11199.17
D007,2026-05-05,P001190,740.24,8475.41
D007,2026-06-02,P001190,809.58,7685.07
D007,2025-11-04,P001191,5072.3,55815.06
D007,2025-12-07,P001191,3560.75,33671.69
D007,2026-01-12,P001191,2737.29,47606.02
D007,2026-02-25,P001191,4150.21,66521.28
D007,2026-03-11,P001191,1165.76,23475.48
D007,2026-04-24,P001191,3308.09,67249.22
D007,2026-06-07,P001191,2154.57,46593.69
D007,2025-11-02,P001192,577.06,12085.41
D007,2025-12-14,P001192,433.88,8926.93
D007,2026-02-21,P001192,1052.84,14621.03
D007,2026-03-25,P001192,1170.02,15722.01
D007,2026-04-11,P001192,310.9,5232.79
D007,2026-05-04,P001192,1228.9,11792.63
D007,2026-06-16,P001192,749.32,14242.09
D007,2025-11-14,P001193,3245.4,33143.07
D007,2025-12-13,P001193,1188.59,21291.48
D007,2026-01-12,P001193,1561.46,29230.69
D007,2026-02-23,P001193,1507.39,36593.87
D007,2026-03-13,P001193,3482.35,36453.3
D007,2026-04-02,P001193,2472.26,38388.68
D007,2026-05-24,P001193,1569.6,19330.93
D007,2026-06-16,P001193,1358.44,28147.88
D007,2025-11-24,P001194,123.08,2207.78
D007,2025-12-10,P001194,127.24,2885.89
D007,2026-03-01,P001194,81.7,1716.96
D007,2026-04-24,P001194,212.76,2985.13
D007,2026-06-16,P001194,142.83,2278.78
D007,2025-11-02,P001195,466.66,11004.64
D007,2025-12-23,P001195,1077.48,11955.05
D007,2026-01-06,P001195,664.81,9041.76
D007,2026-02-23,P001195,1134.61,13671.81
D007,2026-03-20,P001195,624.33,6950.19
D007,2026-04-14,P001195,358.94,8228.45
D007,2026-05-19,P001195,615.32,11695.56
D007,2026-06-14,P001195,938.68,14501.7
D007,2025-11-17,P001196,387.68,6624.96
D007,2025-12-13,P001196,359.73,4895.75
D007,2026-02-16,P001196,305.79,4095.4
D007,2026-03-25,P001196,446.66,5224.49
D007,2026-04-06,P001196,6.04,125.81
D007,2026-05-18,P001196,291.76,3972.29
D007,2026-06-21,P001196,149.19,3680.4
D007,2025-11-23,P001197,524.97,8145.56
D007,2025-12-18,P001197,212.43,5307.39
D007,2026-01-17,P001197,527.55,4296.4
D007,2026-02-01,P001197,247.98,5607.78
D007,2026-03-24,P001197,289.11,5450.68
D007,2026-04-19,P001197,262.96,4676.17
D007,2026-05-09,P001197,326.68,6654.61
D007,2026-06-21,P001197,199.2,3506.38
D007,2025-11-20,P001198,183.91,1557.53
D007,2025-12-11,P001198,109.77,2363.2
D007,2026-01-26,P001198,153.33,2469.9
D007,2026-02-24,P001198,119.61,2257.15
D007,2026-03-08,P001198,261.72,2588.86
D007,2026-04-25,P001198,242.29,2064.26
D007,2026-05-15,P001198,116.27,2184.54
D007,2026-06-01,P001198,160.73,3265.92
D007,2025-11-09,P001199,4106.68,46396.59
D007,2025-12-18,P001199,6483.07,64897.03
D007,2026-01-24,P001199,9531.99,122895.69
D007,2026-02-02,P001199,10129.05,90335.71
D007,2026-03-23,P001199,3002.5,62128.24
D007,2026-04-03,P001199,3807.95,65739.37
D007,2026-05-06,P001199,5974.48,86007.94
D007,2026-06-25,P001199,2876.55,65316.07
D007,2025-11-27,P001200,301.76,2608.69
D007,2025-12-13,P001200,244.94,2149.14
D007,2026-01-07,P001200,102.84,2239.95
D007,2026-02-26,P001200,184.81,2112.45
D007,2026-03-25,P001200,118.71,1741.61
D007,2026-04-10,P001200,42.35,832.61
D007,2026-05-12,P001200,62.47,1300.12
D007,2026-06-02,P001200,136.36,2714.87
D007,2026-01-23,P001201,721.26,13785.29
D007,2026-02-27,P001201,2742.31,23652.35
D007,2026-03-20,P001201,1937.66,28304.71
D007,2026-04-19,P001201,698.03,11250.42
D007,2026-05-03,P001201,879.14,18629.63
D007,2026-06-17,P001201,1739.28,26608.26
D007,2025-11-05,P001202,2029.05,43445.01
D007,2025-12-05,P001202,3301.43,31563.13
D007,2026-01-11,P001202,4248.15,38797.93
D007,2026-02-22,P001202,2308.62,32259.47
D007,2026-03-19,P001202,2292.26,48555.22
D007,2026-04-04,P001202,2995.69,44219.94
D007,2026-05-22,P001202,2014.3,26474.55
D007,2026-06-26,P001202,2030.55,25874.58
D007,2025-11-13,P001203,194.21,3479.37
D007,2025-12-05,P001203,183.4,3728.82
D007,2026-01-17,P001203,152.05,2856.08
D007,2026-02-23,P001203,201.67,3142.81
D007,2026-03-05,P001203,163.27,2172.32
D007,2026-04-23,P001203,240.34,3607.48
D007,2025-11-10,P001204,125.13,2970.93
D007,2025-12-19,P001204,175.0,1983.03
D007,2026-02-27,P001204,175.69,3039.6
D007,2026-03-20,P001204,170.01,1714.54
D007,2026-04-09,P001204,156.9,3425.18
D007,2026-06-19,P001204,113.63,2291.48
D007,2025-11-16,P001205,86.52,1645.87
D007,2025-12-14,P001205,300.71,4046.1
D007,2026-01-14,P001205,473.78,7479.66
D007,2026-02-09,P001205,569.22,5887.31
D007,2026-03-04,P001205,352.99,5303.52
D007,2026-06-04,P001205,305.76,2889.27
D007,2025-11-02,P001206,369.9,7462.38
D007,2025-12-02,P001206,175.18,3728.02
D007,2026-02-21,P001206,196.63,3326.97
D007,2026-03-22,P001206,187.61,4089.76
D007,2026-05-25,P001206,1096.39,10840.74
D007,2026-06-12,P001206,321.34,6701.2
D007,2025-11-25,P001207,182.51,2264.86
D007,2025-12-23,P001207,193.78,3511.31
D007,2026-01-27,P001207,140.63,3417.68
D007,2026-02-09,P001207,55.8,1327.96
D007,2026-03-07,P001207,338.73,3130.13
D007,2026-04-12,P001207,179.67,2674.49
D007,2026-05-21,P001207,193.15,1963.44
D007,2026-06-04,P001207,324.14,3338.25
D007,2025-11-26,P001208,7743.49,117959.51
D007,2025-12-07,P001208,6199.17,113381.49
D007,2026-01-11,P001208,9352.47,114164.55
D007,2026-02-26,P001208,5132.39,76158.13
D007,2026-03-21,P001208,5649.07,76658.18
D007,2026-04-19,P001208,7130.24,128474.87
D007,2026-05-23,P001208,9130.86,97098.64
D007,2026-06-10,P001208,4751.15,98304.13
D007,2025-11-16,P001209,66.84,833.33
D007,2025-12-22,P001209,151.19,1376.98
D007,2026-02-16,P001209,105.56,1967.7
D007,2026-03-08,P001209,86.66,1620.06
D007,2026-04-16,P001209,148.58,2681.65
D007,2026-05-10,P001209,323.24,3017.32
D007,2026-06-03,P001209,200.6,2986.21
D007,2025-11-04,P001210,467.82,5738.93
D007,2025-12-16,P001210,1937.11,20721.26
D007,2026-01-20,P001210,1107.46,23902.56
D007,2026-02-06,P001210,989.78,13410.15
D007,2026-03-07,P001210,612.31,7885.68
D007,2026-05-16,P001210,408.92,8825.43
D007,2026-06-21,P001210,728.78,8503.95
D007,2025-11-19,P001211,675.29,11676.61
D007,2025-12-15,P001211,548.65,9014.85
D007,2026-01-01,P001211,486.87,5732.2
D007,2026-03-16,P001211,277.65,5666.66
D007,2026-04-12,P001211,1067.74,8592.48
D007,2026-05-13,P001211,726.14,11757.25
D007,2026-06-26,P001211,558.22,9586.2
D007,2025-11-16,P001212,126.04,1204.31
D007,2026-01-07,P001212,107.43,2537.68
D007,2026-02-07,P001212,259.22,2633.27
D007,2026-03-09,P001212,124.08,2232.66
D007,2026-04-18,P001212,154.05,2590.13
D007,2026-05-23,P001212,115.29,2873.68
D007,2026-06-23,P001212,117.98,2411.26
D007,2025-11-24,P001213,1252.12,12297.61
D007,2025-12-10,P001213,635.64,7974.34
D007,2026-01-20,P001213,1189.89,10727.05
D007,2026-02-24,P001213,471.1,11056.78
D007,2026-03-09,P001213,640.98,11791.33
D007,2026-04-18,P001213,1272.47,16422.97
D007,2026-05-02,P001213,993.86,13537.51
D007,2025-11-01,P001214,266.45,3333.24
D007,2025-12-01,P001214,332.34,4962.44
D007,2026-01-14,P001214,313.12,6232.7
D007,2026-02-26,P001214,513.97,5459.32
D007,2026-03-23,P001214,327.34,3217.18
D007,2026-04-26,P001214,141.95,1299.85
D007,2026-05-15,P001214,415.02,4974.87
D007,2026-06-03,P001214,300.68,4000.1
D007,2025-11-17,P001215,162.56,3739.52
D007,2025-12-05,P001215,148.75,3220.39
D007,2026-01-05,P001215,240.71,4492.58
D007,2026-02-06,P001215,288.47,4465.8
D007,2026-03-08,P001215,298.7,4303.59
D007,2026-04-03,P001215,118.35,2103.55
D007,2026-05-25,P001215,120.98,2274.45
D007,2026-06-20,P001215,467.79,4563.2
D007,2025-11-12,P001216,3912.91,77036.36
D007,2026-01-22,P001216,2826.61,27605.1
D007,2026-02-10,P001216,2264.14,54182.22
D007,2026-03-24,P001216,6387.73,74389.92
D007,2026-04-27,P001216,3437.91,68964.03
D007,2026-05-04,P001216,1501.91,32133.5
D007,2026-06-15,P001216,6091.75,70338.44
D007,2025-11-10,P001217,3138.3,49075.24
D007,2026-01-02,P001217,1779.97,42219.68
D007,2026-02-24,P001217,3631.77,54292.35
D007,2026-03-13,P001217,3685.88,41463.38
D007,2026-04-15,P001217,1875.34,46481.92
D007,2026-05-02,P001217,2543.91,52851.72
D007,2026-06-05,P001217,742.06,15133.83
D007,2025-11-13,P001218,447.45,6711.39
D007,2026-01-18,P001218,1002.92,13010.61
D007,2026-02-14,P001218,755.97,12549.61
D007,2026-03-26,P001218,1193.08,12517.6
D007,2026-05-03,P001218,1014.06,17613.6
D007,2026-06-13,P001218,1062.54,18785.54
D007,2025-11-18,P001219,715.48,10366.33
D007,2025-12-27,P001219,557.76,10852.15
D007,2026-01-15,P001219,1168.73,19555.53
D007,2026-02-27,P001219,3487.02,29156.35
D007,2026-03-16,P001219,960.07,21303.9
D007,2026-05-26,P001219,1733.64,23155.17
D007,2026-06-16,P001219,772.6,8626.46
D007,2025-11-02,P001220,468.91,6361.18
D007,2026-01-08,P001220,254.98,4024.36
D007,2026-02-15,P001220,446.44,6241.65
D007,2026-04-19,P001220,315.53,7507.35
D007,2026-06-15,P001220,271.13,5262.86
D007,2025-11-01,P001221,2164.42,18742.97
D007,2026-02-08,P001221,2702.83,39838.87
D007,2026-03-04,P001221,1609.41,34336.01
D007,2026-04-15,P001221,837.56,19785.73
D007,2026-05-10,P001221,1984.2,27028.88
D007,2026-06-09,P001221,1454.62,26438.61
D007,2025-12-19,P001222,1623.25,17392.08
D007,2026-01-26,P001222,2005.52,16832.8
D007,2026-02-21,P001222,784.56,11333.84
D007,2026-03-19,P001222,1401.82,20326.43
D007,2026-05-03,P001222,1317.25,20049.15
D007,2026-06-07,P001222,1020.18,18825.14
D007,2025-11-20,P001223,317.21,3829.11
D007,2025-12-06,P001223,688.81,6310.35
D007,2026-01-13,P001223,342.69,6245.68
D007,2026-02-02,P001223,195.94,3062.91
D007,2026-03-13,P001223,210.2,3980.85
D007,2026-06-04,P001223,307.52,5781.71
D007,2025-11-20,P001224,278.38,2831.26
D007,2025-12-16,P001224,222.74,3808.76
D007,2026-02-23,P001224,331.53,4092.98
D007,2026-03-21,P001224,248.22,5328.02
D007,2026-05-15,P001224,326.47,4665.69
D007,2026-06-04,P001224,219.46,5110.22
D007,2025-11-17,P001225,714.62,6494.59
D007,2025-12-26,P001225,343.61,3919.45
D007,2026-01-26,P001225,907.19,7344.96
D007,2026-02-07,P001225,656.95,6562.99
D007,2026-03-08,P001225,151.57,2963.92
D007,2026-05-03,P001225,190.6,3152.8
D007,2025-11-19,P001226,2711.45,59220.39
D007,2025-12-12,P001226,1795.02,38003.81
D007,2026-01-17,P001226,3468.02,58445.92
D007,2026-02-17,P001226,1674.97,36478.45
D007,2026-03-22,P001226,2627.6,37704.72
D007,2026-05-23,P001226,4419.11,56140.91
D007,2025-11-24,P001227,2476.95,42944.37
D007,2025-12-11,P001227,2123.89,24813.74
D007,2026-01-26,P001227,2037.14,40846.29
D007,2026-04-23,P001227,2124.65,26949.6
D007,2026-05-17,P001227,2595.69,26291.42
D007,2026-06-07,P001227,1039.46,16554.65
D007,2025-11-18,P001228,329.89,4443.28
D007,2025-12-26,P001228,181.53,4385.14
D007,2026-01-09,P001228,597.87,7823.57
D007,2026-02-13,P001228,732.06,5961.49
D007,2026-03-21,P001228,208.36,4149.42
D007,2026-04-22,P001228,346.46,7017.22
D007,2026-05-14,P001228,150.41,3506.21
D007,2026-06-11,P001228,315.22,6280.64
D007,2025-11-06,P001229,387.41,8286.93
D007,2025-12-25,P001229,1134.21,12020.14
D007,2026-01-15,P001229,1527.7,20649.41
D007,2026-02-27,P001229,1291.96,13322.61
D007,2026-03-02,P001229,2270.8,21997.4
D007,2026-01-22,P001230,113.57,1682.45
D007,2026-02-21,P001230,89.91,2125.59
D007,2026-04-27,P001230,107.61,1768.3
D007,2026-05-01,P001230,78.45,1682.42
D007,2026-06-23,P001230,132.79,2412.19
D007,2025-12-04,P001231,1283.94,29767.4
D007,2026-01-14,P001231,1314.85,27278.89
D007,2026-02-04,P001231,1541.42,28614.9
D007,2026-03-13,P001231,3509.16,29641.06
D007,2026-04-03,P001231,2007.65,33133.87
D007,2026-06-03,P001231,1062.27,20484.2
D007,2025-11-23,P001232,2373.68,27355.23
D007,2025-12-05,P001232,950.67,16263.89
D007,2026-01-25,P001232,3552.67,32268.84
D007,2026-02-25,P001232,3374.49,43396.62
D007,2026-03-23,P001232,921.04,22254.79
D007,2026-04-03,P001232,1284.97,22175.73
D007,2026-05-14,P001232,2107.55,30320.83
D007,2025-11-01,P001233,1182.58,9876.43
D007,2025-12-24,P001233,1803.44,15559.97
D007,2026-01-08,P001233,1632.46,15628.3
D007,2026-03-26,P001233,670.06,8075.2
D007,2026-04-02,P001233,487.97,11511.46
D007,2026-05-27,P001233,575.26,11271.81
D007,2026-06-09,P001233,1826.3,15711.64
D007,2025-11-02,P001234,294.47,5851.75
D007,2025-12-21,P001234,682.19,15842.5
D007,2026-01-21,P001234,643.61,10664.62
D007,2026-02-17,P001234,1102.91,15088.42
D007,2026-03-08,P001234,435.28,8978.69
D007,2026-04-17,P001234,679.68,15081.97
D007,2026-06-06,P001234,330.65,7753.73
D007,2025-11-06,P001235,734.36,16467.53
D007,2025-12-23,P001235,1938.4,24546.23
D007,2026-01-04,P001235,3300.66,31319.29
D007,2026-02-16,P001235,1846.27,33841.88
D007,2026-04-03,P001235,783.8,18111.08
D007,2026-06-16,P001235,1114.85,24608.94
D007,2025-11-17,P001236,1001.55,23840.08
D007,2025-12-15,P001236,1328.72,20873.51
D007,2026-01-06,P001236,1531.3,25040.51
D007,2026-02-04,P001236,3936.13,43585.73
D007,2026-04-21,P001236,3684.92,41912.35
D007,2026-05-25,P001236,2217.07,20853.94
D007,2025-11-03,P001237,3102.95,25176.8
D007,2025-12-18,P001237,1790.14,30111.06
D007,2026-01-11,P001237,1157.74,17893.09
D007,2026-03-23,P001237,978.89,16596.7
D007,2026-04-23,P001237,1767.91,26699.72
D007,2026-05-09,P001237,1371.64,26181.1
D007,2026-06-11,P001237,1613.35,22789.16
D007,2025-11-13,P001238,768.47,11021.24
D007,2025-12-21,P001238,1125.87,9220.57
D007,2026-01-23,P001238,489.83,11226.79
D007,2026-02-06,P001238,1223.3,17067.11
D007,2026-03-25,P001238,227.92,5388.21
D007,2026-04-18,P001238,569.62,12728.51
D007,2026-05-16,P001238,536.25,10418.95
D007,2026-06-18,P001238,953.18,13057.62
D007,2025-11-24,P001239,712.83,7768.6
D007,2025-12-10,P001239,396.07,6129.46
D007,2026-01-27,P001239,523.53,10075.56
D007,2026-02-05,P001239,559.37,8916.37
D007,2026-03-12,P001239,424.61,10180.02
D007,2026-04-21,P001239,783.35,10736.47
D007,2026-06-09,P001239,463.19,9516.65
D007,2025-11-03,P001240,1458.5,29895.64
D007,2025-12-22,P001240,1430.67,32327.32
D007,2026-01-06,P001240,900.82,20322.81
D007,2026-02-10,P001240,2303.13,46666.51
D007,2026-03-04,P001240,2274.33,42242.69
D007,2026-04-07,P001240,906.98,21594.86
D007,2026-05-20,P001240,450.19,7040.97
D007,2026-06-16,P001240,3345.15,46547.97
D007,2025-11-05,P001241,605.61,13886.43
D007,2025-12-17,P001241,380.35,9080.91
D007,2026-01-02,P001241,636.84,12480.34
D007,2026-02-09,P001241,499.45,9865.1
D007,2026-04-17,P001241,621.4,12680.76
D007,2026-05-23,P001241,1141.09,11541.36
D007,2026-06-22,P001241,513.37,11752.88
D007,2025-12-01,P001242,702.96,9566.64
D007,2026-01-06,P001242,462.37,9107.87
D007,2026-03-04,P001242,304.49,7537.26
D007,2026-04-21,P001242,315.84,6214.83
D007,2026-05-26,P001242,515.26,4266.1
D007,2026-06-20,P001242,377.77,7189.23
D007,2025-11-09,P001243,190.85,4451.48
D007,2025-12-24,P001243,305.17,2828.8
D007,2026-01-26,P001243,308.67,3641.48
D007,2026-02-06,P001243,151.24,2249.43
D007,2026-04-24,P001243,265.99,3792.61
D007,2026-05-12,P001243,401.62,4440.0
D007,2026-06-10,P001243,192.44,3144.6
D007,2025-11-07,P001244,1335.15,12633.0
D007,2026-01-10,P001244,1217.68,13276.78
D007,2026-02-13,P001244,441.86,9742.42
D007,2026-04-10,P001244,687.87,14079.94
D007,2026-05-18,P001244,1168.96,19153.06
D007,2026-06-06,P001244,1227.11,11013.79
D007,2025-11-16,P001245,2272.67,42204.09
D007,2025-12-14,P001245,1153.52,16571.13
D007,2026-01-03,P001245,2052.64,30066.06
D007,2026-02-16,P001245,2675.56,38769.15
D007,2026-04-02,P001245,3314.49,36835.24
D007,2026-06-12,P001245,1310.95,26382.44
D007,2025-11-09,P001246,280.3,6848.32
D007,2025-12-27,P001246,983.47,9064.25
D007,2026-01-17,P001246,1134.92,17768.58
D007,2026-02-04,P001246,1067.34,13587.89
D007,2026-03-11,P001246,911.66,8874.63
D007,2026-04-26,P001246,465.41,11546.42
D007,2026-05-14,P001246,695.07,11332.37
D007,2026-06-27,P001246,984.37,13349.82
D007,2025-12-11,P001247,830.88,16766.79
D007,2026-02-16,P001247,1395.66,23951.32
D007,2026-03-23,P001247,1310.86,25407.48
D007,2026-04-21,P001247,1258.43,16003.12
D007,2026-05-15,P001247,2131.38,32090.64
D007,2026-06-07,P001247,862.74,21491.72
D007,2025-11-12,P001248,949.61,14958.35
D007,2026-01-17,P001248,1119.82,16302.07
D007,2026-02-15,P001248,1118.29,14365.25
D007,2026-03-05,P001248,634.62,14212.74
D007,2026-05-07,P001248,1150.43,21166.13
D007,2026-06-20,P001248,2194.7,17970.73
D007,2025-11-11,P001249,1810.19,41222.25
D007,2025-12-06,P001249,1668.84,24058.73
D007,2026-01-01,P001249,1742.83,27322.86
D007,2026-02-26,P001249,834.1,17141.13
D007,2026-03-18,P001249,3550.7,61550.13
D007,2026-04-08,P001249,2744.83,26733.03
D007,2026-06-14,P001249,2676.52,32313.11
D007,2025-11-21,P001250,206.57,3910.83
D007,2025-12-07,P001250,136.7,2381.08
D007,2026-01-20,P001250,446.05,4526.3
D007,2026-03-03,P001250,58.38,1341.66
D007,2026-06-09,P001250,210.08,2385.6
D007,2025-11-24,P001251,1760.58,19706.52
D007,2025-12-05,P001251,1927.06,19608.54
D007,2026-01-23,P001251,817.07,16695.72
D007,2026-02-27,P001251,1116.59,19010.54
D007,2026-03-25,P001251,1167.53,20790.81
D007,2026-04-26,P001251,1398.84,22340.06
D007,2026-05-23,P001251,637.18,11375.5
D007,2026-06-05,P001251,2030.27,26062.97
D007,2025-12-08,P001252,2339.79,57781.36
D007,2026-01-14,P001252,2131.56,26238.34
D007,2026-02-22,P001252,6086.77,69452.2
D007,2026-03-02,P001252,2354.38,21535.26
D007,2026-04-26,P001252,2614.16,53557.98
D007,2026-05-12,P001252,2208.45,37023.85
D007,2026-06-16,P001252,3191.1,41736.69
D007,2025-12-14,P001253,307.36,2733.46
D007,2026-01-21,P001253,40.78,945.51
D007,2026-04-02,P001253,114.57,1231.9
D007,2026-05-11,P001253,88.31,1403.06
D007,2026-06-24,P001253,339.8,3246.1
D007,2025-11-24,P001254,5920.71,64273.11
D007,2026-01-23,P001254,6356.67,93326.82
D007,2026-02-04,P001254,5260.07,54295.16
D007,2026-03-25,P001254,4920.44,76343.64
D007,2026-04-07,P001254,3627.04,61758.97
D007,2026-05-19,P001254,7729.15,76105.11
D007,2026-06-21,P001254,3216.68,80077.23
D007,2025-11-09,P001255,373.2,4326.76
D007,2026-01-16,P001255,289.48,6310.14
D007,2026-02-07,P001255,319.89,6535.11
D007,2026-03-02,P001255,373.55,5515.31
D007,2026-04-13,P001255,213.98,3781.17
D007,2026-05-20,P001255,158.74,3877.84
D007,2026-06-18,P001255,163.86,4074.45
D007,2025-11-12,P001256,527.68,6080.38
D007,2025-12-11,P001256,314.09,5996.29
D007,2026-01-03,P001256,327.8,7663.05
D007,2026-02-11,P001256,306.78,5865.46
D007,2026-04-23,P001256,306.49,6455.31
D007,2026-06-27,P001256,776.02,8403.16
D007,2025-11-09,P001257,5734.62,55395.49
D007,2025-12-14,P001257,10240.31,82499.32
D007,2026-01-19,P001257,624.17,15341.47
D007,2026-02-09,P001257,2960.7,66412.03
D007,2026-03-08,P001257,4752.11,56801.95
D007,2026-04-20,P001257,2834.84,57013.78
D007,2026-05-18,P001257,6247.07,74109.87
D007,2026-06-10,P001257,3177.63,73460.84
D007,2025-11-22,P001258,835.57,16508.97
D007,2025-12-23,P001258,816.83,9654.63
D007,2026-01-10,P001258,852.51,17531.63
D007,2026-04-25,P001258,654.6,9620.55
D007,2026-05-20,P001258,868.85,15442.29
D007,2026-06-27,P001258,765.98,15888.53
D007,2025-11-04,P001259,404.51,9710.39
D007,2025-12-19,P001259,346.32,4880.54
D007,2026-01-02,P001259,427.6,9478.39
D007,2026-02-02,P001259,511.06,8101.3
D007,2026-03-27,P001259,422.45,7870.24
D007,2026-04-14,P001259,1352.09,11555.25
D007,2026-05-15,P001259,927.32,12853.49
D007,2026-06-23,P001259,291.61,6108.81
D007,2025-11-02,P001260,289.75,5954.38
D007,2025-12-06,P001260,421.59,7955.04
D007,2026-02-08,P001260,427.21,6210.16
D007,2026-03-02,P001260,387.38,7457.42
D007,2026-05-25,P001260,669.18,6567.11
D007,2025-11-01,P001261,293.99,3260.26
D007,2025-12-23,P001261,157.28,3683.74
D007,2026-01-13,P001261,179.87,4480.4
D007,2026-02-01,P001261,255.44,2845.0
D007,2026-03-03,P001261,227.0,2866.0
D007,2026-04-18,P001261,159.92,2737.43
D007,2026-05-01,P001261,189.91,2872.4
D007,2026-06-23,P001261,141.62,1996.3
D007,2025-11-10,P001262,3006.31,49938.04
D007,2025-12-22,P001262,1988.79,47219.02
D007,2026-01-01,P001262,2307.71,40896.15
D007,2026-02-02,P001262,2704.95,49865.14
D007,2026-03-16,P001262,4170.36,46217.98
D007,2026-04-05,P001262,2476.68,56812.82
D007,2026-05-26,P001262,3839.65,35514.15
D007,2026-06-03,P001262,2923.78,44635.58
D007,2025-11-24,P001263,858.63,21203.26
D007,2025-12-07,P001263,1113.65,27202.82
D007,2026-01-16,P001263,2636.35,37237.91
D007,2026-02-18,P001263,929.9,20202.35
D007,2026-04-15,P001263,1568.57,25656.65
D007,2026-05-15,P001263,1800.82,28117.84
D007,2025-11-19,P001264,148.63,3329.69
D007,2025-12-13,P001264,186.12,2428.8
D007,2026-01-25,P001264,128.18,2182.02
D007,2026-02-17,P001264,91.39,2237.67
D007,2026-03-10,P001264,125.09,2167.92
D007,2026-04-20,P001264,129.58,1510.55
D007,2026-05-22,P001264,103.56,1781.34
D007,2026-06-17,P001264,104.26,1988.75
D007,2025-11-23,P001265,180.55,2739.79
D007,2025-12-10,P001265,75.37,1881.43
D007,2026-01-01,P001265,201.5,2618.03
D007,2026-02-17,P001265,133.96,2453.31
D007,2026-03-20,P001265,323.1,2646.65
D007,2026-04-19,P001265,398.27,3813.72
D007,2026-05-16,P001265,116.25,2621.87
D007,2026-06-09,P001265,240.77,2827.31
D007,2025-11-22,P001266,90.45,1409.23
D007,2025-12-13,P001266,155.83,2214.95
D007,2026-01-05,P001266,117.63,1901.36
D007,2026-02-11,P001266,246.65,2555.28
D007,2026-03-01,P001266,101.05,1469.87
D007,2026-04-13,P001266,182.63,2217.65
D007,2026-05-19,P001266,34.23,739.28
D007,2026-06-07,P001266,95.85,2149.31
D007,2025-11-25,P001267,890.5,12501.45
D007,2025-12-26,P001267,289.06,5017.55
D007,2026-01-25,P001267,1111.22,10867.84
D007,2026-02-05,P001267,437.92,10747.9
D007,2026-03-26,P001267,514.21,5965.55
D007,2026-05-12,P001267,643.93,8199.21
D007,2026-06-13,P001267,450.12,11160.71
D007,2025-12-17,P001268,683.04,6410.65
D007,2026-01-17,P001268,278.96,6696.66
D007,2026-02-26,P001268,382.85,4036.44
D007,2026-03-03,P001268,225.64,4774.5
D007,2026-04-25,P001268,420.55,7282.73
D007,2026-05-02,P001268,170.12,3578.0
D007,2026-06-21,P001268,497.42,6230.91
D007,2025-11-11,P001269,475.88,11471.53
D007,2025-12-10,P001269,884.41,12417.24
D007,2026-01-20,P001269,450.35,6895.78
D007,2026-02-09,P001269,455.76,7727.01
D007,2026-04-03,P001269,1146.59,16251.47
D007,2026-05-12,P001269,468.26,8812.86
D007,2026-06-04,P001269,542.8,12480.99
D007,2025-11-13,P001270,353.95,7254.12
D007,2025-12-04,P001270,245.82,4744.49
D007,2026-01-18,P001270,184.97,4450.28
D007,2026-02-25,P001270,211.43,4951.22
D007,2026-03-03,P001270,430.67,6996.07
D007,2026-05-01,P001270,276.24,4342.52
D007,2025-12-13,P001271,992.85,19886.99
D007,2026-01-14,P001271,1953.94,23891.53
D007,2026-04-07,P001271,1979.63,25187.54
D007,2026-05-22,P001271,700.82,12342.99
D007,2025-11-17,P001272,154.85,3789.23
D007,2025-12-22,P001272,302.02,7017.58
D007,2026-01-06,P001272,996.24,9686.23
D007,2026-02-23,P001272,271.84,5971.79
D007,2026-03-07,P001272,275.06,4799.47
D007,2026-04-24,P001272,132.6,3057.7
D007,2026-05-27,P001272,328.42,6777.97
D007,2026-06-07,P001272,638.31,7581.03
D007,2025-11-05,P001273,499.45,8393.82
D007,2025-12-22,P001273,860.98,15590.09
D007,2026-01-15,P001273,548.93,9768.37
D007,2026-02-04,P001273,612.07,9371.49
D007,2026-03-04,P001273,742.96,12432.84
D007,2026-04-12,P001273,501.6,10955.21
D007,2026-05-11,P001273,217.27,3468.02
D007,2026-06-09,P001273,658.54,6105.64
D007,2025-12-03,P001274,6075.67,57392.08
D007,2026-01-23,P001274,2267.54,28657.87
D007,2026-02-23,P001274,2136.79,45643.98
D007,2026-03-22,P001274,2921.6,40861.95
D007,2026-04-18,P001274,2301.67,56897.27
D007,2026-05-05,P001274,3593.61,45352.18
D007,2025-11-27,P001275,724.74,15846.57
D007,2025-12-27,P001275,900.15,14871.76
D007,2026-02-11,P001275,595.61,13436.27
D007,2026-03-18,P001275,1021.08,13009.79
D007,2026-05-26,P001275,1168.89,18652.88
D007,2026-06-22,P001275,1092.23,13490.01
D007,2025-11-04,P001276,245.82,6102.98
D007,2025-12-26,P001276,268.2,6398.38
D007,2026-02-03,P001276,298.33,3304.13
D007,2026-03-13,P001276,674.52,6706.56
D007,2026-04-19,P001276,388.9,6906.4
D007,2026-05-25,P001276,708.52,6011.83
D007,2026-06-27,P001276,356.15,6928.55
D007,2025-11-21,P001277,605.37,10302.55
D007,2025-12-19,P001277,679.96,14139.97
D007,2026-01-11,P001277,770.99,13447.6
D007,2026-03-04,P001277,1086.54,9632.47
D007,2026-04-19,P001277,1343.57,12818.65
D007,2026-05-07,P001277,725.06,10022.3
D007,2026-06-05,P001277,1055.46,11757.06
D007,2025-11-11,P001278,688.78,6152.0
D007,2025-12-22,P001278,167.29,4114.06
D007,2026-01-23,P001278,226.93,4503.99
D007,2026-02-05,P001278,407.0,5959.59
D007,2026-03-08,P001278,221.88,3694.37
D007,2026-04-06,P001278,248.85,5886.67
D007,2026-05-19,P001278,396.29,4548.14
D007,2026-06-10,P001278,157.83,3099.51
D007,2025-11-05,P001279,561.99,11262.31
D007,2025-12-17,P001279,238.15,5337.09
D007,2026-01-12,P001279,403.36,8053.19
D007,2026-02-13,P001279,367.08,8248.11
D007,2026-04-13,P001279,241.89,2738.54
D007,2026-05-22,P001279,255.82,5936.48
D007,2026-06-24,P001279,460.03,10362.05
D007,2025-11-20,P001280,182.95,4399.4
D007,2025-12-16,P001280,597.29,5638.9
D007,2026-01-01,P001280,331.28,5755.19
D007,2026-02-14,P001280,969.41,7916.35
D007,2026-03-03,P001280,343.22,7948.56
D007,2026-04-12,P001280,300.22,5609.99
D007,2026-05-17,P001280,157.57,1629.14
D007,2026-06-11,P001280,236.99,4673.66
D007,2025-11-10,P001281,329.69,6538.24
D007,2025-12-13,P001281,781.01,11775.31
D007,2026-01-22,P001281,372.91,8484.58
D007,2026-02-21,P001281,522.85,4339.0
D007,2026-03-23,P001281,688.97,6895.16
D007,2026-04-19,P001281,610.94,9424.92
D007,2026-05-10,P001281,275.49,6429.88
D007,2025-11-24,P001282,350.04,6925.5
D007,2025-12-20,P001282,192.08,4617.91
D007,2026-01-15,P001282,638.48,10115.25
D007,2026-02-16,P001282,662.22,6575.0
D007,2026-03-02,P001282,480.2,8191.34
D007,2026-04-20,P001282,444.15,4277.21
D007,2026-05-07,P001282,645.38,11711.46
D007,2025-12-06,P001283,260.42,2236.49
D007,2026-01-09,P001283,168.29,2983.33
D007,2026-02-26,P001283,135.59,2995.94
D007,2026-04-20,P001283,158.46,2371.74
D007,2026-05-27,P001283,502.27,4090.98
D007,2026-06-05,P001283,209.49,4774.7
D007,2025-11-08,P001284,514.21,7269.27
D007,2025-12-09,P001284,250.24,2846.75
D007,2026-01-07,P001284,309.57,5248.33
D007,2026-02-07,P001284,406.24,5277.97
D007,2026-03-20,P001284,209.72,5176.62
D007,2026-04-14,P001284,148.81,3708.04
D007,2026-06-16,P001284,267.66,6521.96
D007,2025-12-18,P001285,913.3,16440.01
D007,2026-01-18,P001285,1046.81,19648.78
D007,2026-03-27,P001285,2290.84,19148.75
D007,2026-04-24,P001285,436.81,10618.32
D007,2026-05-17,P001285,560.02,11369.41
D007,2026-06-20,P001285,468.77,10406.78
D007,2025-11-02,P001286,558.9,5989.7
D007,2025-12-02,P001286,306.5,5762.05
D007,2026-01-16,P001286,204.09,4245.58
D007,2026-02-10,P001286,307.29,6094.81
D007,2026-03-07,P001286,279.48,5756.79
D007,2026-04-02,P001286,723.48,6282.3
D007,2026-05-11,P001286,205.56,3320.45
D007,2026-06-11,P001286,953.09,8905.79
D007,2025-11-22,P001287,544.92,11067.04
D007,2025-12-18,P001287,1484.98,14841.92
D007,2026-02-25,P001287,781.83,9759.6
D007,2026-03-15,P001287,1482.91,13124.57
D007,2026-04-03,P001287,887.3,7611.86
D007,2026-05-03,P001287,1886.1,15142.14
D007,2026-06-26,P001287,605.32,9127.42
D007,2025-11-06,P001288,265.67,5059.34
D007,2025-12-26,P001288,473.74,6478.9
D007,2026-01-13,P001288,526.83,8574.81
D007,2026-02-14,P001288,373.54,5872.61
D007,2026-03-03,P001288,412.36,8396.38
D007,2026-04-02,P001288,172.73,3794.28
D007,2026-05-03,P001288,362.44,7437.92
D007,2025-12-06,P001289,263.76,4733.4
D007,2026-01-27,P001289,333.7,4942.03
D007,2026-02-13,P001289,534.25,6514.79
D007,2026-03-24,P001289,206.08,4081.28
D007,2026-04-21,P001289,186.62,4521.03
D007,2026-05-15,P001289,190.89,4083.15
D007,2026-06-22,P001289,213.7,4820.0
D007,2025-11-22,P001290,853.1,13213.82
D007,2025-12-10,P001290,649.87,14816.13
D007,2026-01-01,P001290,1428.55,17781.47
D007,2026-03-26,P001290,865.5,10349.93
D007,2026-04-12,P001290,690.68,16879.37
D007,2026-05-02,P001290,986.15,14075.7
D007,2026-06-10,P001290,526.89,12199.33
D007,2025-11-07,P001291,376.26,8275.8
D007,2026-01-04,P001291,161.08,3277.41
D007,2026-02-26,P001291,1290.39,10816.13
D007,2026-03-27,P001291,636.88,6553.56
D007,2026-04-06,P001291,766.03,9165.54
D007,2026-05-15,P001291,796.57,6591.94
D007,2026-06-08,P001291,544.21,5416.39
D007,2025-11-19,P001292,567.39,6290.79
D007,2025-12-18,P001292,425.66,5351.31
D007,2026-01-14,P001292,418.98,4450.25
D007,2026-02-06,P001292,493.51,4928.4
D007,2026-03-21,P001292,265.16,3355.38
D007,2026-04-05,P001292,272.85,5911.92
D007,2026-05-17,P001292,255.32,5550.5
D007,2026-06-23,P001292,199.84,3389.13
D007,2025-11-12,P001293,1454.23,28354.92
D007,2025-12-23,P001293,1938.67,43633.31
D007,2026-01-11,P001293,2013.45,43109.83
D007,2026-02-16,P001293,2243.18,46513.9
D007,2026-03-02,P001293,1241.55,28511.94
D007,2026-04-01,P001293,1085.91,24162.49
D007,2026-05-04,P001293,3088.63,31411.23
D007,2026-06-18,P001293,3033.79,52882.25
D007,2025-11-10,P001294,1023.31,20736.46
D007,2025-12-01,P001294,1699.61,28163.91
D007,2026-01-04,P001294,944.99,21599.79
D007,2026-02-03,P001294,346.82,7798.1
D007,2026-03-17,P001294,892.61,16202.36
D007,2026-04-13,P001294,1117.05,14966.79
D007,2026-05-03,P001294,1158.75,13231.03
D007,2026-06-04,P001294,632.53,11094.52
D007,2025-11-08,P001295,237.86,5913.7
D007,2025-12-12,P001295,206.89,2948.34
D007,2026-01-18,P001295,390.26,4445.54
D007,2026-03-12,P001295,136.19,2732.97
D007,2026-04-12,P001295,162.36,2944.91
D007,2026-05-04,P001295,212.43,4956.07
D007,2026-06-25,P001295,107.58,2295.6
D007,2025-11-20,P001296,674.62,12114.99
D007,2025-12-15,P001296,717.8,8720.04
D007,2026-02-24,P001296,1550.8,18106.49
D007,2026-04-20,P001296,595.42,13188.36
D007,2026-05-09,P001296,1036.42,14430.75
D007,2025-11-14,P001297,1024.88,19663.31
D007,2025-12-18,P001297,1109.72,14369.33
D007,2026-01-12,P001297,1532.29,28232.98
D007,2026-02-22,P001297,894.62,18732.8
D007,2026-03-04,P001297,1631.08,28707.86
D007,2026-04-14,P001297,2005.39,22052.54
D007,2026-05-10,P001297,2010.03,21794.48
D007,2026-06-21,P001297,644.51,12955.31
D007,2025-11-19,P001298,177.14,3662.64
D007,2025-12-13,P001298,121.33,2957.6
D007,2026-01-09,P001298,244.2,2784.46
D007,2026-02-26,P001298,130.06,3041.69
D007,2026-03-27,P001298,528.4,5385.65
D007,2026-04-12,P001298,298.01,2964.72
D007,2026-05-12,P001298,259.13,4602.88
D007,2026-06-15,P001298,196.73,3730.27
D007,2025-11-21,P001299,161.12,3923.19
D007,2025-12-21,P001299,172.03,2980.35
D007,2026-01-03,P001299,435.96,6670.69
D007,2026-02-24,P001299,468.13,4261.24
D007,2026-03-25,P001299,359.07,5469.4
D007,2026-04-24,P001299,294.1,5243.16
D007,2026-05-21,P001299,287.22,3744.24
D007,2026-06-07,P001299,318.62,5201.06
D007,2025-12-15,P001300,278.44,5668.73
D007,2026-01-09,P001300,475.84,8373.78
D007,2026-02-07,P001300,271.75,5474.43
D007,2026-04-25,P001300,385.35,6573.22
D007,2026-05-04,P001300,541.63,5357.38
D007,2026-06-25,P001300,682.17,8634.8
D007,2025-11-18,P001301,2952.18,40839.48
D007,2025-12-18,P001301,8507.95,113038.74
D007,2026-01-23,P001301,2882.03,45785.13
D007,2026-02-23,P001301,5794.11,47648.86
D007,2026-03-13,P001301,2772.91,64856.36
D007,2026-04-15,P001301,4283.97,62991.6
D007,2026-05-13,P001301,5452.29,116137.98
D007,2026-06-09,P001301,7444.98,69452.61
D007,2025-12-11,P001302,841.7,6929.39
D007,2026-01-14,P001302,553.98,7897.86
D007,2026-02-20,P001302,599.37,8106.5
D007,2026-04-14,P001302,449.25,7266.83
D007,2025-11-19,P001303,627.53,7231.55
D007,2025-12-07,P001303,481.17,8806.01
D007,2026-01-09,P001303,351.66,6710.82
D007,2026-02-06,P001303,430.78,9674.42
D007,2026-03-01,P001303,280.11,4606.25
D007,2026-04-19,P001303,373.33,4361.8
D007,2026-05-22,P001303,652.16,6936.15
D007,2026-06-18,P001303,334.64,7322.66
D007,2025-11-26,P001304,579.39,5459.38
D007,2026-01-12,P001304,179.57,3860.15
D007,2026-02-16,P001304,167.44,4000.1
D007,2026-03-02,P001304,349.91,5422.69
D007,2026-05-22,P001304,138.71,3454.8
D007,2026-06-19,P001304,332.63,5107.31
D007,2025-11-18,P001305,1729.97,33354.79
D007,2025-12-01,P001305,1806.76,19822.32
D007,2026-01-12,P001305,2654.21,26306.32
D007,2026-02-07,P001305,1895.89,19258.64
D007,2026-03-25,P001305,1011.18,19329.21
D007,2026-05-11,P001305,2600.18,40108.42
D007,2026-06-22,P001305,1355.15,23402.84
D007,2025-11-27,P001306,614.83,12806.04
D007,2025-12-04,P001306,642.17,8685.99
D007,2026-02-11,P001306,267.9,5831.37
D007,2026-04-07,P001306,852.55,8062.76
D007,2026-05-24,P001306,190.0,4269.86
D007,2026-06-24,P001306,595.5,9467.97
D007,2025-11-17,P001307,725.78,10100.95
D007,2025-12-26,P001307,781.87,16245.39
D007,2026-01-15,P001307,848.96,11684.62
D007,2026-02-18,P001307,1621.06,13001.85
D007,2026-03-03,P001307,962.67,17584.71
D007,2026-04-17,P001307,1043.04,16894.07
D007,2026-05-22,P001307,680.45,12751.84
D007,2026-06-16,P001307,1566.01,12870.11
D007,2025-11-06,P001308,655.76,11106.44
D007,2025-12-17,P001308,525.48,9734.8
D007,2026-02-04,P001308,445.13,5840.67
D007,2026-04-16,P001308,498.87,7910.11
D007,2026-05-26,P001308,389.88,8270.64
D007,2026-06-18,P001308,433.52,9600.96
D007,2025-11-27,P001309,73.0,1698.2
D007,2026-02-25,P001309,93.23,1619.77
D007,2026-03-05,P001309,89.89,1803.09
D007,2026-04-26,P001309,184.66,1674.28
D007,2026-05-21,P001309,75.07,1379.33
D007,2026-06-07,P001309,34.85,757.09
D007,2025-12-16,P001310,1490.27,20435.14
D007,2026-01-13,P001310,1447.19,36071.78
D007,2026-02-21,P001310,1320.42,27779.21
D007,2026-03-04,P001310,2069.25,36112.41
D007,2026-04-15,P001310,2594.96,58489.25
D007,2026-05-18,P001310,1526.74,32804.64
D007,2026-06-19,P001310,4973.6,63440.42
D007,2025-11-06,P001311,4028.77,54064.56
D007,2026-01-20,P001311,861.41,20444.49
D007,2026-02-03,P001311,2641.9,57628.63
D007,2026-03-20,P001311,894.34,21774.25
D007,2026-04-25,P001311,6309.72,80133.41
D007,2026-05-27,P001311,4106.18,44570.14
D007,2025-11-13,P001312,196.74,4499.69
D007,2025-12-02,P001312,103.55,2186.97
D007,2026-01-01,P001312,676.76,5851.6
D007,2026-02-12,P001312,276.74,4852.33
D007,2026-03-26,P001312,219.55,5196.48
D007,2026-04-09,P001312,227.65,5525.39
D007,2026-05-18,P001312,149.31,2228.24
D007,2026-06-10,P001312,412.55,3551.95
D007,2025-11-22,P001313,179.31,3248.02
D007,2025-12-17,P001313,463.32,6868.05
D007,2026-01-13,P001313,331.34,5524.78
D007,2026-03-11,P001313,172.14,3900.6
D007,2026-04-22,P001313,412.82,7003.47
D007,2026-05-07,P001313,83.59,1431.62
D007,2025-11-21,P001314,1466.91,33193.76
D007,2025-12-07,P001314,3652.1,44937.58
D007,2026-01-06,P001314,2502.54,51868.8
D007,2026-02-02,P001314,1694.03,39223.62
D007,2026-03-11,P001314,2929.01,52425.64
D007,2026-04-22,P001314,2829.95,54294.33
D007,2026-05-15,P001314,2100.1,49222.87
D007,2025-11-02,P001315,135.83,1643.73
D007,2025-12-05,P001315,164.5,2553.22
D007,2026-01-14,P001315,262.27,2531.29
D007,2026-03-11,P001315,208.44,2847.27
D007,2026-04-27,P001315,163.66,2194.8
D007,2026-05-19,P001315,140.72,1873.99
D007,2026-06-15,P001315,148.58,2842.19
D007,2025-11-24,P001316,1760.37,43229.9
D007,2025-12-19,P001316,5502.29,51507.8
D007,2026-01-27,P001316,4174.03,37405.1
D007,2026-02-25,P001316,1117.71,11409.08
D007,2026-03-16,P001316,991.65,16025.96
D007,2026-04-22,P001316,1696.02,25464.75
D007,2026-05-23,P001316,4221.79,37004.17
D007,2026-06-27,P001316,1231.02,26015.8
D007,2025-11-22,P001317,579.26,4895.77
D007,2025-12-27,P001317,155.71,2905.26
D007,2026-01-14,P001317,338.14,3491.66
D007,2026-02-08,P001317,336.32,3670.04
D007,2026-04-12,P001317,412.42,4026.08
D007,2026-05-03,P001317,100.87,1896.18
D007,2026-06-13,P001317,241.61,3944.38
D007,2025-11-10,P001318,146.05,3647.48
D007,2025-12-10,P001318,1120.92,14547.5
D007,2026-02-05,P001318,322.0,7786.1
D007,2026-03-21,P001318,818.39,13051.82
D007,2026-05-23,P001318,655.63,7389.21
D007,2026-06-15,P001318,853.33,12458.86
D007,2025-12-14,P001319,2557.7,20827.27
D007,2026-02-04,P001319,1512.81,15154.42
D007,2026-04-11,P001319,1874.68,18736.89
D007,2026-05-08,P001319,1142.49,23295.88
D007,2026-06-06,P001319,679.93,14016.26
D007,2025-11-24,P001320,1778.22,41935.13
D007,2026-01-11,P001320,3653.68,64033.04
D007,2026-02-05,P001320,6314.37,97007.36
D007,2026-03-27,P001320,1897.31,34197.3
D007,2026-04-14,P001320,3264.99,80672.54
D007,2026-05-02,P001320,5513.95,59774.4
D007,2026-06-14,P001320,3008.64,65366.69
D007,2025-11-25,P001321,363.25,6998.93
D007,2025-12-14,P001321,335.23,5815.34
D007,2026-01-01,P001321,216.8,5166.82
D007,2026-03-04,P001321,268.43,6652.45
D007,2026-04-21,P001321,359.45,7847.04
D007,2026-05-06,P001321,450.05,7426.16
D007,2026-06-07,P001321,785.0,6499.94
D007,2025-12-12,P001322,334.12,5404.18
D007,2026-01-15,P001322,1072.96,19124.93
D007,2026-02-04,P001322,556.99,13659.5
D007,2026-03-22,P001322,2541.43,27101.0
D007,2026-04-02,P001322,987.06,22283.4
D007,2026-05-18,P001322,922.34,17993.21
D007,2025-11-22,P001323,374.63,8758.78
D007,2025-12-16,P001323,275.87,6617.95
D007,2026-01-17,P001323,469.36,8144.94
D007,2026-02-08,P001323,390.18,6401.85
D007,2026-03-18,P001323,188.58,4235.22
D007,2026-04-14,P001323,441.32,6147.73
D007,2026-06-20,P001323,258.33,4076.88
D007,2025-12-11,P001324,106.0,2377.28
D007,2026-01-21,P001324,145.19,2726.83
D007,2026-02-10,P001324,140.98,3411.09
D007,2026-04-23,P001324,171.85,3283.41
D007,2026-05-09,P001324,303.77,4573.14
D007,2025-11-09,P001325,240.7,5592.51
D007,2025-12-12,P001325,689.92,8508.93
D007,2026-01-20,P001325,498.94,7023.69
D007,2026-03-26,P001325,326.44,7711.41
D007,2026-04-01,P001325,253.87,5190.62
D007,2026-05-19,P001325,214.25,4861.8
D007,2025-11-02,P001326,903.8,15029.7
D007,2025-12-09,P001326,863.63,18896.25
D007,2026-01-20,P001326,1625.33,21386.7
D007,2026-02-18,P001326,927.39,18598.49
D007,2026-03-23,P001326,1978.14,23596.24
D007,2026-04-18,P001326,1394.46,19860.51
D007,2026-05-16,P001326,1081.56,13984.29
D007,2026-06-24,P001326,750.43,12700.62
D007,2025-11-04,P001327,101.78,2046.95
D007,2025-12-07,P001327,153.29,2975.12
D007,2026-01-09,P001327,166.59,1941.17
D007,2026-02-22,P001327,123.98,2960.85
D007,2026-03-18,P001327,287.92,3355.2
D007,2026-04-10,P001327,447.29,3698.1
D007,2026-06-14,P001327,477.83,4048.16
D007,2025-11-25,P001328,386.3,6519.71
D007,2025-12-18,P001328,176.78,3340.75
D007,2026-01-23,P001328,154.65,2825.29
D007,2026-02-15,P001328,460.3,4748.49
D007,2026-03-08,P001328,266.66,4864.26
D007,2026-04-26,P001328,176.4,2167.48
D007,2026-05-05,P001328,369.69,5334.78
D007,2026-06-18,P001328,145.39,2690.18
D007,2025-11-14,P001329,200.56,3548.45
D007,2025-12-22,P001329,343.91,5035.76
D007,2026-01-03,P001329,220.64,4690.9
D007,2026-02-06,P001329,157.04,3922.22
D007,2026-03-03,P001329,161.06,3454.87
D007,2026-04-16,P001329,192.8,2068.3
D007,2026-05-02,P001329,406.95,4296.32
D007,2026-06-09,P001329,388.29,5580.94
D007,2025-12-16,P001330,200.41,3762.59
D007,2026-01-21,P001330,110.49,1650.74
D007,2026-02-14,P001330,139.03,2895.21
D007,2026-03-09,P001330,320.34,3560.9
D007,2026-04-13,P001330,123.13,2640.81
D007,2026-05-20,P001330,129.18,3130.82
D007,2026-06-27,P001330,138.66,2796.52
D007,2025-11-05,P001331,194.9,4134.3
D007,2026-01-02,P001331,233.42,3882.55
D007,2026-02-15,P001331,252.49,4304.96
D007,2026-03-15,P001331,320.54,2838.4
D007,2026-05-27,P001331,97.47,2073.91
D007,2026-06-06,P001331,304.47,3602.98
D007,2025-11-16,P001332,791.51,14286.77
D007,2025-12-14,P001332,703.68,9142.03
D007,2026-02-23,P001332,838.45,16712.46
D007,2026-03-15,P001332,819.06,8605.4
D007,2026-04-04,P001332,520.13,9538.78
D007,2026-05-01,P001332,1270.73,16309.19
D007,2026-06-09,P001332,2149.67,17927.14
D007,2025-11-16,P001333,776.06,14270.22
D007,2026-01-18,P001333,778.1,14704.06
D007,2026-02-22,P001333,1389.91,19039.19
D007,2026-03-02,P001333,1474.0,20204.04
D007,2026-04-14,P001333,1164.89,21935.8
D007,2026-05-02,P001333,1102.9,25881.37
D007,2026-06-24,P001333,731.97,17686.83
D007,2025-11-14,P001334,119.29,1890.76
D007,2025-12-21,P001334,99.82,1889.42
D007,2026-03-01,P001334,268.29,2691.53
D007,2026-04-21,P001334,39.26,514.08
D007,2026-05-22,P001334,127.77,2089.03
D007,2026-06-04,P001334,116.88,2095.51
D007,2025-11-25,P001335,2778.3,27758.15
D007,2025-12-10,P001335,2507.77,36850.96
D007,2026-01-24,P001335,3899.77,45275.32
D007,2026-02-03,P001335,2050.9,38240.97
D007,2026-03-22,P001335,5540.01,68129.66
D007,2026-04-13,P001335,3852.65,55114.51
D007,2026-05-06,P001335,2623.1,34684.32
D007,2025-11-11,P001336,974.4,13444.77
D007,2025-12-13,P001336,872.39,15039.02
D007,2026-01-02,P001336,926.06,8349.82
D007,2026-02-24,P001336,448.92,9682.25
D007,2026-03-25,P001336,552.66,12854.87
D007,2026-04-15,P001336,641.61,9019.98
D007,2026-06-03,P001336,833.61,17682.96
D007,2025-11-02,P001337,940.31,16411.23
D007,2025-12-06,P001337,1170.08,21176.93
D007,2026-01-18,P001337,1951.08,29928.14
D007,2026-03-12,P001337,1993.26,27620.25
D007,2026-04-26,P001337,1022.43,24528.84
D007,2026-05-01,P001337,473.75,9079.61
D007,2026-06-15,P001337,1556.73,26134.88
D007,2025-12-24,P001338,1629.28,14960.27
D007,2026-02-21,P001338,5417.73,89094.13
D007,2026-03-13,P001338,6075.72,97633.8
D007,2026-04-27,P001338,9021.54,104577.86
D007,2026-06-27,P001338,12597.56,122960.05
D007,2025-11-22,P001339,92.9,1923.43
D007,2026-01-02,P001339,114.28,2502.52
D007,2026-02-06,P001339,203.93,1946.86
D007,2026-03-11,P001339,262.56,3432.81
D007,2026-05-17,P001339,163.83,1631.06
D007,2026-06-23,P001339,101.85,2307.83
D007,2025-11-18,P001340,211.59,3082.96
D007,2025-12-04,P001340,217.96,2308.23
D007,2026-01-15,P001340,128.79,2562.99
D007,2026-03-19,P001340,88.66,2080.04
D007,2026-05-24,P001340,137.64,1949.13
D007,2026-06-04,P001340,169.71,3366.86
D007,2025-12-01,P001341,229.17,4984.67
D007,2026-01-18,P001341,148.26,3221.66
D007,2026-02-23,P001341,181.81,2621.17
D007,2026-03-18,P001341,275.21,4545.36
D007,2026-04-14,P001341,122.66,1845.91
D007,2026-05-13,P001341,315.39,4030.15
D007,2025-11-10,P001342,263.23,6175.03
D007,2025-12-22,P001342,471.62,5993.74
D007,2026-01-11,P001342,501.45,7011.58
D007,2026-02-11,P001342,156.13,3180.65
D007,2026-03-19,P001342,212.61,4964.85
D007,2026-04-22,P001342,410.08,7881.51
D007,2026-05-06,P001342,594.51,4789.75
D007,2026-06-07,P001342,326.08,5183.22
D007,2025-12-24,P001343,294.55,7107.04
D007,2026-01-08,P001343,678.43,10321.03
D007,2026-02-14,P001343,480.28,8877.88
D007,2026-03-07,P001343,1223.11,12272.7
D007,2026-04-11,P001343,439.19,9902.94
D007,2026-05-15,P001343,361.43,5180.67
D007,2026-06-22,P001343,607.94,11174.49
D007,2025-12-22,P001344,693.01,8640.11
D007,2026-01-20,P001344,247.88,4058.73
D007,2026-02-22,P001344,906.04,10311.86
D007,2026-03-26,P001344,334.4,7861.58
D007,2026-04-05,P001344,691.98,7376.09
D007,2026-05-12,P001344,351.9,6062.28
D007,2026-06-05,P001344,251.6,5257.2
D007,2025-11-08,P001345,219.04,3275.57
D007,2025-12-23,P001345,194.66,4292.49
D007,2026-01-01,P001345,242.1,5844.21
D007,2026-02-05,P001345,139.89,3409.27
D007,2026-03-17,P001345,155.91,3854.38
D007,2026-05-04,P001345,326.51,5644.84
D007,2026-06-04,P001345,133.87,2395.99
D007,2025-12-12,P001346,2473.32,25919.32
D007,2026-04-15,P001346,1515.09,17830.42
D007,2026-05-14,P001346,2358.42,33698.67
D007,2026-06-23,P001346,2500.92,30488.33
D007,2025-11-20,P001347,3089.73,33009.17
D007,2025-12-26,P001347,5264.31,44059.14
D007,2026-01-09,P001347,5106.97,56524.44
D007,2026-02-02,P001347,5975.25,55431.39
D007,2026-03-10,P001347,1599.42,33546.24
D007,2026-06-23,P001347,2137.83,35157.58
D007,2025-11-16,P001348,5651.0,94101.89
D007,2026-02-12,P001348,5073.37,68696.57
D007,2026-05-10,P001348,2661.49,58875.56
D007,2026-06-07,P001348,4895.91,66772.45
D007,2025-11-05,P001349,647.82,6275.31
D007,2025-12-26,P001349,938.02,8263.72
D007,2026-01-25,P001349,635.49,7682.47
D007,2026-02-03,P001349,445.03,6748.27
D007,2026-03-26,P001349,309.73,6303.83
D007,2026-04-27,P001349,170.61,3781.06
D007,2026-05-25,P001349,232.28,5148.53
D007,2026-06-06,P001349,593.16,5143.35
D007,2025-11-14,P001350,733.31,13639.61
D007,2025-12-27,P001350,2120.9,23794.15
D007,2026-01-06,P001350,531.14,11273.56
D007,2026-03-02,P001350,356.8,8907.86
D007,2026-04-02,P001350,308.99,7397.27
D007,2026-05-05,P001350,692.16,16984.05
D007,2026-06-26,P001350,916.04,22165.49
D007,2025-11-03,P001351,1028.25,14551.73
D007,2026-01-11,P001351,1108.14,20799.1
D007,2026-02-05,P001351,628.05,10994.07
D007,2026-05-18,P001351,1733.31,34013.97
D007,2026-06-13,P001351,1563.97,35070.43
D007,2025-11-01,P001352,2031.06,31104.65
D007,2026-01-03,P001352,5607.76,50895.45
D007,2026-03-20,P001352,7443.21,74595.5
D007,2026-05-27,P001352,4791.45,60567.04
D007,2026-06-23,P001352,6669.48,53863.82
D007,2025-11-19,P001353,163.24,3479.21
D007,2025-12-26,P001353,345.16,5412.29
D007,2026-02-13,P001353,401.01,5702.78
D007,2026-04-14,P001353,278.74,3679.71
D007,2026-05-09,P001353,139.95,2989.19
D007,2026-06-26,P001353,217.63,4150.14
D007,2025-11-01,P001354,791.48,8959.09
D007,2025-12-21,P001354,860.75,9696.52
D007,2026-01-09,P001354,122.65,2845.24
D007,2026-02-11,P001354,682.48,9106.24
D007,2026-03-05,P001354,498.82,8640.33
D007,2026-05-03,P001354,842.1,14996.9
D007,2026-06-25,P001354,374.56,7472.78
D007,2025-11-25,P001355,246.87,5924.4
D007,2025-12-11,P001355,151.07,3612.02
D007,2026-01-24,P001355,202.82,3635.4
D007,2026-02-12,P001355,409.38,4477.21
D007,2026-03-25,P001355,98.0,2291.78
D007,2026-04-04,P001355,463.85,4524.29
D007,2026-05-12,P001355,242.11,3376.46
D007,2026-06-25,P001355,247.95,3174.52
D007,2025-11-12,P001356,1809.29,22471.52
D007,2025-12-18,P001356,1000.14,21948.46
D007,2026-01-17,P001356,1716.6,26769.44
D007,2026-02-22,P001356,3301.03,39993.79
D007,2026-04-04,P001356,752.35,14613.39
D007,2026-05-23,P001356,1589.99,15586.02
D007,2026-06-17,P001356,1111.68,20446.08
D007,2025-11-06,P001357,108.3,1889.61
D007,2025-12-09,P001357,81.37,1954.71
D007,2026-01-22,P001357,97.55,1850.86
D007,2026-02-04,P001357,140.72,1664.64
D007,2026-03-06,P001357,182.81,3172.89
D007,2026-04-08,P001357,188.05,3053.96
D007,2026-05-03,P001357,57.06,1287.27
D007,2026-06-19,P001357,103.01,1836.02
D007,2025-11-20,P001358,617.64,11687.16
D007,2025-12-11,P001358,829.32,15418.14
D007,2026-01-08,P001358,762.85,14388.37
D007,2026-02-10,P001358,598.57,9007.76
D007,2026-03-23,P001358,697.64,13609.1
D007,2026-04-13,P001358,625.43,15528.1
D007,2026-05-06,P001358,557.41,13327.12
D007,2026-06-26,P001358,541.18,8200.08
D007,2025-11-21,P001359,233.89,4925.84
D007,2026-01-18,P001359,348.48,3494.55
D007,2026-02-24,P001359,122.36,1678.15
D007,2026-03-07,P001359,202.12,4322.03
D007,2026-04-13,P001359,178.5,2349.12
D007,2026-05-13,P001359,419.09,3588.48
D007,2026-06-26,P001359,274.28,4334.62
D007,2025-11-03,P001360,3006.42,35368.54
D007,2026-02-27,P001360,548.49,8891.98
D007,2026-05-03,P001360,4379.2,39908.71
D007,2026-06-08,P001360,3308.37,28769.57
D007,2025-11-17,P001361,372.02,5783.02
D007,2025-12-02,P001361,1300.44,12372.4
D007,2026-01-19,P001361,844.03,15175.25
D007,2026-03-13,P001361,1396.68,18405.99
D007,2026-04-12,P001361,293.02,5792.61
D007,2026-05-24,P001361,1481.2,13548.48
D007,2026-06-01,P001361,603.77,10012.42
D007,2025-11-12,P001362,220.08,2590.5
D007,2025-12-23,P001362,280.69,2598.13
D007,2026-01-23,P001362,218.66,2666.49
D007,2026-02-16,P001362,57.79,1175.17
D007,2026-03-07,P001362,145.76,1376.96
D007,2026-04-04,P001362,129.15,1096.11
D007,2026-05-08,P001362,76.48,1539.05
D007,2026-06-10,P001362,52.23,1005.98
D007,2025-12-17,P001363,724.22,10605.37
D007,2026-02-07,P001363,409.66,9900.41
D007,2026-03-03,P001363,500.64,11710.02
D007,2026-04-05,P001363,645.31,11995.21
D007,2026-05-07,P001363,558.27,12463.72
D007,2026-06-18,P001363,395.71,8897.45
D007,2025-11-03,P001364,1522.61,23306.54
D007,2026-01-05,P001364,1094.94,24913.05
D007,2026-02-12,P001364,1348.98,19547.8
D007,2026-03-05,P001364,2262.64,19821.7
D007,2026-04-01,P001364,771.19,17886.81
D007,2026-05-20,P001364,710.09,17285.99
D007,2026-06-04,P001364,1552.6,24202.39
D007,2025-11-21,P001365,5663.14,49439.8
D007,2025-12-20,P001365,3790.88,46690.39
D007,2026-01-18,P001365,1284.6,30903.78
D007,2026-02-21,P001365,2151.04,39782.64
D007,2026-03-17,P001365,1546.54,33187.14
D007,2026-04-08,P001365,2063.2,49464.95
D007,2026-05-15,P001365,2162.39,41217.38
D007,2026-06-27,P001365,734.66,17299.07
D007,2025-11-19,P001366,35.75,777.54
D007,2025-12-10,P001366,129.42,2601.96
D007,2026-01-17,P001366,149.38,3210.43
D007,2026-02-27,P001366,215.16,4149.6
D007,2026-03-10,P001366,154.49,2439.04
D007,2026-04-03,P001366,162.21,3265.13
D007,2026-05-03,P001366,128.71,2481.01
D007,2026-06-15,P001366,439.48,6860.63
D007,2025-11-03,P001367,1566.11,22406.01
D007,2025-12-01,P001367,1203.56,19524.07
D007,2026-02-22,P001367,1311.41,29282.68
D007,2026-04-11,P001367,482.15,10989.21
D007,2026-05-20,P001367,1447.27,34613.67
D008,2025-11-20,P001368,351.53,7003.88
D008,2025-12-13,P001368,270.23,4254.61
D008,2026-03-11,P001368,499.63,6539.83
D008,2026-04-01,P001368,440.41,4456.13
D008,2026-06-19,P001368,174.2,3482.4
D008,2025-11-10,P001369,690.26,10921.0
D008,2026-01-14,P001369,468.53,10467.02
D008,2026-03-23,P001369,488.73,10547.47
D008,2026-05-03,P001369,405.95,7821.69
D008,2025-11-03,P001370,2858.2,39947.37
D008,2025-12-08,P001370,6282.56,106560.14
D008,2026-01-18,P001370,12935.49,121606.68
D008,2026-02-16,P001370,5362.9,88493.38
D008,2026-03-14,P001370,4927.9,98122.86
D008,2026-04-27,P001370,4998.22,95362.05
D008,2026-05-14,P001370,1924.56,39827.01
D008,2025-12-11,P001371,584.35,7125.19
D008,2026-01-15,P001371,94.69,2353.72
D008,2026-03-15,P001371,245.79,5660.08
D008,2026-04-20,P001371,495.73,7636.84
D008,2026-05-05,P001371,850.52,7865.2
D008,2026-06-15,P001371,170.25,3891.45
D008,2025-11-24,P001372,636.38,11388.65
D008,2025-12-09,P001372,1272.73,15649.16
D008,2026-01-25,P001372,413.23,10093.02
D008,2026-02-15,P001372,605.85,12266.31
D008,2026-03-16,P001372,995.89,16442.55
D008,2026-04-06,P001372,1198.46,14933.25
D008,2026-05-18,P001372,756.14,15468.56
D008,2025-11-08,P001373,219.73,2396.15
D008,2025-12-19,P001373,139.48,2637.94
D008,2026-01-15,P001373,172.54,2418.39
D008,2026-02-25,P001373,168.29,2859.21
D008,2026-03-25,P001373,104.05,2572.38
D008,2026-04-15,P001373,123.4,1470.03
D008,2026-06-05,P001373,108.77,2253.3
D008,2025-11-25,P001374,883.21,15497.09
D008,2025-12-12,P001374,608.29,10139.17
D008,2026-01-25,P001374,1886.4,16156.69
D008,2026-02-24,P001374,901.25,18985.39
D008,2026-03-25,P001374,1800.81,22247.55
D008,2026-05-11,P001374,1067.07,12471.2
D008,2026-06-15,P001374,1806.09,18188.1
D008,2025-11-03,P001375,242.7,4821.55
D008,2026-02-18,P001375,165.85,4029.26
D008,2026-03-13,P001375,192.06,1858.58
D008,2026-04-23,P001375,269.82,4391.36
D008,2026-05-18,P001375,186.46,1725.51
D008,2025-11-20,P001376,642.68,14179.75
D008,2026-01-22,P001376,774.44,17655.44
D008,2026-02-02,P001376,769.62,13754.85
D008,2026-03-16,P001376,1683.89,15874.86
D008,2026-04-08,P001376,1273.6,10240.19
D008,2026-05-15,P001376,939.35,9292.94
D008,2026-06-13,P001376,1605.96,12863.57
D008,2025-11-22,P001377,242.26,3271.1
D008,2025-12-11,P001377,315.5,6755.18
D008,2026-01-17,P001377,946.42,11588.08
D008,2026-03-10,P001377,746.0,12349.67
D008,2026-04-13,P001377,610.44,8318.24
D008,2026-05-24,P001377,1508.8,12697.18
D008,2026-06-27,P001377,741.32,12792.66
D008,2025-11-16,P001378,798.21,11321.97
D008,2025-12-06,P001378,616.63,10456.79
D008,2026-01-19,P001378,921.5,22996.68
D008,2026-02-12,P001378,419.37,10467.37
D008,2026-03-09,P001378,1553.64,23187.26
D008,2026-04-15,P001378,352.09,7759.1
D008,2026-05-10,P001378,1146.49,24276.41
D008,2026-06-06,P001378,2695.68,23955.17
D008,2025-11-15,P001379,179.49,2893.24
D008,2025-12-19,P001379,185.47,2087.49
D008,2026-01-19,P001379,73.46,1470.91
D008,2026-02-04,P001379,121.32,2971.65
D008,2026-03-25,P001379,102.67,1540.69
D008,2026-04-03,P001379,98.09,2118.45
D008,2026-05-09,P001379,175.88,2846.52
D008,2026-06-15,P001379,124.22,2396.38
D008,2025-11-07,P001380,425.85,5578.83
D008,2025-12-05,P001380,273.51,6375.69
D008,2026-03-26,P001380,529.7,7248.23
D008,2026-04-01,P001380,1051.35,8554.51
D008,2025-11-18,P001381,515.12,4738.51
D008,2025-12-07,P001381,178.39,3797.99
D008,2026-01-04,P001381,309.06,6073.7
D008,2026-02-18,P001381,255.39,4002.82
D008,2026-03-06,P001381,337.27,4000.21
D008,2026-04-03,P001381,286.57,3220.06
D008,2026-05-27,P001381,315.67,6071.76
D008,2026-06-06,P001381,572.42,6849.68
D008,2025-11-27,P001382,2896.3,30718.55
D008,2025-12-06,P001382,1099.67,18852.33
D008,2026-02-10,P001382,1395.25,19506.62
D008,2026-03-21,P001382,599.74,11232.87
D008,2026-04-27,P001382,732.63,7500.29
D008,2026-05-10,P001382,1741.23,17983.28
D008,2025-11-12,P001383,437.69,5674.42
D008,2026-01-14,P001383,252.39,5870.01
D008,2026-02-19,P001383,566.67,7901.07
D008,2026-04-01,P001383,859.83,7571.28
D008,2026-05-20,P001383,538.27,11628.95
D008,2026-06-27,P001383,512.42,10334.53
D008,2025-11-02,P001384,347.68,8096.15
D008,2025-12-20,P001384,804.99,16297.8
D008,2026-01-11,P001384,668.49,11680.35
D008,2026-02-23,P001384,1245.42,16898.03
D008,2026-03-12,P001384,647.25,9645.96
D008,2026-04-18,P001384,1321.52,17727.25
D008,2026-05-20,P001384,602.6,14450.47
D008,2025-11-20,P001385,542.48,6424.69
D008,2025-12-01,P001385,434.17,9371.43
D008,2026-02-21,P001385,753.16,7659.82
D008,2026-03-08,P001385,177.62,3279.19
D008,2026-04-04,P001385,537.24,8435.83
D008,2026-06-22,P001385,278.87,6560.16
D008,2025-12-10,P001386,1008.1,24182.06
D008,2026-01-13,P001386,2259.99,43197.03
D008,2026-02-27,P001386,3365.3,46699.57
D008,2026-03-13,P001386,1798.26,43945.12
D008,2026-04-07,P001386,1253.86,22876.53
D008,2026-05-09,P001386,1504.02,35965.27
D008,2026-06-27,P001386,2195.07,34677.49
D008,2025-11-23,P001387,327.19,4989.08
D008,2025-12-07,P001387,220.17,5351.68
D008,2026-01-25,P001387,506.6,6507.91
D008,2026-02-24,P001387,520.55,7048.89
D008,2026-03-06,P001387,583.67,6017.68
D008,2026-04-16,P001387,168.84,3368.38
D008,2026-05-27,P001387,226.06,4755.82
D008,2025-12-17,P001388,2500.23,62166.72
D008,2026-01-14,P001388,3373.82,76449.7
D008,2026-02-11,P001388,853.27,18788.84
D008,2026-03-27,P001388,4987.5,73349.05
D008,2026-04-05,P001388,5793.42,130258.49
D008,2025-11-16,P001389,3456.3,32477.65
D008,2026-01-19,P001389,2183.61,37264.4
D008,2026-02-26,P001389,3765.12,55385.98
D008,2026-04-12,P001389,1596.07,33665.25
D008,2026-05-15,P001389,2689.23,43357.99
D008,2026-06-08,P001389,4459.35,56538.4
D008,2025-11-21,P001390,2607.27,62849.04
D008,2025-12-02,P001390,4019.91,74212.29
D008,2026-02-14,P001390,4614.03,80093.24
D008,2026-03-10,P001390,4848.83,76332.92
D008,2026-04-05,P001390,5817.71,85075.52
D008,2025-11-13,P001391,7479.97,83839.3
D008,2025-12-17,P001391,9134.17,87831.89
D008,2026-01-04,P001391,3567.69,52175.69
D008,2026-02-19,P001391,3060.64,76070.08
D008,2026-03-04,P001391,10936.69,132211.51
D008,2026-04-26,P001391,7768.92,79929.87
D008,2026-05-04,P001391,13526.85,117113.45
D008,2026-06-13,P001391,4138.43,47332.9
D008,2025-11-25,P001392,1387.82,13716.01
D008,2026-01-16,P001392,1301.93,25935.63
D008,2026-04-16,P001392,1440.45,27175.22
D008,2026-05-02,P001392,1529.32,21927.59
D008,2025-11-24,P001393,362.99,3828.88
D008,2025-12-10,P001393,208.69,2878.84
D008,2026-01-04,P001393,136.78,2956.64
D008,2026-02-23,P001393,109.22,2074.91
D008,2026-04-13,P001393,133.51,2378.69
D008,2026-05-20,P001393,108.78,2549.0
D008,2026-06-25,P001393,223.05,3933.58
D008,2025-11-17,P001394,304.92,4104.16
D008,2025-12-06,P001394,272.86,3700.09
D008,2026-02-08,P001394,92.57,1070.24
D008,2026-03-18,P001394,194.0,2656.84
D008,2026-05-25,P001394,39.53,919.51
D008,2025-11-01,P001395,172.12,3915.99
D008,2025-12-14,P001395,524.29,7255.34
D008,2026-01-24,P001395,492.31,5336.34
D008,2026-02-08,P001395,626.2,9217.02
D008,2026-03-15,P001395,257.98,3390.61
D008,2026-04-25,P001395,490.24,5068.57
D008,2026-06-11,P001395,269.66,4673.72
D008,2026-01-08,P001396,453.22,9599.28
D008,2026-02-22,P001396,721.4,15086.49
D008,2026-03-01,P001396,1758.98,17137.79
D008,2026-04-07,P001396,198.9,3842.9
D008,2026-06-21,P001396,1061.82,12958.27
D008,2025-11-22,P001397,528.86,5578.71
D008,2025-12-18,P001397,707.03,9395.84
D008,2026-01-13,P001397,206.94,4269.84
D008,2026-02-26,P001397,238.48,3452.92
D008,2026-03-02,P001397,153.71,2375.75
D008,2026-04-15,P001397,314.96,4485.55
D008,2026-05-14,P001397,580.32,8711.89
D008,2026-06-11,P001397,206.44,3222.55
D008,2025-11-24,P001398,2260.29,52412.03
D008,2025-12-16,P001398,8095.83,101735.89
D008,2026-01-21,P001398,2602.57,38824.82
D008,2026-02-15,P001398,3085.58,58000.58
D008,2026-03-25,P001398,6210.78,69770.87
D008,2026-04-06,P001398,4761.74,64547.39
D008,2026-06-12,P001398,2489.85,60522.96
D008,2025-11-01,P001399,551.6,7145.45
D008,2025-12-04,P001399,310.41,7645.97
D008,2026-01-21,P001399,355.47,6343.08
D008,2026-02-17,P001399,392.25,6787.43
D008,2026-03-18,P001399,367.09,8293.13
D008,2026-04-17,P001399,541.12,9387.47
D008,2026-05-13,P001399,259.19,5950.79
D008,2026-06-13,P001399,592.53,6568.59
D008,2025-11-22,P001400,635.26,13133.2
D008,2025-12-05,P001400,565.98,13013.77
D008,2026-01-04,P001400,1264.96,17034.7
D008,2026-02-10,P001400,1282.29,11036.64
D008,2026-03-20,P001400,2190.86,20744.63
D008,2026-04-14,P001400,1494.87,18822.51
D008,2026-05-05,P001400,1473.54,19446.84
D008,2026-06-10,P001400,706.96,11096.34
D008,2025-11-23,P001401,916.22,18638.9
D008,2025-12-01,P001401,1519.05,28057.49
D008,2026-01-12,P001401,1597.7,23455.84
D008,2026-02-13,P001401,1373.04,11580.06
D008,2026-03-23,P001401,1170.48,28055.13
D008,2026-04-05,P001401,2358.61,21058.07
D008,2026-05-08,P001401,3101.58,33322.58
D008,2026-06-14,P001401,2169.47,27359.33
D008,2025-11-01,P001402,228.53,4517.52
D008,2025-12-03,P001402,660.58,7916.72
D008,2026-02-01,P001402,297.2,6630.83
D008,2026-03-21,P001402,318.89,7055.93
D008,2026-04-22,P001402,845.63,7449.51
D008,2026-05-06,P001402,471.73,7851.0
D008,2025-11-27,P001403,119.68,2259.44
D008,2025-12-12,P001403,371.89,8842.85
D008,2026-01-09,P001403,461.84,7624.49
D008,2026-02-12,P001403,294.3,6114.39
D008,2026-03-11,P001403,414.9,9297.51
D008,2026-05-16,P001403,490.09,5819.8
D008,2025-11-12,P001404,2114.22,24847.9
D008,2025-12-11,P001404,1406.33,26542.94
D008,2026-02-25,P001404,2256.93,36608.7
D008,2026-03-01,P001404,1538.91,31276.03
D008,2026-04-18,P001404,4418.28,39931.72
D008,2026-05-20,P001404,2176.67,25618.97
D008,2026-06-17,P001404,4566.11,40593.94
D008,2026-01-14,P001405,1582.84,27656.58
D008,2026-02-14,P001405,2833.35,54980.33
D008,2026-03-27,P001405,3910.33,36404.56
D008,2026-04-03,P001405,4688.18,66039.18
D008,2026-05-13,P001405,2675.38,55876.73
D008,2026-06-18,P001405,2837.16,37905.74
D008,2025-11-26,P001406,142.95,3310.37
D008,2025-12-27,P001406,95.97,1896.76
D008,2026-01-16,P001406,233.18,4490.61
D008,2026-02-11,P001406,321.27,3245.25
D008,2026-03-13,P001406,232.99,2579.5
D008,2026-04-02,P001406,300.94,4658.43
D008,2026-05-22,P001406,155.23,2365.99
D008,2026-06-05,P001406,169.3,2225.22
D008,2025-12-21,P001407,1604.7,40063.03
D008,2026-01-18,P001407,2974.53,37496.75
D008,2026-02-15,P001407,1972.51,28058.19
D008,2026-03-05,P001407,4033.77,34344.27
D008,2026-04-27,P001407,2058.29,33018.58
D008,2026-05-16,P001407,2592.64,37563.42
D008,2025-12-20,P001408,229.92,5072.42
D008,2026-01-03,P001408,640.28,6999.16
D008,2026-02-08,P001408,426.88,9415.74
D008,2026-03-02,P001408,489.85,6412.42
D008,2026-04-19,P001408,801.46,9239.01
D008,2026-05-20,P001408,351.29,8344.71
D008,2026-06-21,P001408,692.34,9167.05
D008,2025-11-15,P001409,2724.19,33019.16
D008,2025-12-23,P001409,9468.97,81514.31
D008,2026-01-08,P001409,2954.19,64571.04
D008,2026-04-03,P001409,3773.95,70932.42
D008,2026-05-12,P001409,8677.02,79736.9
D008,2026-06-09,P001409,5363.52,97107.99
D008,2025-11-11,P001410,729.94,10879.71
D008,2025-12-17,P001410,454.29,6682.59
D008,2026-02-23,P001410,1381.56,13481.05
D008,2026-03-07,P001410,394.27,7996.12
D008,2026-04-18,P001410,192.4,1853.67
D008,2026-05-22,P001410,356.24,7397.71
D008,2026-06-25,P001410,491.6,10511.44
D008,2025-11-19,P001411,1041.46,19638.66
D008,2025-12-17,P001411,4378.52,45128.42
D008,2026-01-19,P001411,2431.7,49848.51
D008,2026-02-20,P001411,1111.13,23017.74
D008,2026-03-06,P001411,2307.81,32036.81
D008,2026-06-11,P001411,1634.85,38278.09
D008,2025-11-19,P001412,4002.68,50704.32
D008,2025-12-02,P001412,8121.48,75995.93
D008,2026-01-17,P001412,3393.47,83064.16
D008,2026-02-24,P001412,5501.17,96618.18
D008,2026-03-01,P001412,5307.19,83510.82
D008,2026-04-02,P001412,10943.18,126133.51
D008,2026-05-12,P001412,3829.97,89586.05
D008,2026-06-24,P001412,8106.23,75056.42
D008,2025-11-16,P001413,546.19,5316.11
D008,2026-01-25,P001413,318.08,4421.36
D008,2026-02-21,P001413,697.83,5739.88
D008,2026-03-07,P001413,244.27,2596.04
D008,2026-04-25,P001413,367.27,5260.68
D008,2026-05-20,P001413,320.28,6386.55
D008,2026-06-12,P001413,384.29,5768.15
D008,2025-11-26,P001414,151.88,2512.35
D008,2025-12-27,P001414,235.55,3793.97
D008,2026-01-04,P001414,261.74,3597.66
D008,2026-02-25,P001414,111.35,1996.12
D008,2026-03-10,P001414,177.03,1967.5
D008,2026-05-22,P001414,214.75,3380.19
D008,2025-11-04,P001415,2187.02,20513.51
D008,2025-12-11,P001415,450.54,10437.35
D008,2026-01-27,P001415,1260.09,22320.74
D008,2026-02-14,P001415,1457.19,22857.24
D008,2026-04-16,P001415,1943.07,24089.36
D008,2026-06-02,P001415,2450.42,22566.99
D008,2025-11-08,P001416,899.65,9726.4
D008,2025-12-05,P001416,718.39,8873.77
D008,2026-01-19,P001416,661.51,8514.5
D008,2026-02-02,P001416,383.45,8524.48
D008,2026-03-14,P001416,448.25,7653.6
D008,2026-04-16,P001416,550.94,10519.14
D008,2026-05-08,P001416,620.17,5952.46
D008,2026-06-26,P001416,628.47,10260.96
D008,2025-11-07,P001417,90.41,1760.73
D008,2025-12-18,P001417,159.85,2276.34
D008,2026-01-08,P001417,96.7,2246.87
D008,2026-02-13,P001417,70.56,1501.03
D008,2026-03-01,P001417,131.99,1246.84
D008,2026-04-09,P001417,121.25,1563.04
D008,2026-05-26,P001417,109.42,1925.27
D008,2026-06-21,P001417,149.04,3049.21
D008,2025-11-05,P001418,473.56,5435.17
D008,2025-12-07,P001418,266.18,3349.38
D008,2026-01-08,P001418,179.48,3522.31
D008,2026-02-15,P001418,130.24,2912.3
D008,2026-03-06,P001418,155.26,2392.25
D008,2026-04-20,P001418,332.17,4747.42
D008,2026-05-06,P001418,251.36,6278.29
D008,2026-06-03,P001418,219.45,5054.28
D008,2025-11-22,P001419,518.1,10145.45
D008,2025-12-15,P001419,626.24,10466.83
D008,2026-01-17,P001419,1728.9,14379.1
D008,2026-02-20,P001419,1161.53,12396.61
D008,2026-03-18,P001419,943.82,19449.36
D008,2026-04-13,P001419,1123.36,13438.01
D008,2026-05-27,P001419,647.88,14158.6
D008,2026-06-09,P001419,833.7,11676.42
D008,2025-11-21,P001420,318.34,3297.52
D008,2026-01-23,P001420,144.86,2716.4
D008,2026-05-17,P001420,188.37,2674.73
D008,2026-06-03,P001420,139.12,3003.78
D008,2025-11-20,P001421,528.9,6820.15
D008,2025-12-21,P001421,867.84,12475.49
D008,2026-01-03,P001421,417.0,8725.96
D008,2026-02-20,P001421,339.58,6062.41
D008,2026-03-08,P001421,1461.05,12068.5
D008,2026-04-27,P001421,573.11,9639.52
D008,2026-05-14,P001421,1050.89,16475.1
D008,2026-06-21,P001421,594.62,8484.79
D008,2025-12-04,P001422,489.53,12166.86
D008,2026-02-23,P001422,817.22,9563.07
D008,2026-03-01,P001422,1271.65,19042.94
D008,2026-04-07,P001422,585.93,10816.45
D008,2026-05-13,P001422,593.84,10723.08
D008,2026-06-27,P001422,613.81,15232.79
D008,2025-11-02,P001423,3002.67,37849.27
D008,2025-12-17,P001423,1902.68,20751.55
D008,2026-01-10,P001423,1403.4,31767.95
D008,2026-02-20,P001423,2972.86,47488.44
D008,2026-03-05,P001423,2474.28,33169.35
D008,2026-04-15,P001423,3655.0,32235.1
D008,2026-05-07,P001423,2026.88,41677.93
D008,2026-06-02,P001423,2442.73,39232.23
D008,2025-12-19,P001424,1555.58,30992.56
D008,2026-02-10,P001424,1281.6,27418.21
D008,2026-03-19,P001424,1093.23,24879.84
D008,2026-05-07,P001424,1837.16,28136.57
D008,2026-06-09,P001424,1881.13,22886.66
D008,2025-11-17,P001425,147.78,2570.07
D008,2025-12-01,P001425,113.74,2818.91
D008,2026-01-10,P001425,130.4,2584.3
D008,2026-02-25,P001425,159.62,3547.06
D008,2026-03-20,P001425,269.9,4058.73
D008,2026-04-13,P001425,155.26,3714.65
D008,2026-05-03,P001425,118.55,2150.86
D008,2026-06-17,P001425,415.54,4693.69
D008,2025-11-11,P001426,311.47,5668.7
D008,2025-12-26,P001426,989.05,18482.43
D008,2026-01-16,P001426,158.79,2751.76
D008,2026-02-05,P001426,317.78,6527.52
D008,2026-03-06,P001426,985.37,11787.34
D008,2026-04-19,P001426,525.14,9764.7
D008,2026-05-23,P001426,234.11,4087.95
D008,2026-06-23,P001426,442.07,8569.13
D008,2025-11-17,P001427,773.4,6978.47
D008,2025-12-14,P001427,144.89,3419.77
D008,2026-01-14,P001427,234.9,4673.09
D008,2026-02-10,P001427,489.21,4909.72
D008,2026-03-18,P001427,147.16,3482.69
D008,2026-04-03,P001427,237.35,3975.44
D008,2026-06-17,P001427,203.27,4804.09
D008,2025-11-24,P001428,154.69,2056.01
D008,2025-12-12,P001428,298.52,2441.53
D008,2026-02-21,P001428,67.42,1439.89
D008,2026-03-19,P001428,124.8,1908.2
D008,2026-04-08,P001428,207.22,2378.17
D008,2026-06-09,P001428,109.98,2664.47
D008,2025-12-24,P001429,4491.18,86068.08
D008,2026-01-19,P001429,4564.31,53473.4
D008,2026-03-15,P001429,6009.77,72933.67
D008,2026-04-12,P001429,2443.41,44951.33
D008,2026-05-21,P001429,5928.54,77212.58
D008,2026-06-15,P001429,5667.61,65334.99
D008,2025-11-09,P001430,1662.62,30193.7
D008,2025-12-14,P001430,1929.09,26432.52
D008,2026-01-09,P001430,1051.12,25284.95
D008,2026-02-15,P001430,1544.07,19246.91
D008,2026-03-10,P001430,1667.56,15737.24
D008,2026-04-22,P001430,415.72,8941.14
D008,2026-05-15,P001430,345.37,7728.04
D008,2026-06-02,P001430,4057.2,33861.5
D008,2025-11-24,P001431,953.38,19147.95
D008,2026-01-16,P001431,907.28,21178.18
D008,2026-02-20,P001431,1914.65,21354.39
D008,2026-03-11,P001431,936.68,15840.57
D008,2026-05-26,P001431,1676.53,15456.54
D008,2025-11-13,P001432,284.82,6293.63
D008,2025-12-12,P001432,231.6,3965.03
D008,2026-01-18,P001432,338.26,6669.05
D008,2026-02-03,P001432,384.04,5391.31
D008,2026-03-01,P001432,424.86,8641.22
D008,2026-05-18,P001432,219.75,3916.51
D008,2026-06-10,P001432,204.09,4985.23
D008,2025-11-08,P001433,2128.73,21384.4
D008,2025-12-03,P001433,2333.15,20001.02
D008,2026-01-24,P001433,493.6,11593.55
D008,2026-03-25,P001433,608.72,13413.89
D008,2026-04-03,P001433,330.69,7827.2
D008,2026-05-01,P001433,2923.29,27560.15
D008,2025-11-14,P001434,152.12,2487.08
D008,2025-12-21,P001434,168.68,2813.92
D008,2026-01-12,P001434,87.18,2039.11
D008,2026-02-23,P001434,87.33,1927.87
D008,2026-03-27,P001434,87.68,2166.6
D008,2026-04-02,P001434,104.84,1823.7
D008,2026-05-22,P001434,105.93,1229.05
D008,2026-06-27,P001434,167.72,2036.96
D008,2025-11-09,P001435,766.0,9927.95
D008,2025-12-26,P001435,807.64,14696.66
D008,2026-01-22,P001435,510.53,10688.05
D008,2026-02-19,P001435,328.84,7264.03
D008,2026-03-09,P001435,515.34,8319.79
D008,2026-04-10,P001435,463.49,11144.07
D008,2026-05-14,P001435,297.33,4183.89
D008,2026-06-10,P001435,353.6,7699.28
D008,2026-02-23,P001436,84.52,2025.35
D008,2026-03-21,P001436,64.41,1433.42
D008,2026-04-08,P001436,165.39,3100.82
D008,2026-05-20,P001436,206.06,2605.78
D008,2026-06-04,P001436,306.93,4225.99
D008,2025-11-02,P001437,737.42,10172.76
D008,2025-12-11,P001437,1650.8,13270.56
D008,2026-01-08,P001437,1640.18,16841.09
D008,2026-04-07,P001437,812.79,14989.57
D008,2026-05-14,P001437,447.35,8209.92
D008,2026-06-08,P001437,323.49,5628.35
D008,2025-11-08,P001438,1785.89,40444.17
D008,2025-12-19,P001438,5823.15,73048.55
D008,2026-03-06,P001438,3316.23,66137.62
D008,2026-04-17,P001438,10644.94,86700.44
D008,2026-05-04,P001438,2697.25,61293.47
D008,2026-06-22,P001438,7004.78,65435.81
D008,2025-11-08,P001439,1810.4,37898.08
D008,2025-12-25,P001439,1085.73,18885.34
D008,2026-01-09,P001439,3608.84,31181.76
D008,2026-02-21,P001439,1392.72,24632.32
D008,2026-03-16,P001439,1231.66,24915.03
D008,2026-05-11,P001439,1117.25,27767.6
D008,2026-06-09,P001439,1122.23,19594.38
D008,2025-11-08,P001440,3236.07,40223.74
D008,2025-12-15,P001440,4329.8,79652.89
D008,2026-02-07,P001440,2612.18,55834.68
D008,2026-03-16,P001440,1677.87,31974.97
D008,2026-04-17,P001440,3014.55,54660.68
D008,2026-05-11,P001440,823.02,13233.45
D008,2026-06-24,P001440,8088.51,67230.25
D008,2025-11-19,P001441,716.57,13015.23
D008,2025-12-25,P001441,472.07,9033.07
D008,2026-01-03,P001441,766.79,13914.7
D008,2026-02-04,P001441,793.39,12698.1
D008,2026-03-20,P001441,222.62,4804.46
D008,2026-04-15,P001441,1151.22,13518.49
D008,2026-05-04,P001441,1631.23,15451.85
D008,2026-06-23,P001441,361.64,7737.42
D008,2025-11-11,P001442,274.85,6382.75
D008,2025-12-27,P001442,342.21,8164.94
D008,2026-01-01,P001442,261.62,5842.92
D008,2026-02-22,P001442,341.66,4415.62
D008,2026-03-23,P001442,412.32,4714.68
D008,2026-04-06,P001442,420.85,4617.24
D008,2026-05-22,P001442,372.09,5696.8
D008,2026-06-11,P001442,250.45,5424.75
D008,2025-11-08,P001443,560.19,10292.98
D008,2025-12-15,P001443,755.72,7102.29
D008,2026-01-17,P001443,443.34,8677.04
D008,2026-02-17,P001443,374.04,6519.26
D008,2026-03-22,P001443,470.59,6928.91
D008,2026-04-09,P001443,741.32,6953.95
D008,2026-05-03,P001443,266.83,5798.67
D008,2025-11-15,P001444,179.02,3923.08
D008,2025-12-26,P001444,256.29,3394.95
D008,2026-01-07,P001444,187.31,3668.32
D008,2026-02-04,P001444,129.89,2741.04
D008,2026-03-27,P001444,282.56,3689.51
D008,2026-04-09,P001444,640.63,5547.25
D008,2026-05-23,P001444,237.5,2095.17
D008,2026-06-07,P001444,177.08,3897.88
D008,2025-11-18,P001445,70.4,1566.69
D008,2025-12-09,P001445,94.16,1762.68
D008,2026-01-16,P001445,52.93,546.81
D008,2026-02-02,P001445,46.37,1103.83
D008,2026-03-18,P001445,86.7,1574.69
D008,2026-05-04,P001445,77.11,1508.85
D008,2026-06-22,P001445,125.33,1501.62
D008,2025-12-10,P001446,1748.46,15756.68
D008,2026-01-26,P001446,634.7,12401.54
D008,2026-02-22,P001446,488.99,11391.78
D008,2026-03-08,P001446,400.58,9896.52
D008,2026-04-24,P001446,449.35,10331.7
D008,2026-05-04,P001446,477.78,7726.19
D008,2026-06-10,P001446,604.3,12187.77
D008,2025-11-20,P001447,4814.51,86372.05
D008,2025-12-19,P001447,3718.64,81179.34
D008,2026-01-04,P001447,4863.5,84440.76
D008,2026-02-27,P001447,4161.56,102090.43
D008,2026-04-17,P001447,4783.35,113047.28
D008,2026-05-01,P001447,4942.0,109030.77
D008,2026-06-26,P001447,5162.86,112990.21
D008,2025-11-01,P001448,142.06,3359.96
D008,2026-01-11,P001448,671.91,5566.08
D008,2026-04-14,P001448,158.85,3161.04
D008,2026-05-14,P001448,384.63,4709.58
D008,2026-06-15,P001448,142.49,3456.92
D008,2025-12-01,P001449,1876.81,41770.89
D008,2026-01-02,P001449,3023.87,33902.12
D008,2026-03-12,P001449,2406.84,30864.62
D008,2026-04-19,P001449,4469.59,47064.45
D008,2026-05-23,P001449,2596.87,36412.1
D008,2026-06-14,P001449,2174.1,37151.57
D008,2025-11-27,P001450,429.16,5769.37
D008,2025-12-24,P001450,467.64,6959.97
D008,2026-01-18,P001450,431.7,9407.08
D008,2026-04-10,P001450,793.21,14447.3
D008,2026-05-11,P001450,560.25,12264.4
D008,2026-06-16,P001450,388.12,7268.09
D008,2025-11-14,P001451,452.64,9319.78
D008,2026-01-06,P001451,66.0,1553.41
D008,2026-02-25,P001451,502.86,7819.42
D008,2026-03-03,P001451,938.58,10508.49
D008,2026-04-04,P001451,846.22,10239.54
D008,2026-05-25,P001451,228.08,4867.43
D008,2025-11-13,P001452,528.25,6778.5
D008,2025-12-13,P001452,553.64,6920.24
D008,2026-02-01,P001452,1083.39,14292.22
D008,2026-03-26,P001452,413.84,9808.0
D008,2026-04-19,P001452,924.64,7609.08
D008,2026-05-06,P001452,722.3,15576.54
D008,2026-06-04,P001452,638.75,9818.75
D008,2025-11-14,P001453,512.47,8926.28
D008,2025-12-05,P001453,1010.55,23574.69
D008,2026-01-23,P001453,1250.11,21167.76
D008,2026-03-12,P001453,976.64,21365.78
D008,2026-04-24,P001453,334.44,6275.77
D008,2026-05-03,P001453,941.53,15586.11
D008,2026-06-23,P001453,1012.81,23101.34
D008,2025-11-20,P001454,253.68,5208.54
D008,2025-12-25,P001454,140.17,2534.9
D008,2026-01-09,P001454,558.19,6878.64
D008,2026-03-14,P001454,300.19,4826.22
D008,2026-05-14,P001454,242.21,3783.31
D008,2025-11-27,P001455,496.55,6097.53
D008,2025-12-23,P001455,589.88,5489.82
D008,2026-01-22,P001455,464.05,6672.31
D008,2026-02-26,P001455,288.2,4590.52
D008,2026-03-08,P001455,249.89,2952.91
D008,2026-04-01,P001455,365.23,6043.09
D008,2026-05-08,P001455,888.91,7805.38
D008,2026-06-14,P001455,216.22,4963.5
D008,2025-12-03,P001456,271.56,5725.22
D008,2026-02-27,P001456,599.23,12246.22
D008,2026-03-11,P001456,596.6,14277.91
D008,2026-04-20,P001456,551.62,10689.37
D008,2026-05-05,P001456,819.86,15298.06
D008,2026-06-01,P001456,344.11,7419.41
D008,2025-11-12,P001457,531.6,4957.97
D008,2025-12-12,P001457,160.81,3943.63
D008,2026-01-14,P001457,145.91,1279.92
D008,2026-03-13,P001457,341.07,4832.25
D008,2026-04-16,P001457,192.18,3764.2
D008,2026-05-11,P001457,481.9,4337.04
D008,2025-11-15,P001458,307.33,6603.33
D008,2026-01-20,P001458,145.73,3201.53
D008,2026-02-17,P001458,231.66,3218.41
D008,2026-04-22,P001458,551.45,8372.69
D008,2026-06-25,P001458,474.38,10245.68
D008,2025-11-02,P001459,2133.95,28555.35
D008,2026-01-17,P001459,906.74,17429.62
D008,2026-02-27,P001459,2064.59,32956.99
D008,2026-03-14,P001459,2424.25,30644.27
D008,2026-04-22,P001459,1394.47,14615.76
D008,2026-05-04,P001459,2906.96,36108.34
D008,2025-11-13,P001460,715.22,9470.8
D008,2025-12-18,P001460,686.63,8990.04
D008,2026-01-02,P001460,603.59,8623.03
D008,2026-02-10,P001460,836.43,11347.03
D008,2026-03-09,P001460,569.62,7192.37
D008,2026-04-15,P001460,261.18,4514.29
D008,2026-05-04,P001460,1386.6,12348.33
D008,2026-06-23,P001460,490.83,12081.89
D008,2025-12-23,P001461,374.18,5298.45
D008,2026-01-10,P001461,216.61,3536.72
D008,2026-02-02,P001461,416.02,4850.26
D008,2026-03-10,P001461,262.6,6323.85
D008,2026-04-12,P001461,458.59,6386.84
D008,2026-05-17,P001461,166.13,3064.29
D008,2026-06-10,P001461,142.98,3293.08
D008,2025-11-24,P001462,393.07,5458.33
D008,2025-12-20,P001462,248.09,3478.7
D008,2026-01-12,P001462,230.33,4605.05
D008,2026-02-18,P001462,150.08,3459.79
D008,2026-03-23,P001462,290.91,3154.38
D008,2026-04-19,P001462,447.59,5600.98
D008,2026-05-23,P001462,244.83,5795.76
D008,2026-06-19,P001462,172.27,4258.24
D008,2025-11-13,P001463,367.6,7788.94
D008,2025-12-22,P001463,584.16,14030.94
D008,2026-01-14,P001463,580.54,9754.16
D008,2026-03-06,P001463,364.08,7306.84
D008,2026-04-01,P001463,462.11,5675.63
D008,2026-05-17,P001463,722.42,14890.85
D008,2026-06-08,P001463,239.41,5957.43
D008,2025-12-18,P001464,3544.47,32643.96
D008,2026-01-24,P001464,2100.25,26420.12
D008,2026-02-25,P001464,1365.58,33457.57
D008,2026-03-06,P001464,1397.7,24311.69
D008,2026-04-17,P001464,1993.75,23009.25
D008,2026-05-25,P001464,2851.12,32069.29
D008,2026-06-07,P001464,1559.32,28418.05
D008,2025-11-02,P001465,281.61,5544.52
D008,2025-12-13,P001465,273.95,4102.7
D008,2026-02-05,P001465,773.77,6746.82
D008,2026-03-25,P001465,336.16,8200.4
D008,2026-04-27,P001465,324.33,5748.49
D008,2026-05-12,P001465,318.45,6602.73
D008,2026-06-20,P001465,258.42,5625.39
D008,2025-11-07,P001466,1263.33,29451.12
D008,2025-12-19,P001466,2242.22,43495.57
D008,2026-01-15,P001466,1504.3,24410.37
D008,2026-02-08,P001466,1309.22,15873.43
D008,2026-04-10,P001466,4120.22,35959.6
D008,2026-05-13,P001466,3971.28,35511.77
D008,2026-06-04,P001466,2581.02,49980.13
D008,2025-11-21,P001467,500.22,7398.12
D008,2025-12-03,P001467,383.85,6712.54
D008,2026-01-25,P001467,330.29,7313.54
D008,2026-02-15,P001467,809.52,7578.06
D008,2026-03-23,P001467,483.04,9782.3
D008,2026-04-19,P001467,560.02,10359.69
D008,2026-05-04,P001467,976.73,8961.99
D008,2026-06-18,P001467,616.98,8841.47
D008,2025-11-13,P001468,2414.58,36807.58
D008,2025-12-25,P001468,1564.39,37123.43
D008,2026-01-11,P001468,1829.77,30388.44
D008,2026-02-24,P001468,1184.18,24629.61
D008,2026-03-25,P001468,2148.89,30831.36
D008,2026-05-27,P001468,1167.71,21897.26
D008,2026-06-11,P001468,1859.78,18510.82
D008,2025-11-26,P001469,1867.66,15075.21
D008,2025-12-17,P001469,1498.78,16676.94
D008,2026-01-16,P001469,1299.41,25425.95
D008,2026-02-13,P001469,731.2,17762.94
D008,2026-03-18,P001469,1119.49,19550.8
D008,2026-04-22,P001469,1447.02,20279.86
D008,2026-06-11,P001469,1088.36,13058.81
D008,2025-11-17,P001470,120.84,1465.53
D008,2025-12-10,P001470,334.15,3841.14
D008,2026-01-09,P001470,469.9,5959.83
D008,2026-02-10,P001470,169.91,3750.02
D008,2026-03-22,P001470,498.86,4170.83
D008,2026-04-21,P001470,257.87,2507.68
D008,2026-06-23,P001470,187.25,4035.75
D008,2025-12-16,P001471,224.43,1867.65
D008,2026-01-18,P001471,88.74,1363.9
D008,2026-02-21,P001471,149.36,3467.79
D008,2026-03-02,P001471,162.51,3283.78
D008,2026-05-26,P001471,105.2,1988.75
D008,2026-06-17,P001471,199.45,4516.88
D008,2025-11-14,P001472,252.86,2708.22
D008,2026-02-10,P001472,113.07,2015.23
D008,2026-04-14,P001472,45.86,960.26
D008,2026-05-14,P001472,86.56,1650.48
D008,2026-06-22,P001472,145.2,1769.06
D008,2025-11-08,P001473,553.36,10473.03
D008,2025-12-27,P001473,675.56,12181.03
D008,2026-02-18,P001473,212.18,4451.4
D008,2026-04-11,P001473,835.39,13836.25
D008,2026-05-03,P001473,1304.84,11175.17
D008,2025-11-19,P001474,464.8,10264.87
D008,2025-12-27,P001474,654.96,15317.27
D008,2026-01-08,P001474,314.56,5476.47
D008,2026-02-15,P001474,302.55,5516.74
D008,2026-04-01,P001474,915.33,10184.17
D008,2026-06-06,P001474,638.66,6644.01
D008,2025-11-05,P001475,431.92,4533.29
D008,2025-12-09,P001475,399.97,7163.15
D008,2026-01-10,P001475,507.51,6812.48
D008,2026-02-20,P001475,164.69,2634.85
D008,2026-03-18,P001475,310.69,6310.15
D008,2026-04-05,P001475,277.69,5067.04
D008,2026-05-02,P001475,519.39,7018.89
D008,2026-06-05,P001475,171.84,3381.62
D008,2025-11-14,P001476,606.69,14393.81
D008,2025-12-04,P001476,536.48,13082.84
D008,2026-01-22,P001476,316.75,7799.58
D008,2026-03-19,P001476,1241.09,19237.35
D008,2026-05-11,P001476,564.57,12433.88
D008,2026-06-05,P001476,1688.53,13805.94
D008,2025-11-23,P001477,688.45,9777.08
D008,2025-12-20,P001477,139.06,2295.37
D008,2026-03-01,P001477,556.25,9584.03
D008,2026-04-10,P001477,339.92,7186.64
D008,2026-05-04,P001477,455.79,8439.99
D008,2026-06-14,P001477,399.83,9945.76
D008,2025-11-14,P001478,5639.62,75742.22
D008,2025-12-26,P001478,7955.22,78618.14
D008,2026-01-24,P001478,4706.96,98967.49
D008,2026-02-17,P001478,1432.29,32030.11
D008,2026-03-19,P001478,1716.02,31246.39
D008,2026-04-07,P001478,6751.11,74157.05
D008,2026-05-25,P001478,5451.05,75850.32
D008,2026-06-10,P001478,2589.33,56452.05
D008,2025-12-14,P001479,184.8,4081.0
D008,2026-02-17,P001479,616.09,5962.52
D008,2026-03-03,P001479,143.3,3196.08
D008,2026-04-02,P001479,334.1,6313.22
D008,2026-05-10,P001479,271.0,5647.49
D008,2026-06-25,P001479,58.15,990.95
D008,2025-12-14,P001480,1030.71,15495.2
D008,2026-01-01,P001480,1930.06,20082.7
D008,2026-02-07,P001480,967.02,19896.01
D008,2026-03-20,P001480,1144.09,17081.49
D008,2026-04-03,P001480,1128.62,26677.59
D008,2026-05-11,P001480,946.64,20804.76
D008,2026-06-14,P001480,842.87,8353.66
D008,2025-11-26,P001481,581.53,8392.74
D008,2025-12-23,P001481,333.78,7339.11
D008,2026-01-08,P001481,781.28,6514.39
D008,2026-02-09,P001481,180.78,3933.32
D008,2026-03-06,P001481,669.1,6259.76
D008,2026-04-13,P001481,197.27,4392.6
D008,2026-05-11,P001481,691.98,6572.04
D008,2026-06-07,P001481,398.48,7593.61
D008,2025-11-03,P001482,3423.55,37962.16
D008,2025-12-20,P001482,5014.93,62379.93
D008,2026-01-12,P001482,3354.91,58545.44
D008,2026-02-19,P001482,4918.3,68517.08
D008,2026-03-11,P001482,4316.13,79070.97
D008,2026-04-20,P001482,2836.74,45863.19
D008,2026-05-06,P001482,5135.2,71602.37
D008,2026-06-24,P001482,5546.38,55028.27
D008,2025-11-11,P001483,409.49,9148.08
D008,2025-12-20,P001483,849.86,7068.18
D008,2026-01-04,P001483,655.54,10428.29
D008,2026-02-08,P001483,241.86,5235.88
D008,2026-03-21,P001483,352.59,8190.5
D008,2026-04-03,P001483,1172.61,16097.62
D008,2026-06-20,P001483,664.27,8290.7
D008,2025-11-12,P001484,1018.3,18833.93
D008,2025-12-08,P001484,1012.52,15813.22
D008,2026-01-18,P001484,801.17,11683.52
D008,2026-03-13,P001484,710.07,12181.33
D008,2026-04-06,P001484,1797.67,18820.52
D008,2026-06-20,P001484,715.37,15414.58
D008,2025-11-01,P001485,2241.09,33643.2
D008,2025-12-26,P001485,3100.2,61788.39
D008,2026-01-10,P001485,2153.86,39805.17
D008,2026-03-26,P001485,2838.35,52956.04
D008,2026-04-08,P001485,2784.55,68250.7
D008,2026-05-01,P001485,2334.93,48765.28
D008,2026-06-21,P001485,2226.09,46765.51
D008,2025-11-22,P001486,693.69,12186.21
D008,2025-12-19,P001486,570.11,10286.92
D008,2026-01-05,P001486,442.41,8713.07
D008,2026-02-21,P001486,987.05,18699.28
D008,2026-04-11,P001486,753.76,11726.14
D008,2026-05-02,P001486,892.4,13404.57
D008,2026-06-27,P001486,329.68,5584.49
D008,2025-11-21,P001487,994.71,22965.18
D008,2025-12-23,P001487,1658.45,40412.58
D008,2026-02-24,P001487,1670.61,27115.42
D008,2026-03-10,P001487,2136.64,25749.22
D008,2026-04-05,P001487,1372.25,25510.77
D008,2026-06-23,P001487,2075.06,29396.36
D008,2025-12-12,P001488,4075.49,95094.83
D008,2026-01-16,P001488,14067.45,139538.05
D008,2026-02-16,P001488,4895.51,99119.55
D008,2026-03-10,P001488,9140.11,76376.66
D008,2026-04-04,P001488,4357.38,107806.27
D008,2026-05-07,P001488,6734.5,95853.61
D008,2026-06-11,P001488,3984.07,41289.53
D008,2025-11-03,P001489,245.7,5275.57
D008,2025-12-27,P001489,581.55,5910.94
D008,2026-01-01,P001489,463.37,4246.71
D008,2026-02-03,P001489,386.71,6286.23
D008,2026-03-03,P001489,234.69,2999.29
D008,2026-04-06,P001489,202.4,4862.1
D008,2026-05-22,P001489,344.41,5065.31
D008,2026-06-16,P001489,129.58,2607.66
D008,2025-11-16,P001490,3932.97,63172.17
D008,2025-12-03,P001490,5166.23,83099.22
D008,2026-01-11,P001490,4397.95,69971.35
D008,2026-03-08,P001490,4828.04,74989.11
D008,2026-04-06,P001490,2902.63,68592.96
D008,2026-05-22,P001490,5333.39,105474.4
D008,2026-06-20,P001490,1298.5,31254.16
D008,2025-11-18,P001491,389.45,9307.31
D008,2025-12-26,P001491,1067.63,11875.33
D008,2026-02-05,P001491,555.91,6764.37
D008,2026-03-21,P001491,166.16,3743.22
D008,2026-04-18,P001491,422.32,8487.72
D008,2026-05-21,P001491,242.02,4961.34
D008,2026-06-25,P001491,875.14,7636.13
D008,2025-11-09,P001492,119.83,2782.57
D008,2025-12-12,P001492,323.56,3866.09
D008,2026-01-12,P001492,251.72,5787.27
D008,2026-02-01,P001492,147.98,2963.31
D008,2026-05-26,P001492,332.21,2949.67
D008,2026-06-25,P001492,452.82,4545.44
D008,2025-11-11,P001493,969.67,16897.41
D008,2025-12-07,P001493,596.87,11359.9
D008,2026-01-01,P001493,719.08,16425.15
D008,2026-04-07,P001493,1247.39,13640.97
D008,2026-05-26,P001493,663.64,10512.14
D008,2026-06-24,P001493,1726.11,23497.56
D008,2025-12-05,P001494,291.46,4886.8
D008,2026-01-08,P001494,290.84,5906.67
D008,2026-03-04,P001494,322.15,4133.85
D008,2026-04-21,P001494,259.61,3590.69
D008,2026-05-14,P001494,425.47,3978.0
D008,2026-06-03,P001494,150.28,1298.53
D008,2025-11-06,P001495,329.21,4957.59
D008,2025-12-03,P001495,275.67,4840.04
D008,2026-01-01,P001495,236.59,4178.83
D008,2026-03-11,P001495,277.29,3201.71
D008,2026-04-08,P001495,252.09,2061.75
D008,2026-06-14,P001495,157.92,3582.85
D008,2025-11-21,P001496,199.83,3908.68
D008,2025-12-24,P001496,342.02,8004.89
D008,2026-01-26,P001496,552.21,6977.17
D008,2026-02-08,P001496,403.02,7758.13
D008,2026-04-11,P001496,408.45,5910.78
D008,2026-05-20,P001496,595.53,10265.14
D008,2026-06-26,P001496,329.5,5111.92
D008,2025-12-02,P001497,185.13,4099.68
D008,2026-01-03,P001497,76.89,1778.49
D008,2026-02-24,P001497,289.22,5367.22
D008,2026-03-18,P001497,243.73,6035.25
D008,2026-04-05,P001497,307.49,5095.12
D008,2026-05-05,P001497,205.78,4010.67
D008,2025-11-04,P001498,515.25,8786.89
D008,2025-12-11,P001498,410.76,3615.44
D008,2026-01-08,P001498,402.28,9968.7
D008,2026-02-09,P001498,527.71,6209.28
D008,2026-03-16,P001498,615.16,9279.32
D008,2026-04-11,P001498,357.19,4581.57
D008,2026-05-25,P001498,111.66,1647.9
D008,2026-06-16,P001498,686.68,7068.82
D008,2026-01-24,P001499,713.42,9995.41
D008,2026-03-07,P001499,891.54,7561.26
D008,2026-05-10,P001499,840.5,12373.6
D008,2026-06-03,P001499,576.36,11431.16
D008,2025-11-11,P001500,257.77,5445.37
D008,2025-12-02,P001500,571.93,7557.48
D008,2026-01-21,P001500,359.17,8561.35
D008,2026-02-03,P001500,654.01,13837.6
D008,2026-03-23,P001500,375.19,8569.84
D008,2026-04-04,P001500,263.59,6031.59
D008,2026-05-07,P001500,688.87,14050.84
D008,2026-06-20,P001500,513.8,12242.0
D008,2025-12-26,P001501,5011.98,88901.17
D008,2026-01-02,P001501,3276.09,51486.39
D008,2026-02-10,P001501,2981.66,63426.12
D008,2026-03-23,P001501,2815.41,45178.98
D008,2026-06-02,P001501,2353.62,54856.08
D008,2025-11-05,P001502,211.76,1883.4
D008,2025-12-18,P001502,103.55,1988.93
D008,2026-01-03,P001502,150.7,1504.44
D008,2026-02-10,P001502,75.38,1389.81
D008,2026-03-12,P001502,153.72,2524.57
D008,2026-04-03,P001502,267.42,2955.15
D008,2026-05-12,P001502,83.31,1756.8
D008,2026-06-04,P001502,105.67,1878.83
D008,2025-12-20,P001503,173.01,3815.73
D008,2026-01-24,P001503,208.89,3121.21
D008,2026-02-18,P001503,240.04,5184.73
D008,2026-03-01,P001503,266.63,2377.09
D008,2026-04-20,P001503,298.02,3736.79
D008,2026-05-04,P001503,202.29,3101.04
D008,2025-11-14,P001504,238.5,5207.15
D008,2025-12-21,P001504,207.08,4547.69
D008,2026-02-15,P001504,322.4,5636.06
D008,2026-03-20,P001504,298.18,2474.83
D008,2026-06-14,P001504,214.11,5033.02
D008,2025-11-19,P001505,1924.86,28270.34
D008,2026-01-12,P001505,694.84,16249.36
D008,2026-02-11,P001505,1670.77,22665.32
D008,2026-03-26,P001505,1697.68,34384.83
D008,2026-05-10,P001505,1099.19,26975.6
D008,2025-11-16,P001506,82.38,1984.17
D008,2025-12-24,P001506,202.7,1744.01
D008,2026-01-03,P001506,82.37,1918.08
D008,2026-03-17,P001506,71.59,1653.21
D008,2026-04-14,P001506,93.88,1330.62
D008,2026-05-23,P001506,74.69,1636.44
D008,2026-06-17,P001506,104.09,2112.51
D008,2025-11-08,P001507,249.13,3715.39
D008,2025-12-04,P001507,1537.22,12970.89
D008,2026-01-11,P001507,887.4,7484.61
D008,2026-02-24,P001507,1431.19,18291.66
D008,2026-03-03,P001507,537.06,12641.2
D008,2026-04-22,P001507,1266.09,12170.07
D008,2026-05-25,P001507,1650.49,20899.0
D008,2026-06-07,P001507,1527.27,19312.89
D008,2025-11-15,P001508,1108.15,11270.48
D008,2025-12-19,P001508,659.37,15588.62
D008,2026-01-21,P001508,444.69,7979.27
D008,2026-02-02,P001508,816.6,13121.8
D008,2026-04-01,P001508,333.12,6655.73
D008,2026-05-20,P001508,841.81,15568.66
D008,2026-06-19,P001508,612.56,10502.06
D008,2025-11-10,P001509,69.86,1429.04
D008,2025-12-23,P001509,105.59,1464.03
D008,2026-01-07,P001509,120.96,1677.4
D008,2026-02-24,P001509,100.63,2292.62
D008,2026-03-27,P001509,99.97,1098.6
D008,2026-04-04,P001509,76.07,1458.85
D008,2026-05-22,P001509,27.07,578.57
D008,2026-06-22,P001509,51.53,902.46
D008,2025-11-07,P001510,120.98,2739.49
D008,2025-12-21,P001510,202.42,2727.91
D008,2026-01-25,P001510,153.17,3652.75
D008,2026-02-22,P001510,323.95,5351.93
D008,2026-03-12,P001510,148.54,2851.9
D008,2026-04-11,P001510,234.64,4312.86
D008,2026-05-04,P001510,452.54,4554.92
D008,2026-06-20,P001510,27.88,447.6
D008,2025-11-25,P001511,5248.21,63268.6
D008,2025-12-08,P001511,3362.88,39759.76
D008,2026-01-13,P001511,4536.43,66739.56
D008,2026-03-15,P001511,5657.07,62080.52
D008,2026-04-27,P001511,2289.42,42028.77
D008,2026-05-24,P001511,4630.27,61996.1
D008,2026-06-13,P001511,5393.65,59558.29
D008,2025-11-06,P001512,495.12,4911.03
D008,2025-12-01,P001512,275.62,2256.1
D008,2026-01-19,P001512,441.99,7276.88
D008,2026-03-03,P001512,174.45,3008.03
D008,2026-04-01,P001512,350.81,8371.69
D008,2026-05-04,P001512,356.7,6887.29
D008,2026-06-01,P001512,697.13,8231.47
D008,2025-11-22,P001513,2019.75,34342.17
D008,2025-12-21,P001513,3839.18,34019.26
D008,2026-01-16,P001513,1819.26,32584.31
D008,2026-02-27,P001513,2205.65,30249.98
D008,2026-03-09,P001513,1874.49,41343.29
D008,2026-04-25,P001513,2727.14,41896.41
D008,2026-05-11,P001513,2377.66,37521.74
D008,2026-06-27,P001513,1964.88,34905.44
D008,2026-01-20,P001514,498.93,10243.65
D008,2026-02-17,P001514,347.22,8544.75
D008,2026-03-27,P001514,1269.98,12573.24
D008,2026-04-06,P001514,359.24,5374.35
D008,2026-05-16,P001514,82.51,1724.48
D008,2025-11-19,P001515,766.73,17265.43
D008,2025-12-24,P001515,589.99,11473.94
D008,2026-01-09,P001515,3785.09,34867.52
D008,2026-02-27,P001515,1455.45,12765.04
D008,2026-03-24,P001515,1499.91,21968.6
D008,2026-04-26,P001515,798.03,15806.13
D008,2026-05-04,P001515,1309.48,22591.3
D008,2026-06-07,P001515,1317.15,22051.14
D008,2025-11-23,P001516,1262.44,16615.86
D008,2025-12-20,P001516,1048.45,14394.98
D008,2026-01-07,P001516,175.17,3556.28
D008,2026-02-11,P001516,296.5,4970.25
D008,2026-03-05,P001516,649.61,9414.83
D008,2026-04-15,P001516,1268.87,15261.2
D008,2026-06-20,P001516,694.52,14484.54
D008,2025-11-09,P001517,277.53,6532.26
D008,2025-12-16,P001517,339.94,4247.38
D008,2026-01-19,P001517,494.62,4447.1
D008,2026-03-18,P001517,208.05,4323.06
D008,2026-04-22,P001517,772.52,9148.14
D008,2026-05-11,P001517,102.67,1731.06
D008,2026-06-15,P001517,406.59,6175.08
D008,2025-11-02,P001518,934.11,8493.05
D008,2025-12-09,P001518,314.01,3542.56
D008,2026-01-19,P001518,304.61,5140.29
D008,2026-02-15,P001518,179.75,2412.35
D008,2026-03-15,P001518,324.13,6851.09
D008,2026-04-09,P001518,949.24,8026.22
D008,2026-05-22,P001518,275.19,3763.29
D008,2026-06-07,P001518,589.91,9408.19
D008,2025-11-02,P001519,1407.75,34345.35
D008,2025-12-05,P001519,4087.05,74415.99
D008,2026-03-03,P001519,2630.81,43913.89
D008,2026-05-21,P001519,3115.55,37916.3
D008,2026-06-20,P001519,2785.15,46804.36
D008,2025-11-17,P001520,157.3,3075.99
D008,2025-12-24,P001520,476.5,7744.15
D008,2026-01-18,P001520,261.99,2554.08
D008,2026-02-02,P001520,137.28,2113.17
D008,2026-03-14,P001520,410.29,4345.06
D008,2026-04-12,P001520,155.37,2536.51
D008,2026-05-12,P001520,824.04,7141.79
D008,2026-06-27,P001520,286.78,3110.32
D008,2025-11-14,P001521,1020.78,8924.62
D008,2025-12-06,P001521,664.13,6536.33
D008,2026-01-18,P001521,251.01,4532.21
D008,2026-02-11,P001521,378.2,5064.37
D008,2026-03-20,P001521,416.07,6253.08
D008,2026-04-10,P001521,430.05,5630.09
D008,2026-05-24,P001521,820.74,7091.96
D008,2026-06-05,P001521,267.79,6350.74
D008,2025-11-19,P001522,949.79,15611.75
D008,2026-01-08,P001522,790.32,16487.44
D008,2026-02-18,P001522,1082.4,17996.75
D008,2026-03-22,P001522,339.57,7999.59
D008,2026-04-16,P001522,1578.63,20037.61
D008,2026-05-18,P001522,1912.4,15406.83
D008,2026-06-07,P001522,569.27,10184.81
D008,2025-12-18,P001523,215.16,5164.83
D008,2026-01-19,P001523,482.52,6517.17
D008,2026-02-04,P001523,554.56,6844.26
D008,2026-04-04,P001523,527.07,7480.0
D008,2026-05-13,P001523,148.13,3252.57
D008,2026-06-18,P001523,444.32,6463.01
D008,2025-11-27,P001524,419.24,10015.1
D008,2025-12-21,P001524,473.89,9775.15
D008,2026-03-14,P001524,916.66,9216.34
D008,2026-04-03,P001524,310.27,7298.91
D008,2026-06-10,P001524,850.66,11293.22
D008,2025-11-15,P001525,1886.33,31820.92
D008,2025-12-27,P001525,980.11,19096.77
D008,2026-01-05,P001525,4704.51,46473.23
D008,2026-02-13,P001525,1691.88,18969.38
D008,2026-03-09,P001525,3459.95,38504.4
D008,2026-04-07,P001525,6791.92,54648.24
D008,2026-05-21,P001525,1178.91,22875.45
D008,2026-06-13,P001525,2225.25,35322.39
D008,2025-11-05,P001526,244.66,5492.04
D008,2025-12-26,P001526,357.91,5645.01
D008,2026-01-13,P001526,604.85,6607.45
D008,2026-02-02,P001526,211.29,2943.94
D008,2026-03-01,P001526,208.54,4836.03
D008,2026-04-07,P001526,312.32,3750.09
D008,2026-05-27,P001526,470.19,3897.71
D008,2026-06-19,P001526,317.85,4567.67
D008,2025-11-03,P001527,928.05,9262.15
D008,2026-01-14,P001527,422.82,8244.97
D008,2026-02-03,P001527,1165.9,13067.37
D008,2026-03-13,P001527,597.13,14913.78
D008,2026-04-16,P001527,1602.8,18597.8
D008,2026-05-21,P001527,892.68,12878.86
D008,2025-11-22,P001528,1034.65,12601.89
D008,2025-12-08,P001528,1899.61,16528.07
D008,2026-01-22,P001528,944.61,8888.34
D008,2026-02-14,P001528,710.42,15604.11
D008,2026-03-06,P001528,1220.95,14331.53
D008,2026-04-10,P001528,220.58,5384.59
D008,2026-05-05,P001528,613.32,9005.78
D008,2026-06-27,P001528,1308.19,10773.72
D008,2025-11-12,P001529,173.94,2907.64
D008,2026-01-22,P001529,35.19,857.99
D008,2026-02-07,P001529,140.06,2809.1
D008,2026-03-10,P001529,72.96,1722.51
D008,2026-04-07,P001529,128.06,1807.09
D008,2026-05-16,P001529,71.22,1694.04
D008,2026-06-13,P001529,177.47,1616.54
D008,2025-11-24,P001530,140.6,1331.22
D008,2025-12-05,P001530,192.03,1860.27
D008,2026-01-10,P001530,65.55,1494.18
D008,2026-02-19,P001530,257.08,2746.69
D008,2026-03-24,P001530,109.36,1503.09
D008,2026-04-05,P001530,99.36,1397.92
D008,2026-05-06,P001530,263.41,2608.37
D008,2026-06-15,P001530,135.48,1421.21
D008,2025-11-13,P001531,5301.09,55816.26
D008,2025-12-27,P001531,3214.85,30877.04
D008,2026-01-06,P001531,1835.01,37769.71
D008,2026-02-02,P001531,645.84,9514.67
D008,2026-03-02,P001531,1516.44,37024.15
D008,2026-04-11,P001531,2038.41,35539.05
D008,2026-05-08,P001531,3320.76,44332.41
D008,2026-06-06,P001531,2239.97,39796.21
D008,2025-11-11,P001532,0.0,0.0
D008,2025-12-13,P001532,181.85,2565.28
D008,2026-02-06,P001532,116.83,2836.68
D008,2026-03-11,P001532,96.43,2173.63
D008,2026-05-07,P001532,138.33,2418.06
D008,2026-06-05,P001532,147.57,1530.01
D008,2025-11-16,P001533,7723.88,116373.3
D008,2025-12-23,P001533,12106.2,109645.41
D008,2026-01-15,P001533,9570.67,98667.52
D008,2026-02-10,P001533,8189.98,88438.06
D008,2026-03-03,P001533,5371.4,60862.75
D008,2026-05-02,P001533,3830.38,92984.46
D008,2026-06-13,P001533,3724.56,85447.29
D008,2025-11-24,P001534,153.86,3765.07
D008,2025-12-12,P001534,639.54,6339.35
D008,2026-02-19,P001534,236.79,5054.03
D008,2026-03-15,P001534,334.47,8261.99
D008,2026-04-03,P001534,413.2,4750.96
D008,2026-05-13,P001534,292.36,5591.87
D008,2026-06-17,P001534,441.47,5947.51
D008,2025-11-08,P001535,2907.74,63413.1
D008,2025-12-12,P001535,2282.93,34783.31
D008,2026-01-01,P001535,3571.94,46807.64
D008,2026-02-20,P001535,1579.24,35835.17
D008,2026-03-20,P001535,2979.15,34324.0
D008,2026-04-24,P001535,2925.55,34885.01
D008,2026-05-02,P001535,3605.64,43885.6
D008,2026-06-11,P001535,1940.32,29760.79
D008,2025-11-03,P001536,416.88,6614.18
D008,2025-12-26,P001536,667.68,11293.55
D008,2026-01-09,P001536,323.66,5694.9
D008,2026-02-10,P001536,476.83,9588.31
D008,2026-03-18,P001536,229.05,4729.72
D008,2026-04-01,P001536,551.5,7364.53
D008,2026-05-02,P001536,418.44,10120.85
D008,2025-11-11,P001537,5012.5,119879.62
D008,2025-12-22,P001537,9656.86,108942.93
D008,2026-01-12,P001537,5083.42,80069.31
D008,2026-02-23,P001537,2377.99,54253.56
D008,2026-03-04,P001537,4177.1,102935.66
D008,2026-04-25,P001537,2827.94,52776.03
D008,2026-05-16,P001537,8364.05,109656.83
D008,2026-06-13,P001537,7730.13,104611.32
D008,2025-11-07,P001538,978.36,11756.3
D008,2025-12-06,P001538,852.42,13647.07
D008,2026-02-14,P001538,481.76,10942.59
D008,2026-03-13,P001538,678.26,13311.95
D008,2026-04-20,P001538,416.32,9756.92
D008,2026-05-10,P001538,806.41,9328.73
D008,2026-06-10,P001538,918.31,11721.27
D008,2025-11-23,P001539,971.36,9225.9
D008,2025-12-21,P001539,528.92,13163.72
D008,2026-01-10,P001539,1055.82,13849.74
D008,2026-02-26,P001539,789.48,12949.37
D008,2026-03-03,P001539,704.46,9535.79
D008,2026-04-24,P001539,466.24,11604.79
D008,2026-05-20,P001539,809.14,11537.1
D008,2026-06-27,P001539,1149.63,15870.2
D008,2025-11-07,P001540,1685.69,38245.88
D008,2025-12-19,P001540,2487.13,30841.44
D008,2026-01-22,P001540,4387.81,47801.94
D008,2026-02-11,P001540,1580.48,22431.69
D008,2026-04-20,P001540,2399.37,40425.31
D008,2026-05-25,P001540,2677.1,40382.63
D008,2026-06-24,P001540,1537.71,35153.21
D008,2025-11-16,P001541,729.61,9217.09
D008,2025-12-09,P001541,374.84,8314.4
D008,2026-01-15,P001541,254.86,6241.74
D008,2026-02-21,P001541,339.08,7513.56
D008,2026-03-25,P001541,490.65,10459.99
D008,2026-04-05,P001541,231.2,3122.9
D008,2026-05-13,P001541,676.84,6699.46
D008,2026-06-21,P001541,374.29,6273.94
D008,2025-11-09,P001542,243.61,4049.23
D008,2025-12-23,P001542,785.09,11508.33
D008,2026-01-22,P001542,534.21,5755.72
D008,2026-02-14,P001542,327.27,7199.31
D008,2026-03-27,P001542,498.41,6998.17
D008,2026-04-27,P001542,411.46,9341.35
D008,2026-05-27,P001542,391.76,9001.05
D008,2026-06-18,P001542,281.97,5767.05
D008,2025-11-17,P001543,564.79,13374.79
D008,2025-12-20,P001543,1837.13,17363.32
D008,2026-01-04,P001543,897.36,9450.66
D008,2026-02-09,P001543,707.06,5790.02
D008,2026-03-20,P001543,391.89,9709.95
D008,2026-04-18,P001543,692.02,7763.96
D008,2026-05-08,P001543,604.17,13506.62
D008,2026-06-14,P001543,1092.85,11749.83
D008,2025-11-16,P001544,184.29,3224.95
D008,2025-12-24,P001544,193.85,2593.38
D008,2026-01-04,P001544,166.37,2539.51
D008,2026-02-07,P001544,203.58,3303.06
D008,2026-03-04,P001544,147.9,3279.95
D008,2026-04-24,P001544,160.5,3458.33
D008,2026-05-10,P001544,150.43,3685.94
D008,2026-06-14,P001544,155.81,2321.87
D008,2025-12-08,P001545,345.08,8031.98
D008,2026-01-09,P001545,431.01,5355.02
D008,2026-02-20,P001545,919.32,7671.1
D008,2026-03-26,P001545,459.02,4845.44
D008,2026-06-22,P001545,274.84,4459.25
D008,2025-12-18,P001546,217.83,4554.33
D008,2026-01-07,P001546,196.76,4463.81
D008,2026-03-19,P001546,434.67,5235.58
D008,2026-04-22,P001546,290.77,6710.13
D008,2026-05-01,P001546,171.49,3178.96
D008,2026-06-09,P001546,235.84,4044.6
D008,2025-11-17,P001547,2479.0,27572.06
D008,2025-12-20,P001547,807.26,19862.44
D008,2026-02-08,P001547,2018.51,24655.3
D008,2026-03-20,P001547,1014.86,24322.65
D008,2026-04-01,P001547,400.96,9281.83
D008,2026-05-08,P001547,1045.77,20940.35
D008,2026-06-08,P001547,2008.93,33494.6
D008,2025-11-15,P001548,343.0,6967.15
D008,2025-12-23,P001548,548.72,7461.34
D008,2026-01-17,P001548,641.11,10240.84
D008,2026-02-26,P001548,317.78,7635.92
D008,2026-03-05,P001548,375.21,7969.14
D008,2026-04-08,P001548,405.69,7033.16
D008,2026-05-13,P001548,612.36,8947.85
D008,2026-06-17,P001548,294.56,7302.0
D008,2025-12-14,P001549,275.78,5586.35
D008,2026-01-17,P001549,582.75,10270.09
D008,2026-02-25,P001549,599.03,6964.08
D008,2026-03-09,P001549,977.31,17466.49
D008,2026-04-08,P001549,675.93,11014.47
D008,2026-05-05,P001549,563.46,12758.95
D008,2026-06-20,P001549,720.55,16330.19
D008,2025-11-16,P001550,202.75,3823.88
D008,2025-12-26,P001550,364.48,4119.4
D008,2026-01-19,P001550,543.54,11619.84
D008,2026-02-27,P001550,262.16,6101.77
D008,2026-03-22,P001550,447.01,5442.06
D008,2026-04-04,P001550,517.36,4603.62
D008,2026-05-11,P001550,534.81,10563.05
D008,2026-06-21,P001550,356.61,6593.18
D008,2025-11-17,P001551,427.64,9778.0
D008,2025-12-02,P001551,671.32,14136.7
D008,2026-01-21,P001551,512.79,10312.9
D008,2026-02-04,P001551,196.42,3801.01
D008,2026-03-25,P001551,1036.72,12665.33
D008,2026-04-17,P001551,1356.05,15679.71
D008,2026-05-10,P001551,592.45,12947.0
D008,2026-06-13,P001551,831.89,14960.9
D008,2025-11-07,P001552,169.23,3854.04
D008,2025-12-13,P001552,202.34,4584.39
D008,2026-02-19,P001552,738.85,6250.61
D008,2026-03-09,P001552,412.81,7294.67
D008,2026-04-16,P001552,169.98,4174.81
D008,2026-06-08,P001552,428.21,7757.12
D008,2025-11-19,P001553,809.92,7794.33
D008,2025-12-13,P001553,350.77,8280.97
D008,2026-01-02,P001553,576.76,9914.41
D008,2026-02-05,P001553,587.19,8983.01
D008,2026-03-16,P001553,521.41,7377.09
D008,2026-04-04,P001553,453.76,9158.58
D008,2025-11-14,P001554,271.19,2256.48
D008,2025-12-23,P001554,315.12,4543.44
D008,2026-01-27,P001554,219.27,2965.48
D008,2026-02-26,P001554,289.41,4916.34
D008,2026-03-07,P001554,121.83,1122.47
D008,2026-04-15,P001554,234.23,3017.98
D008,2026-05-25,P001554,229.14,4617.71
D008,2026-06-17,P001554,348.41,3666.79
D008,2025-11-04,P001555,482.04,4536.66
D008,2025-12-21,P001555,581.62,6012.88
D008,2026-01-23,P001555,324.64,6171.65
D008,2026-02-01,P001555,41.15,468.26
D008,2026-03-21,P001555,191.91,4251.01
D008,2026-04-10,P001555,478.82,6863.83
D008,2026-05-03,P001555,522.75,5584.4
D008,2026-06-25,P001555,176.46,3848.26
D008,2025-11-18,P001556,878.73,18601.76
D008,2025-12-26,P001556,855.94,11279.83
D008,2026-02-12,P001556,769.32,17767.43
D008,2026-03-03,P001556,726.81,12968.67
D008,2026-04-25,P001556,959.6,14473.54
D008,2026-06-13,P001556,569.88,6594.6
D008,2025-11-11,P001557,475.17,11442.61
D008,2025-12-27,P001557,504.71,9432.59
D008,2026-01-11,P001557,486.59,8494.57
D008,2026-02-19,P001557,172.7,3173.55
D008,2026-03-01,P001557,318.59,6876.29
D008,2026-04-24,P001557,383.32,8760.79
D008,2026-05-20,P001557,1077.05,9781.14
D008,2026-06-20,P001557,597.66,9884.13
D008,2025-11-02,P001558,133.75,2321.15
D008,2025-12-20,P001558,50.03,1238.58
D008,2026-01-22,P001558,233.92,3137.84
D008,2026-02-21,P001558,87.94,1557.58
D008,2026-03-12,P001558,129.38,1560.59
D008,2026-04-08,P001558,312.06,3389.59
D008,2026-05-25,P001558,137.33,1520.45
D008,2026-06-10,P001558,96.25,1553.27
D008,2025-11-17,P001559,1692.07,37786.05
D008,2026-01-02,P001559,1451.81,25660.83
D008,2026-02-17,P001559,2718.94,49069.3
D008,2026-03-08,P001559,4455.99,51915.02
D008,2026-04-19,P001559,1245.53,29880.1
D008,2026-05-18,P001559,1500.25,32887.77
D008,2026-06-14,P001559,2379.41,38912.21
D008,2025-11-08,P001560,532.67,12184.58
D008,2025-12-12,P001560,912.31,7684.35
D008,2026-01-19,P001560,504.22,6976.22
D008,2026-02-12,P001560,904.09,9805.75
D008,2026-03-17,P001560,289.54,6620.51
D008,2026-04-05,P001560,701.89,7686.86
D008,2026-05-05,P001560,322.28,5899.58
D008,2025-11-19,P001561,4063.95,75369.12
D008,2025-12-18,P001561,6397.61,101615.93
D008,2026-01-12,P001561,5392.03,115315.33
D008,2026-02-11,P001561,5367.77,103641.66
D008,2026-05-13,P001561,2552.97,57678.07
D008,2026-06-27,P001561,6852.81,61143.54
D008,2025-11-26,P001562,493.33,9724.53
D008,2025-12-05,P001562,610.71,11051.11
D008,2026-01-14,P001562,501.46,7029.34
D008,2026-03-26,P001562,347.12,6209.75
D008,2026-04-02,P001562,467.93,10859.25
D008,2026-06-18,P001562,444.62,9351.18
D008,2025-12-15,P001563,2494.92,30836.42
D008,2026-01-24,P001563,1428.3,21654.64
D008,2026-02-13,P001563,2282.79,21273.28
D008,2026-03-27,P001563,3196.0,35009.05
D008,2026-04-22,P001563,1722.29,34038.41
D008,2026-06-02,P001563,1600.23,32708.51
D008,2025-11-19,P001564,4162.75,50949.86
D008,2025-12-10,P001564,3452.39,67257.58
D008,2026-03-14,P001564,4462.11,74480.97
D008,2026-04-25,P001564,1810.04,22626.35
D008,2026-05-25,P001564,3614.53,58569.96
D008,2026-06-16,P001564,4449.33,57252.29
D008,2026-01-16,P001565,507.49,12034.91
D008,2026-02-25,P001565,1065.63,11878.98
D008,2026-03-10,P001565,1021.04,12337.58
D008,2026-04-22,P001565,889.22,13741.45
D008,2026-05-08,P001565,953.18,9572.01
D008,2026-06-04,P001565,415.06,6905.36
D008,2025-12-21,P001566,297.38,5177.94
D008,2026-01-26,P001566,364.26,4344.85
D008,2026-03-21,P001566,775.34,6505.27
D008,2026-04-17,P001566,601.31,5630.83
D008,2026-05-27,P001566,366.62,8138.18
D008,2026-06-20,P001566,461.1,7109.9
D008,2025-11-23,P001567,84.33,1635.83
D008,2026-01-18,P001567,410.26,4363.57
D008,2026-02-04,P001567,251.07,3680.98
D008,2026-03-27,P001567,288.09,3577.83
D008,2026-04-16,P001567,241.52,2358.7
D008,2026-06-09,P001567,654.01,6013.16
D008,2025-11-21,P001568,296.1,6605.69
D008,2025-12-15,P001568,359.48,5146.36
D008,2026-01-24,P001568,416.45,9563.03
D008,2026-02-17,P001568,376.35,5327.29
D008,2026-04-21,P001568,339.32,7124.7
D008,2026-05-07,P001568,356.62,7171.5
D008,2026-06-23,P001568,270.09,4696.94
D008,2025-11-24,P001569,237.8,3132.65
D008,2025-12-15,P001569,272.4,4049.43
D008,2026-01-13,P001569,342.85,6474.36
D008,2026-03-06,P001569,457.6,4329.28
D008,2026-04-21,P001569,212.57,5037.74
D008,2026-05-27,P001569,315.42,5314.91
D008,2026-06-15,P001569,344.31,3187.28
D008,2025-11-09,P001570,2826.73,63315.5
D008,2025-12-08,P001570,4384.09,58449.9
D008,2026-01-02,P001570,3649.24,38152.56
D008,2026-02-16,P001570,2166.26,45347.05
D008,2026-03-27,P001570,3498.86,52844.85
D008,2026-04-04,P001570,4698.19,67447.03
D008,2026-05-27,P001570,4238.42,75928.07
D008,2025-11-07,P001571,1061.21,12247.16
D008,2025-12-22,P001571,478.24,8705.42
D008,2026-01-24,P001571,1259.31,11747.47
D008,2026-02-20,P001571,160.56,3555.13
D008,2026-03-17,P001571,449.38,8812.48
D008,2026-05-18,P001571,717.94,13178.65
D008,2026-06-11,P001571,422.51,9842.13
D008,2025-11-05,P001572,1888.23,26764.21
D008,2025-12-19,P001572,1857.08,28436.16
D008,2026-01-21,P001572,2393.85,43366.14
D008,2026-02-22,P001572,2023.69,39358.35
D008,2026-03-03,P001572,1693.14,40107.29
D008,2026-05-02,P001572,1682.38,17240.87
D008,2026-06-09,P001572,3016.7,39626.4
D008,2025-12-25,P001573,2289.27,55042.51
D008,2026-01-18,P001573,7767.72,99719.95
D008,2026-02-05,P001573,4980.7,76240.84
D008,2026-04-07,P001573,6915.8,97029.56
D008,2026-05-08,P001573,6120.83,93672.18
D008,2025-11-16,P001574,2798.44,51790.95
D008,2025-12-15,P001574,2649.24,58774.97
D008,2026-01-25,P001574,7627.94,61794.92
D008,2026-02-14,P001574,2370.01,58865.51
D008,2026-03-24,P001574,2796.21,50017.39
D008,2026-04-24,P001574,5564.64,83413.34
D008,2026-06-07,P001574,2453.67,45978.36
D008,2025-11-17,P001575,294.36,4121.47
D008,2025-12-10,P001575,209.58,4423.67
D008,2026-01-11,P001575,336.02,3615.0
D008,2026-02-25,P001575,359.99,4014.28
D008,2026-04-26,P001575,304.77,5677.31
D008,2026-05-23,P001575,257.41,4650.2
D008,2026-06-20,P001575,352.81,5152.0
D008,2025-11-26,P001576,2687.28,22752.53
D008,2025-12-10,P001576,2890.05,38344.97
D008,2026-01-21,P001576,1977.28,32797.48
D008,2026-02-20,P001576,3045.7,39447.86
D008,2026-04-12,P001576,2906.94,43453.66
D008,2026-05-14,P001576,4211.77,50802.09
D008,2026-06-21,P001576,2198.74,43783.86
D008,2025-11-27,P001577,785.46,13107.22
D008,2025-12-09,P001577,811.7,13492.26
D008,2026-01-13,P001577,1630.3,16110.4
D008,2026-02-21,P001577,1308.57,12683.39
D008,2026-03-03,P001577,1066.92,12573.97
D008,2026-04-19,P001577,809.86,10679.51
D008,2026-05-17,P001577,1260.12,19519.18
D008,2026-06-11,P001577,995.12,24516.12
D008,2025-11-19,P001578,946.07,12260.47
D008,2025-12-01,P001578,454.27,10626.32
D008,2026-01-27,P001578,584.68,11658.6
D008,2026-02-23,P001578,414.52,10141.33
D008,2026-03-15,P001578,591.55,10855.09
D008,2026-04-05,P001578,404.64,10101.88
D008,2026-05-02,P001578,1081.12,10083.95
D008,2026-01-10,P001579,752.66,9284.62
D008,2026-02-27,P001579,261.15,6460.67
D008,2026-03-14,P001579,462.04,9936.61
D008,2026-05-13,P001579,820.36,8792.95
D008,2026-06-11,P001579,902.19,10390.96
D008,2025-11-11,P001580,303.43,6803.0
D008,2025-12-06,P001580,402.17,3433.15
D008,2026-01-26,P001580,874.05,7276.26
D008,2026-02-14,P001580,309.52,5003.37
D008,2026-03-20,P001580,163.4,3040.11
D008,2026-04-22,P001580,380.09,3955.7
D008,2026-05-20,P001580,303.41,5353.59
D008,2026-06-25,P001580,145.65,3035.78
D008,2025-11-05,P001581,506.94,8633.86
D008,2025-12-15,P001581,540.62,6760.67
D008,2026-02-26,P001581,364.97,6611.29
D008,2026-03-09,P001581,416.94,3871.0
D008,2026-04-24,P001581,518.95,5481.34
D008,2026-05-02,P001581,508.93,6365.7
D008,2026-06-22,P001581,823.64,9989.9
D008,2025-12-08,P001582,167.9,4101.74
D008,2026-01-19,P001582,230.62,4835.7
D008,2026-02-06,P001582,711.92,7244.07
D008,2026-03-24,P001582,374.82,7877.9
D008,2026-05-22,P001582,223.35,2686.11
D008,2026-06-03,P001582,245.09,2437.66
D008,2025-11-05,P001583,346.57,5777.39
D008,2025-12-09,P001583,636.39,9866.75
D008,2026-01-18,P001583,505.52,10672.06
D008,2026-02-27,P001583,484.27,10846.44
D008,2026-03-03,P001583,412.41,7853.1
D008,2026-04-25,P001583,648.3,14135.3
D008,2026-05-20,P001583,498.33,12113.75
D008,2026-06-20,P001583,351.27,6682.4
D009,2025-11-15,P001584,234.35,3350.72
D009,2026-01-21,P001584,422.26,7648.0
D009,2026-02-10,P001584,304.83,3220.14
D009,2026-03-03,P001584,161.74,3914.58
D009,2026-04-10,P001584,193.35,3628.08
D009,2026-05-12,P001584,619.5,5158.29
D009,2025-11-25,P001585,2276.75,41705.28
D009,2025-12-19,P001585,2541.67,28440.76
D009,2026-01-03,P001585,2259.67,43408.67
D009,2026-02-23,P001585,2742.0,31384.13
D009,2026-05-04,P001585,1358.27,31209.24
D009,2026-06-10,P001585,1117.73,23038.5
D009,2026-01-01,P001586,515.16,11965.68
D009,2026-02-04,P001586,1972.7,41851.82
D009,2026-03-07,P001586,1401.79,31055.76
D009,2026-04-06,P001586,1419.33,30779.5
D009,2026-05-17,P001586,1634.51,25035.42
D009,2025-11-08,P001587,2369.42,39125.23
D009,2025-12-06,P001587,2711.4,50629.46
D009,2026-01-22,P001587,2378.93,40663.66
D009,2026-02-16,P001587,1039.3,23891.79
D009,2026-03-21,P001587,7779.77,75646.08
D009,2026-04-25,P001587,4292.18,63505.8
D009,2026-05-14,P001587,4106.06,41516.32
D009,2026-06-07,P001587,2595.58,36854.76
D009,2025-11-14,P001588,249.29,3170.62
D009,2025-12-25,P001588,246.48,5131.86
D009,2026-02-06,P001588,178.05,2347.97
D009,2026-03-24,P001588,355.1,3729.96
D009,2026-04-12,P001588,70.47,1318.96
D009,2026-05-07,P001588,126.85,2708.07
D009,2026-06-07,P001588,215.77,3355.07
D009,2025-11-09,P001589,855.15,12215.3
D009,2025-12-16,P001589,1314.48,13117.63
D009,2026-01-25,P001589,881.53,17622.87
D009,2026-02-05,P001589,1383.96,12658.3
D009,2026-03-01,P001589,479.29,9990.56
D009,2026-04-09,P001589,1073.95,15752.51
D009,2026-05-16,P001589,517.66,11105.1
D009,2026-06-07,P001589,873.23,9422.8
D009,2025-11-17,P001590,6191.12,86030.57
D009,2025-12-24,P001590,4741.65,118265.65
D009,2026-02-04,P001590,4300.93,106513.97
D009,2026-03-15,P001590,7246.25,109649.36
D009,2026-04-15,P001590,4308.94,67437.4
D009,2026-05-18,P001590,11782.76,94918.21
D009,2026-06-07,P001590,2991.49,62927.39
D009,2025-11-04,P001591,155.01,3407.71
D009,2025-12-23,P001591,166.7,3988.0
D009,2026-01-06,P001591,497.5,7411.1
D009,2026-02-17,P001591,204.17,4504.79
D009,2026-03-22,P001591,466.95,7957.56
D009,2026-04-27,P001591,499.04,6843.19
D009,2026-05-10,P001591,358.61,6110.2
D009,2025-11-08,P001592,521.59,9336.84
D009,2026-01-07,P001592,656.45,5297.77
D009,2026-02-13,P001592,905.76,10350.6
D009,2026-03-24,P001592,574.36,11788.86
D009,2026-04-24,P001592,225.7,5344.46
D009,2026-06-18,P001592,598.46,10789.12
D009,2025-12-17,P001593,613.38,14064.12
D009,2026-01-05,P001593,535.77,10175.54
D009,2026-02-02,P001593,673.76,11983.46
D009,2026-03-10,P001593,882.36,9476.09
D009,2026-04-03,P001593,382.67,5696.19
D009,2026-06-11,P001593,328.42,7048.51
D009,2025-11-07,P001594,5322.23,42974.84
D009,2025-12-26,P001594,1993.71,47158.62
D009,2026-02-20,P001594,3738.48,56006.72
D009,2026-03-15,P001594,4158.99,67011.96
D009,2026-04-21,P001594,2224.24,40730.98
D009,2026-05-05,P001594,2070.41,43864.08
D009,2026-06-10,P001594,2245.03,40141.91
D009,2025-11-12,P001595,605.64,11783.72
D009,2026-01-07,P001595,866.72,13065.22
D009,2026-02-15,P001595,469.75,9453.7
D009,2026-03-23,P001595,867.27,17334.58
D009,2026-04-10,P001595,524.81,9308.11
D009,2026-05-09,P001595,703.96,7496.17
D009,2026-06-11,P001595,720.35,9914.89
D009,2025-11-05,P001596,394.13,6333.64
D009,2025-12-09,P001596,455.09,9948.97
D009,2026-01-03,P001596,693.81,10672.8
D009,2026-02-15,P001596,875.76,8974.7
D009,2026-04-11,P001596,215.5,3918.36
D009,2026-05-14,P001596,308.16,3367.22
D009,2026-06-06,P001596,985.59,8262.52
D009,2025-11-20,P001597,1038.88,16996.51
D009,2025-12-24,P001597,947.49,20753.44
D009,2026-01-06,P001597,427.6,9186.68
D009,2026-02-20,P001597,833.45,18747.4
D009,2026-03-23,P001597,778.97,11585.22
D009,2026-05-17,P001597,830.64,12545.09
D009,2026-06-21,P001597,1050.83,13777.16
D009,2025-11-24,P001598,161.98,4043.08
D009,2026-01-10,P001598,412.48,6652.41
D009,2026-03-27,P001598,162.22,3931.07
D009,2026-04-21,P001598,299.14,4394.43
D009,2026-05-12,P001598,310.59,3158.94
D009,2026-06-16,P001598,334.99,7388.35
D009,2025-11-10,P001599,5032.8,64880.75
D009,2025-12-03,P001599,4114.24,61393.89
D009,2026-02-19,P001599,2366.54,49140.59
D009,2026-03-01,P001599,2266.07,42359.1
D009,2026-04-18,P001599,1670.53,41597.84
D009,2026-05-24,P001599,4178.52,64037.76
D009,2026-06-05,P001599,1171.82,28445.35
D009,2025-11-26,P001600,378.17,5922.69
D009,2025-12-18,P001600,419.39,6707.63
D009,2026-01-05,P001600,286.21,4816.38
D009,2026-03-05,P001600,293.12,3893.98
D009,2026-04-20,P001600,325.04,5049.65
D009,2026-05-05,P001600,346.61,4814.89
D009,2026-06-15,P001600,237.63,2283.75
D009,2025-11-14,P001601,842.13,10505.13
D009,2026-01-17,P001601,524.55,9622.21
D009,2026-02-24,P001601,1757.17,16485.16
D009,2026-03-22,P001601,293.89,7259.26
D009,2026-04-20,P001601,353.42,7772.51
D009,2026-05-13,P001601,837.66,10761.29
D009,2026-06-27,P001601,493.19,11428.85
D009,2025-11-20,P001602,129.54,2933.85
D009,2025-12-03,P001602,225.69,2864.79
D009,2026-02-23,P001602,255.61,2491.67
D009,2026-03-03,P001602,129.94,2768.81
D009,2026-04-12,P001602,86.91,1747.64
D009,2026-05-05,P001602,169.67,3205.65
D009,2026-06-06,P001602,258.23,2793.01
D009,2025-11-14,P001603,215.76,4360.23
D009,2025-12-22,P001603,128.24,1931.42
D009,2026-02-07,P001603,259.61,6115.78
D009,2026-03-26,P001603,334.98,6177.71
D009,2026-04-15,P001603,256.63,2909.49
D009,2026-05-15,P001603,217.02,3715.12
D009,2026-06-18,P001603,813.9,7411.96
D009,2025-11-23,P001604,1021.57,10394.6
D009,2025-12-14,P001604,553.14,9910.33
D009,2026-01-26,P001604,141.76,2877.79
D009,2026-02-08,P001604,791.26,12423.17
D009,2026-03-17,P001604,1004.03,16767.52
D009,2026-04-12,P001604,875.93,13904.12
D009,2026-05-17,P001604,604.32,12859.53
D009,2026-06-01,P001604,1274.99,19442.29
D009,2025-11-14,P001605,869.51,14266.76
D009,2025-12-14,P001605,642.29,15912.07
D009,2026-01-17,P001605,1133.41,15475.27
D009,2026-02-16,P001605,720.4,12045.72
D009,2026-03-27,P001605,654.14,12223.69
D009,2026-04-25,P001605,989.91,8212.51
D009,2026-05-15,P001605,743.54,16511.28
D009,2026-06-08,P001605,1705.76,15722.23
D009,2025-11-19,P001606,182.99,3205.02
D009,2025-12-05,P001606,209.51,4221.15
D009,2026-01-07,P001606,175.41,3498.99
D009,2026-02-15,P001606,293.92,3611.54
D009,2026-03-04,P001606,228.18,3411.09
D009,2026-04-04,P001606,194.21,2556.34
D009,2026-05-05,P001606,197.87,4151.82
D009,2026-06-23,P001606,531.08,5385.2
D009,2025-11-24,P001607,227.09,5372.38
D009,2025-12-16,P001607,331.33,7671.66
D009,2026-01-12,P001607,233.66,5470.48
D009,2026-02-03,P001607,566.91,6175.82
D009,2026-03-17,P001607,462.86,5375.23
D009,2026-04-11,P001607,338.32,6620.9
D009,2026-05-08,P001607,318.26,6302.48
D009,2026-06-04,P001607,295.86,7127.95
D009,2025-11-21,P001608,125.4,2605.15
D009,2025-12-01,P001608,140.42,3224.92
D009,2026-01-27,P001608,307.89,4194.69
D009,2026-02-26,P001608,143.75,3480.94
D009,2026-03-15,P001608,207.55,3638.96
D009,2026-04-20,P001608,150.23,2543.58
D009,2026-05-14,P001608,177.84,2181.55
D009,2026-06-09,P001608,371.39,3717.76
D009,2025-11-18,P001609,241.19,3394.13
D009,2025-12-10,P001609,320.42,4223.15
D009,2026-02-13,P001609,323.76,6698.89
D009,2026-03-27,P001609,227.74,4885.76
D009,2026-04-08,P001609,396.85,3438.22
D009,2025-11-11,P001610,3768.55,72526.79
D009,2025-12-17,P001610,5519.1,83195.84
D009,2026-01-20,P001610,16972.71,138035.14
D009,2026-02-01,P001610,3238.18,64837.3
D009,2026-03-17,P001610,3952.6,50730.45
D009,2026-04-17,P001610,4348.92,66087.75
D009,2026-06-13,P001610,7726.42,118202.14
D009,2025-11-04,P001611,1807.42,28477.21
D009,2025-12-20,P001611,1450.48,21393.78
D009,2026-01-01,P001611,1413.85,25557.54
D009,2026-02-09,P001611,1127.22,20283.7
D009,2026-03-01,P001611,1660.61,30900.05
D009,2026-04-06,P001611,2000.89,31575.8
D009,2026-05-12,P001611,2034.62,17690.28
D009,2026-06-11,P001611,996.29,23449.18
D009,2025-11-02,P001612,5624.02,81482.17
D009,2025-12-13,P001612,4581.28,49844.41
D009,2026-01-18,P001612,4971.48,83834.4
D009,2026-02-17,P001612,2143.98,40978.63
D009,2026-04-02,P001612,3498.48,61869.11
D009,2026-05-06,P001612,2262.67,48841.14
D009,2026-06-05,P001612,3004.57,73247.43
D009,2025-11-06,P001613,167.57,2711.96
D009,2025-12-25,P001613,123.93,2755.58
D009,2026-02-02,P001613,108.61,2109.27
D009,2026-04-20,P001613,326.74,3627.35
D009,2026-05-06,P001613,80.84,1647.87
D009,2026-06-27,P001613,135.87,2704.01
D009,2025-11-06,P001614,223.83,2906.35
D009,2025-12-18,P001614,117.1,1414.82
D009,2026-01-15,P001614,173.16,2799.27
D009,2026-02-06,P001614,106.91,2370.53
D009,2026-03-20,P001614,258.11,3364.87
D009,2026-04-03,P001614,139.22,1909.63
D009,2026-05-08,P001614,171.21,2761.01
D009,2026-06-12,P001614,120.42,2411.36
D009,2025-11-23,P001615,3349.22,51266.8
D009,2025-12-17,P001615,1571.76,26527.74
D009,2026-01-06,P001615,2440.33,49236.5
D009,2026-02-02,P001615,3036.11,31136.73
D009,2026-03-23,P001615,4649.5,66659.31
D009,2026-04-03,P001615,2830.3,31781.04
D009,2026-05-17,P001615,2504.16,53017.99
D009,2025-11-19,P001616,1952.19,43638.67
D009,2025-12-22,P001616,1113.83,23207.97
D009,2026-02-18,P001616,2678.22,28898.37
D009,2026-03-16,P001616,1171.59,22368.79
D009,2026-04-06,P001616,988.1,21465.23
D009,2026-05-20,P001616,1491.86,25757.78
D009,2026-06-01,P001616,4232.09,45827.11
D009,2025-11-06,P001617,676.24,8029.82
D009,2025-12-07,P001617,200.45,4696.57
D009,2026-01-15,P001617,413.2,7166.56
D009,2026-02-14,P001617,264.34,6418.13
D009,2026-03-03,P001617,552.18,6098.06
D009,2026-04-05,P001617,409.98,3636.3
D009,2026-05-25,P001617,373.76,5590.59
D009,2026-06-12,P001617,409.82,5975.67
D009,2025-11-10,P001618,3501.76,42654.15
D009,2025-12-11,P001618,3618.91,49254.82
D009,2026-01-08,P001618,1907.5,31069.9
D009,2026-02-12,P001618,1432.61,32160.41
D009,2026-03-20,P001618,2070.53,46832.85
D009,2026-04-23,P001618,3081.53,55584.96
D009,2026-05-22,P001618,3416.46,37963.87
D009,2026-06-14,P001618,3123.91,37708.39
D009,2025-12-14,P001619,1521.99,18181.91
D009,2026-01-17,P001619,1636.49,21550.49
D009,2026-03-21,P001619,1608.34,27421.95
D009,2026-04-17,P001619,1219.45,29961.37
D009,2026-05-13,P001619,2736.87,46155.25
D009,2026-06-03,P001619,1652.14,24086.32
D009,2025-11-15,P001620,292.22,7110.31
D009,2026-01-22,P001620,251.48,6207.09
D009,2026-02-26,P001620,1040.15,10014.83
D009,2026-03-22,P001620,412.3,8783.33
D009,2026-04-23,P001620,971.61,13330.81
D009,2026-05-27,P001620,459.07,5696.24
D009,2026-06-12,P001620,327.53,7783.82
D009,2025-11-04,P001621,324.97,7154.02
D009,2025-12-09,P001621,361.3,4900.56
D009,2026-01-13,P001621,465.71,5881.3
D009,2026-02-27,P001621,180.17,3280.01
D009,2026-03-25,P001621,230.22,5620.4
D009,2026-04-15,P001621,222.6,5450.59
D009,2026-05-22,P001621,210.11,2734.1
D009,2026-06-09,P001621,542.6,5605.96
D009,2025-11-13,P001622,615.88,7416.52
D009,2025-12-22,P001622,570.35,11048.04
D009,2026-01-12,P001622,620.59,6873.96
D009,2026-02-09,P001622,360.91,7433.58
D009,2026-03-08,P001622,231.27,4276.98
D009,2026-04-18,P001622,552.93,10168.5
D009,2026-05-10,P001622,464.88,11156.04
D009,2026-06-25,P001622,923.32,11416.24
D009,2025-11-10,P001623,2821.54,27585.45
D009,2025-12-20,P001623,1560.68,38246.74
D009,2026-01-04,P001623,1254.86,28200.53
D009,2026-03-09,P001623,1339.52,29713.45
D009,2026-04-15,P001623,1482.81,32432.51
D009,2026-05-26,P001623,1405.14,21447.16
D009,2026-06-17,P001623,730.02,17666.81
D009,2025-11-23,P001624,840.95,17895.76
D009,2025-12-17,P001624,4494.2,39832.84
D009,2026-01-17,P001624,1600.3,30435.91
D009,2026-02-08,P001624,1767.26,40102.58
D009,2026-04-07,P001624,1812.11,33840.24
D009,2026-05-11,P001624,1780.15,18461.28
D009,2026-06-11,P001624,875.42,20849.94
D009,2025-11-11,P001625,482.54,6719.32
D009,2025-12-04,P001625,169.6,3538.66
D009,2026-01-18,P001625,315.63,5329.56
D009,2026-02-26,P001625,281.74,4243.21
D009,2026-03-25,P001625,222.76,4593.53
D009,2026-04-22,P001625,668.87,6330.34
D009,2026-05-24,P001625,329.4,5526.95
D009,2026-06-08,P001625,393.61,5557.95
D009,2025-11-23,P001626,330.48,8232.09
D009,2026-02-27,P001626,745.45,9268.41
D009,2026-03-11,P001626,986.85,8725.28
D009,2026-04-05,P001626,527.85,7664.45
D009,2026-06-19,P001626,456.69,8170.08
D009,2025-11-21,P001627,1504.27,32336.06
D009,2025-12-15,P001627,1747.97,39171.2
D009,2026-01-04,P001627,1404.16,34467.4
D009,2026-02-07,P001627,2670.36,33007.04
D009,2026-03-20,P001627,1808.91,37471.69
D009,2026-04-09,P001627,1643.57,27454.78
D009,2026-05-16,P001627,3035.52,32922.49
D009,2026-06-22,P001627,651.43,14244.46
D009,2025-11-20,P001628,190.15,3478.14
D009,2025-12-23,P001628,260.0,4580.51
D009,2026-01-20,P001628,457.7,7790.01
D009,2026-02-01,P001628,604.19,7986.03
D009,2026-03-03,P001628,404.54,5076.24
D009,2026-04-01,P001628,272.43,5709.6
D009,2026-05-24,P001628,255.49,4070.18
D009,2025-11-26,P001629,296.57,4673.42
D009,2025-12-08,P001629,461.62,4246.92
D009,2026-01-25,P001629,345.73,7851.67
D009,2026-02-18,P001629,306.65,6861.49
D009,2026-03-06,P001629,268.49,4144.6
D009,2026-04-23,P001629,312.04,4841.34
D009,2026-05-18,P001629,375.81,8116.91
D009,2025-11-01,P001630,252.56,5069.74
D009,2025-12-24,P001630,662.39,6977.24
D009,2026-01-09,P001630,337.09,4817.9
D009,2026-02-26,P001630,312.89,6577.59
D009,2026-03-17,P001630,402.52,4359.24
D009,2026-04-14,P001630,247.16,4218.12
D009,2026-05-16,P001630,295.55,3145.93
D009,2026-06-22,P001630,200.18,4153.25
D009,2025-11-01,P001631,907.11,17915.16
D009,2025-12-27,P001631,627.64,11671.62
D009,2026-02-13,P001631,560.62,12869.33
D009,2026-03-09,P001631,319.51,7692.81
D009,2026-04-25,P001631,300.74,6610.56
D009,2026-05-02,P001631,1114.68,15046.06
D009,2026-06-13,P001631,567.91,7001.14
D009,2025-12-27,P001632,865.38,11895.14
D009,2026-01-02,P001632,544.81,10711.63
D009,2026-03-27,P001632,976.03,12380.17
D009,2026-06-17,P001632,1058.91,14712.01
D009,2025-12-06,P001633,181.76,4021.9
D009,2026-01-08,P001633,577.52,6951.36
D009,2026-02-07,P001633,409.52,7031.24
D009,2026-03-11,P001633,342.59,6467.16
D009,2026-04-15,P001633,271.4,3285.37
D009,2026-05-24,P001633,482.51,6332.2
D009,2026-06-04,P001633,283.77,5881.82
D009,2025-11-04,P001634,587.53,7673.62
D009,2025-12-04,P001634,312.59,6809.59
D009,2026-01-16,P001634,612.59,13485.92
D009,2026-03-21,P001634,672.27,12003.99
D009,2026-04-22,P001634,657.74,13602.39
D009,2026-05-15,P001634,555.67,8802.99
D009,2026-06-23,P001634,997.22,12029.16
D009,2025-11-15,P001635,813.08,7308.28
D009,2025-12-18,P001635,549.12,7367.79
D009,2026-02-11,P001635,231.29,5521.25
D009,2026-03-16,P001635,631.65,6589.58
D009,2026-05-25,P001635,257.0,2783.53
D009,2026-06-09,P001635,329.12,4880.87
D009,2025-12-06,P001636,204.38,4461.36
D009,2026-01-15,P001636,269.68,5164.14
D009,2026-03-17,P001636,292.03,6601.31
D009,2026-05-27,P001636,330.78,7356.94
D009,2026-06-15,P001636,448.66,5206.73
D009,2025-11-05,P001637,1567.71,16987.38
D009,2025-12-02,P001637,708.88,16888.81
D009,2026-01-02,P001637,876.04,12660.49
D009,2026-02-27,P001637,1395.45,22286.61
D009,2026-03-04,P001637,1391.95,21665.0
D009,2026-04-08,P001637,753.94,14234.48
D009,2026-05-18,P001637,432.58,8465.5
D009,2026-06-12,P001637,2398.46,24009.68
D009,2025-11-18,P001638,777.3,13613.59
D009,2025-12-20,P001638,868.59,11004.84
D009,2026-01-15,P001638,676.45,8382.66
D009,2026-02-14,P001638,934.53,13058.22
D009,2026-05-18,P001638,378.95,8140.47
D009,2026-06-07,P001638,494.88,10697.34
D009,2025-11-16,P001639,1578.08,31973.96
D009,2025-12-14,P001639,1587.93,34794.95
D009,2026-01-12,P001639,2900.09,30123.05
D009,2026-02-12,P001639,2465.66,35726.5
D009,2026-05-12,P001639,3210.61,50360.38
D009,2026-06-17,P001639,2950.41,55831.04
D009,2025-11-12,P001640,2612.93,21475.39
D009,2025-12-25,P001640,1268.16,20408.55
D009,2026-01-23,P001640,2883.97,38113.24
D009,2026-02-27,P001640,652.22,11187.27
D009,2026-03-14,P001640,1715.29,20539.16
D009,2026-04-03,P001640,2354.79,35381.02
D009,2026-05-27,P001640,1431.07,13756.84
D009,2025-11-13,P001641,347.7,6020.28
D009,2026-01-18,P001641,556.01,7690.8
D009,2026-02-23,P001641,496.17,5461.86
D009,2026-03-26,P001641,439.32,7147.45
D009,2026-06-02,P001641,275.6,6704.99
D009,2025-11-07,P001642,193.65,4085.37
D009,2025-12-10,P001642,238.2,5344.82
D009,2026-01-25,P001642,172.39,3312.69
D009,2026-02-09,P001642,180.86,3918.89
D009,2026-03-26,P001642,228.59,2523.78
D009,2026-04-06,P001642,118.16,2601.24
D009,2026-05-19,P001642,217.02,4700.34
D009,2026-06-01,P001642,382.9,4501.02
D009,2025-12-09,P001643,4114.23,63644.39
D009,2026-01-11,P001643,9681.1,116221.17
D009,2026-02-05,P001643,5072.5,86246.7
D009,2026-03-06,P001643,4760.54,85246.79
D009,2026-04-10,P001643,2368.61,44599.61
D009,2026-05-06,P001643,4276.45,65563.14
D009,2026-06-24,P001643,7086.79,61116.89
D009,2026-02-13,P001644,595.0,6676.95
D009,2026-03-08,P001644,54.52,883.29
D009,2026-04-06,P001644,99.32,1677.87
D009,2026-05-26,P001644,584.07,5706.54
D009,2026-06-21,P001644,92.93,2102.22
D009,2025-11-03,P001645,1835.4,37083.41
D009,2026-01-27,P001645,1638.91,39697.96
D009,2026-02-02,P001645,3083.69,69864.35
D009,2026-03-18,P001645,2681.43,60248.35
D009,2026-04-22,P001645,2140.72,45677.07
D009,2026-05-05,P001645,5453.19,67531.68
D009,2026-06-09,P001645,1436.12,32622.61
D009,2025-11-22,P001646,385.19,6967.89
D009,2026-01-04,P001646,340.39,6720.33
D009,2026-02-11,P001646,472.2,7141.11
D009,2026-03-24,P001646,516.77,7284.52
D009,2026-04-11,P001646,588.78,7096.18
D009,2026-05-08,P001646,407.02,6753.2
D009,2026-06-06,P001646,556.8,8763.18
D009,2025-11-23,P001647,668.56,11170.87
D009,2025-12-16,P001647,829.51,10348.07
D009,2026-01-24,P001647,1173.38,14422.91
D009,2026-02-15,P001647,1332.33,11845.08
D009,2026-03-25,P001647,727.49,11226.59
D009,2026-04-09,P001647,1019.15,10186.6
D009,2026-05-06,P001647,503.07,7357.2
D009,2025-11-26,P001648,158.93,3318.99
D009,2025-12-09,P001648,259.5,3783.02
D009,2026-01-16,P001648,168.5,3890.52
D009,2026-02-05,P001648,342.34,6538.12
D009,2026-03-15,P001648,633.82,5468.07
D009,2026-04-19,P001648,253.77,5681.66
D009,2026-05-24,P001648,345.46,4048.64
D009,2026-06-06,P001648,508.21,5476.01
D009,2025-11-07,P001649,459.08,11297.71
D009,2026-01-20,P001649,1949.3,28791.51
D009,2026-02-01,P001649,1903.44,42383.44
D009,2026-03-10,P001649,1519.31,28603.89
D009,2026-05-02,P001649,505.72,7459.21
D009,2026-06-12,P001649,1400.24,32967.59
D009,2025-11-24,P001650,388.57,9537.19
D009,2025-12-08,P001650,302.95,6196.08
D009,2026-01-16,P001650,292.41,6992.99
D009,2026-02-21,P001650,540.08,9531.01
D009,2026-03-10,P001650,1115.08,9986.22
D009,2026-04-27,P001650,755.8,10794.9
D009,2026-06-20,P001650,1042.91,11350.12
D009,2025-11-02,P001651,717.89,9507.43
D009,2026-01-23,P001651,448.69,9510.46
D009,2026-02-20,P001651,654.77,9853.58
D009,2026-03-14,P001651,439.2,6115.28
D009,2026-05-05,P001651,781.88,15639.82
D009,2026-06-05,P001651,1035.45,8486.03
D009,2025-11-08,P001652,857.69,11020.89
D009,2025-12-11,P001652,1256.73,15613.1
D009,2026-01-14,P001652,1221.12,11594.9
D009,2026-02-07,P001652,1122.08,14394.48
D009,2026-03-15,P001652,587.24,11094.21
D009,2026-04-17,P001652,523.26,11883.11
D009,2026-05-24,P001652,812.38,17250.76
D009,2026-06-21,P001652,1338.82,20045.23
D009,2025-11-26,P001653,3504.68,34105.13
D009,2025-12-02,P001653,2397.53,44189.81
D009,2026-01-07,P001653,3269.55,70575.02
D009,2026-02-21,P001653,4560.66,54429.66
D009,2026-03-05,P001653,5512.9,53369.02
D009,2026-04-07,P001653,2059.19,48478.5
D009,2026-05-18,P001653,3121.62,49665.63
D009,2026-06-21,P001653,6900.91,65201.98
D009,2025-11-05,P001654,1298.29,12249.03
D009,2025-12-22,P001654,778.41,13280.92
D009,2026-02-10,P001654,975.87,12913.97
D009,2026-04-05,P001654,829.98,8653.72
D009,2026-05-27,P001654,703.7,16511.59
D009,2026-06-04,P001654,643.72,15040.04
D009,2025-12-22,P001655,2032.7,38632.13
D009,2026-01-01,P001655,4159.84,79715.95
D009,2026-02-06,P001655,2752.85,47937.99
D009,2026-03-04,P001655,4674.82,50567.74
D009,2026-04-02,P001655,7175.51,66617.0
D009,2026-05-08,P001655,7231.97,66628.22
D009,2026-06-14,P001655,1949.03,21791.11
D009,2025-11-22,P001656,2212.26,30562.1
D009,2025-12-25,P001656,2319.63,40100.68
D009,2026-01-22,P001656,3219.78,45609.45
D009,2026-03-25,P001656,626.83,10351.46
D009,2026-04-25,P001656,1604.27,13962.58
D009,2026-05-14,P001656,4769.76,48620.53
D009,2026-06-19,P001656,3737.72,50678.66
D009,2025-11-04,P001657,118.4,2827.52
D009,2025-12-17,P001657,60.4,1257.9
D009,2026-01-01,P001657,150.91,2903.42
D009,2026-04-25,P001657,107.25,1924.63
D009,2025-11-11,P001658,4100.23,66856.49
D009,2025-12-19,P001658,5277.22,81864.95
D009,2026-01-12,P001658,6853.36,133781.99
D009,2026-02-06,P001658,10536.51,84577.36
D009,2026-03-26,P001658,5872.41,130154.0
D009,2026-04-21,P001658,1957.86,37729.44
D009,2026-05-01,P001658,13648.21,113279.21
D009,2026-06-24,P001658,4931.17,114309.74
D009,2025-12-11,P001659,664.28,13010.12
D009,2026-01-23,P001659,3797.85,33235.16
D009,2026-02-07,P001659,1748.36,24579.45
D009,2026-03-18,P001659,818.92,7221.24
D009,2026-05-26,P001659,834.65,13715.69
D009,2026-06-04,P001659,2571.45,26094.52
D009,2025-11-09,P001660,158.91,2295.39
D009,2026-02-18,P001660,132.91,2358.9
D009,2026-04-09,P001660,110.77,1976.85
D009,2026-05-01,P001660,450.3,3860.87
D009,2026-06-01,P001660,208.53,3099.15
D009,2025-12-16,P001661,3393.78,32462.74
D009,2026-01-14,P001661,2341.29,27479.71
D009,2026-02-16,P001661,1150.19,26083.81
D009,2026-03-04,P001661,1732.04,37425.35
D009,2026-04-16,P001661,674.55,10258.3
D009,2026-05-23,P001661,1769.9,22602.94
D009,2026-06-23,P001661,1652.89,33680.36
D009,2025-12-06,P001662,5748.33,95891.03
D009,2026-01-06,P001662,4149.29,93069.58
D009,2026-02-22,P001662,3537.98,85971.11
D009,2026-03-11,P001662,4258.15,63574.77
D009,2026-04-10,P001662,3826.94,53190.04
D009,2026-05-13,P001662,8861.72,108740.77
D009,2026-06-02,P001662,5363.8,48160.23
D009,2025-11-26,P001663,2493.2,20428.64
D009,2025-12-06,P001663,589.84,13600.88
D009,2026-01-15,P001663,2753.28,23687.69
D009,2026-02-13,P001663,893.62,13006.34
D009,2026-03-08,P001663,1452.48,21088.85
D009,2026-04-07,P001663,892.4,12912.68
D009,2026-05-05,P001663,2629.39,22625.13
D009,2026-06-24,P001663,707.52,13445.96
D009,2025-11-24,P001664,2669.56,63089.38
D009,2025-12-24,P001664,2022.28,50001.56
D009,2026-01-08,P001664,2805.29,41220.43
D009,2026-02-06,P001664,3669.41,69678.62
D009,2026-03-14,P001664,2329.56,55960.71
D009,2026-04-24,P001664,4846.12,49161.04
D009,2026-05-06,P001664,4222.04,80369.96
D009,2026-06-06,P001664,5106.89,56783.51
D009,2025-11-25,P001665,2259.78,38552.11
D009,2026-01-13,P001665,1035.69,21891.97
D009,2026-02-07,P001665,1165.07,26063.41
D009,2026-04-15,P001665,1441.64,29260.63
D009,2026-05-18,P001665,3172.57,32341.28
D009,2026-06-07,P001665,1354.66,23338.43
D009,2025-11-10,P001666,191.01,3130.46
D009,2026-01-07,P001666,350.51,7945.67
D009,2026-02-19,P001666,0.0,0.0
D009,2026-03-04,P001666,641.15,9479.56
D009,2026-04-07,P001666,372.1,8749.55
D009,2026-05-17,P001666,881.89,9550.76
D009,2026-06-21,P001666,256.33,4945.35
D009,2025-11-15,P001667,261.28,5488.04
D009,2025-12-15,P001667,779.83,6336.23
D009,2026-01-14,P001667,211.63,2517.6
D009,2026-02-22,P001667,377.58,4227.37
D009,2026-06-09,P001667,434.22,4569.98
D009,2025-11-05,P001668,44.74,790.46
D009,2025-12-07,P001668,88.11,2036.31
D009,2026-01-20,P001668,166.31,2023.5
D009,2026-02-12,P001668,87.13,1847.14
D009,2026-03-26,P001668,194.15,1830.7
D009,2026-04-24,P001668,101.71,2104.11
D009,2026-05-11,P001668,193.23,2597.15
D009,2026-06-06,P001668,121.33,2452.92
D009,2025-11-25,P001669,1312.48,13462.06
D009,2025-12-10,P001669,620.01,12902.82
D009,2026-01-16,P001669,395.94,8093.39
D009,2026-02-20,P001669,1190.33,14546.93
D009,2026-03-24,P001669,625.48,8926.06
D009,2026-04-13,P001669,1137.22,17798.13
D009,2026-05-09,P001669,545.39,10510.57
D009,2026-06-15,P001669,284.13,5569.79
D009,2025-11-21,P001670,3311.17,58324.98
D009,2026-01-23,P001670,2021.64,37972.55
D009,2026-03-14,P001670,2172.18,38907.71
D009,2026-04-17,P001670,3441.64,67077.27
D009,2026-06-13,P001670,3578.56,52905.46
D009,2025-11-05,P001671,303.3,2784.91
D009,2025-12-26,P001671,385.94,4003.96
D009,2026-01-27,P001671,196.17,4761.9
D009,2026-02-06,P001671,197.08,3499.72
D009,2026-03-15,P001671,95.49,1971.51
D009,2026-04-22,P001671,110.84,2285.54
D009,2026-05-12,P001671,251.73,3238.6
D009,2026-06-12,P001671,163.37,2608.86
D009,2025-11-03,P001672,252.82,5920.87
D009,2025-12-12,P001672,257.57,6055.23
D009,2026-01-27,P001672,302.83,6713.64
D009,2026-03-27,P001672,268.2,3643.67
D009,2026-04-06,P001672,472.63,4946.97
D009,2026-05-19,P001672,289.41,4143.98
D009,2026-06-08,P001672,174.58,3621.93
D009,2025-11-17,P001673,1195.15,9598.72
D009,2025-12-04,P001673,1055.28,18541.49
D009,2026-01-07,P001673,489.17,8909.75
D009,2026-03-04,P001673,778.87,10875.77
D009,2026-04-02,P001673,427.2,10312.87
D009,2026-05-09,P001673,2103.24,17442.14
D009,2025-11-16,P001674,1456.14,25786.08
D009,2025-12-27,P001674,1417.45,27817.92
D009,2026-01-04,P001674,1174.7,12144.22
D009,2026-02-20,P001674,1637.82,31784.92
D009,2026-03-15,P001674,1983.99,38561.89
D009,2026-04-21,P001674,2968.12,49283.06
D009,2026-05-22,P001674,2035.85,35312.27
D009,2025-11-13,P001675,720.74,7383.12
D009,2025-12-25,P001675,738.4,6165.37
D009,2026-03-27,P001675,237.57,4702.57
D009,2026-05-09,P001675,820.82,7256.48
D009,2025-12-05,P001676,562.19,4673.22
D009,2026-01-21,P001676,167.38,3245.54
D009,2026-02-16,P001676,223.29,4845.04
D009,2026-03-15,P001676,359.29,5615.62
D009,2026-04-06,P001676,217.04,5384.27
D009,2026-05-14,P001676,218.55,3608.29
D009,2025-11-10,P001677,7804.62,101574.02
D009,2025-12-11,P001677,7782.38,91232.04
D009,2026-01-02,P001677,4144.69,72536.03
D009,2026-02-24,P001677,3380.57,76545.25
D009,2026-03-11,P001677,2229.07,50639.75
D009,2026-04-13,P001677,6802.93,76860.22
D009,2026-05-03,P001677,2952.77,48836.14
D009,2025-11-08,P001678,284.73,4196.71
D009,2025-12-27,P001678,318.37,4104.28
D009,2026-02-15,P001678,338.35,3808.13
D009,2026-04-05,P001678,156.55,2719.96
D009,2026-05-06,P001678,172.15,3792.78
D009,2026-06-16,P001678,251.26,3406.44
D009,2025-11-17,P001679,735.76,7054.48
D009,2025-12-02,P001679,555.36,9843.33
D009,2026-01-05,P001679,522.39,7043.65
D009,2026-02-15,P001679,1056.06,11639.42
D009,2026-03-01,P001679,768.27,14082.2
D009,2026-04-05,P001679,459.94,10864.38
D009,2026-05-14,P001679,386.08,8545.69
D009,2026-06-19,P001679,1646.94,14610.85
D009,2025-11-05,P001680,1616.75,30850.74
D009,2025-12-09,P001680,1211.78,16453.86
D009,2026-01-03,P001680,1290.85,31719.36
D009,2026-02-27,P001680,2516.87,27766.01
D009,2026-03-14,P001680,1641.62,34566.04
D009,2026-06-16,P001680,1024.06,22715.37
D009,2025-11-16,P001681,774.81,12288.24
D009,2025-12-26,P001681,1228.77,11572.42
D009,2026-01-11,P001681,613.39,12765.93
D009,2026-02-24,P001681,641.44,5392.74
D009,2026-03-19,P001681,912.57,16018.72
D009,2026-04-23,P001681,1075.19,15691.78
D009,2026-05-10,P001681,613.25,11316.98
D009,2025-11-26,P001682,107.07,2075.37
D009,2025-12-03,P001682,84.24,1143.1
D009,2026-01-02,P001682,131.07,1087.38
D009,2026-02-08,P001682,132.35,1581.79
D009,2026-03-01,P001682,71.73,1690.27
D009,2026-04-08,P001682,69.85,1522.7
D009,2026-05-11,P001682,93.14,2066.06
D009,2026-06-19,P001682,192.54,1548.33
D009,2025-11-11,P001683,18.48,438.87
D009,2025-12-23,P001683,110.86,1991.25
D009,2026-01-09,P001683,83.51,2049.29
D009,2026-02-14,P001683,108.42,1645.54
D009,2026-03-03,P001683,159.21,2274.91
D009,2026-04-07,P001683,266.87,2313.12
D009,2026-05-22,P001683,76.64,1643.57
D009,2025-12-27,P001684,317.68,2996.89
D009,2026-01-19,P001684,178.84,3452.23
D009,2026-02-21,P001684,211.52,2862.92
D009,2026-03-18,P001684,170.87,3430.22
D009,2026-04-02,P001684,116.37,2278.59
D009,2026-05-13,P001684,134.42,2138.08
D009,2026-06-13,P001684,153.06,1946.16
D009,2025-11-01,P001685,482.26,4929.12
D009,2025-12-11,P001685,559.03,7758.22
D009,2026-01-21,P001685,155.25,3872.74
D009,2026-02-04,P001685,204.98,5022.96
D009,2026-03-10,P001685,471.27,6395.81
D009,2026-04-17,P001685,268.83,6321.8
D009,2026-05-18,P001685,246.15,4420.38
D009,2026-06-10,P001685,220.87,4393.37
D009,2025-11-03,P001686,3914.07,89316.62
D009,2025-12-13,P001686,2664.8,53379.45
D009,2026-01-16,P001686,8308.61,75045.09
D009,2026-02-03,P001686,4468.45,110529.81
D009,2026-03-04,P001686,6003.54,52771.86
D009,2026-04-14,P001686,3164.13,78111.24
D009,2026-05-03,P001686,4111.26,100370.47
D009,2026-06-27,P001686,7290.89,101888.37
D009,2025-11-15,P001687,720.07,9597.04
D009,2025-12-10,P001687,242.43,5167.9
D009,2026-01-11,P001687,361.19,6609.94
D009,2026-02-01,P001687,227.45,5350.94
D009,2026-04-19,P001687,288.51,7034.29
D009,2026-05-02,P001687,611.32,10580.68
D009,2025-12-07,P001688,452.77,8908.63
D009,2026-01-15,P001688,1062.95,10394.92
D009,2026-02-06,P001688,679.82,13100.28
D009,2026-03-17,P001688,906.9,15518.75
D009,2026-04-01,P001688,1570.92,13279.87
D009,2026-06-23,P001688,1188.68,12072.06
D009,2025-11-07,P001689,417.91,6101.27
D009,2025-12-21,P001689,370.9,6141.95
D009,2026-01-06,P001689,210.18,3181.48
D009,2026-02-01,P001689,164.86,2940.97
D009,2026-03-01,P001689,588.52,7476.49
D009,2026-04-15,P001689,248.66,4308.02
D009,2026-05-13,P001689,539.5,4890.84
D009,2026-06-01,P001689,519.31,5856.29
D009,2025-11-14,P001690,328.22,2944.75
D009,2025-12-21,P001690,82.29,1967.88
D009,2026-01-19,P001690,154.03,1663.43
D009,2026-02-16,P001690,82.55,1648.93
D009,2026-03-15,P001690,216.01,2153.46
D009,2026-06-21,P001690,54.52,911.93
D009,2025-12-15,P001691,345.92,3965.26
D009,2026-01-26,P001691,198.79,4600.29
D009,2026-02-13,P001691,286.31,3933.37
D009,2026-03-07,P001691,257.28,3802.93
D009,2026-04-03,P001691,238.15,3563.56
D009,2026-05-01,P001691,233.81,3946.12
D009,2026-06-03,P001691,251.26,2898.06
D009,2025-11-22,P001692,1112.84,22021.44
D009,2025-12-04,P001692,2767.71,22799.22
D009,2026-02-16,P001692,1028.36,19380.85
D009,2026-03-03,P001692,1508.3,32875.63
D009,2026-04-16,P001692,1766.84,17622.73
D009,2026-05-03,P001692,974.68,17441.75
D009,2026-06-21,P001692,1897.93,20829.71
D009,2025-11-15,P001693,3831.51,50468.6
D009,2025-12-26,P001693,2039.76,43436.83
D009,2026-01-23,P001693,3047.05,53586.81
D009,2026-03-03,P001693,3234.96,60898.55
D009,2026-04-25,P001693,2349.96,47357.04
D009,2026-05-06,P001693,2724.77,46652.15
D009,2026-06-06,P001693,2834.86,42429.72
D009,2025-11-09,P001694,234.42,3610.48
D009,2025-12-20,P001694,539.5,4745.89
D009,2026-01-06,P001694,226.41,5627.45
D009,2026-02-22,P001694,191.32,4245.88
D009,2026-04-18,P001694,546.71,4780.7
D009,2026-05-04,P001694,145.3,3617.14
D009,2026-06-13,P001694,476.74,4837.63
D009,2025-11-10,P001695,288.77,5831.36
D009,2026-01-10,P001695,867.87,7447.04
D009,2026-02-05,P001695,228.42,3584.05
D009,2026-03-02,P001695,173.39,3550.49
D009,2026-04-25,P001695,410.12,6285.83
D009,2026-05-26,P001695,388.55,5681.88
D009,2026-06-26,P001695,220.36,5409.03
D009,2025-12-21,P001696,288.07,7117.0
D009,2026-01-21,P001696,341.77,7476.0
D009,2026-02-09,P001696,561.93,9769.87
D009,2026-03-13,P001696,811.87,6811.69
D009,2026-04-03,P001696,914.37,9618.14
D009,2026-06-03,P001696,846.2,9502.2
D009,2025-12-10,P001697,986.91,8719.37
D009,2026-01-05,P001697,448.22,7572.47
D009,2026-02-05,P001697,687.74,7348.65
D009,2026-03-04,P001697,540.41,6236.77
D009,2026-04-11,P001697,754.61,8167.94
D009,2026-05-02,P001697,494.64,6870.69
D009,2026-06-17,P001697,660.83,8759.18
D009,2025-11-19,P001698,484.66,6814.15
D009,2025-12-06,P001698,639.05,7690.16
D009,2026-01-24,P001698,559.22,9654.84
D009,2026-03-06,P001698,768.74,11662.52
D009,2026-04-11,P001698,333.58,5006.81
D009,2026-06-17,P001698,565.64,11403.24
D009,2025-11-16,P001699,88.86,1958.27
D009,2025-12-03,P001699,143.13,1941.42
D009,2026-01-03,P001699,76.61,1172.29
D009,2026-02-05,P001699,55.65,871.45
D009,2026-03-01,P001699,108.76,2419.49
D009,2026-04-01,P001699,53.79,1076.43
D009,2026-05-08,P001699,86.73,1794.92
D009,2026-06-16,P001699,59.93,1144.81
D009,2025-11-16,P001700,153.94,2443.92
D009,2025-12-07,P001700,227.41,5265.91
D009,2026-02-07,P001700,79.22,1797.82
D009,2026-04-11,P001700,1093.09,11902.3
D009,2026-05-17,P001700,760.51,10822.44
D009,2025-11-17,P001701,857.4,14841.29
D009,2025-12-04,P001701,904.91,9719.99
D009,2026-01-22,P001701,429.92,8711.45
D009,2026-02-08,P001701,541.43,5989.71
D009,2026-03-05,P001701,660.77,9416.23
D009,2026-04-08,P001701,653.57,8899.34
D009,2026-05-21,P001701,183.06,2472.2
D009,2026-06-01,P001701,939.84,9299.94
D009,2025-11-10,P001702,1488.69,22841.12
D009,2025-12-10,P001702,1403.74,32189.81
D009,2026-01-25,P001702,2071.89,30043.92
D009,2026-02-19,P001702,1767.98,18192.88
D009,2026-03-09,P001702,689.98,13395.84
D009,2026-05-23,P001702,1318.64,19687.47
D009,2025-11-17,P001703,1561.45,17725.55
D009,2025-12-01,P001703,298.15,6906.8
D009,2026-01-07,P001703,1773.61,14425.79
D009,2026-03-07,P001703,637.25,13462.26
D009,2026-04-01,P001703,708.06,15155.47
D009,2026-05-13,P001703,818.67,16783.47
D009,2026-06-27,P001703,961.74,13862.1
D009,2025-11-16,P001704,2003.18,26441.46
D009,2025-12-27,P001704,1844.01,44991.77
D009,2026-01-20,P001704,1915.87,44326.43
D009,2026-02-11,P001704,2010.62,27983.35
D009,2026-03-23,P001704,1633.32,39476.61
D009,2026-04-16,P001704,2834.52,26093.63
D009,2026-05-26,P001704,6917.55,57957.78
D009,2026-06-03,P001704,1296.36,28564.16
D009,2026-02-02,P001705,668.59,10671.74
D009,2026-03-12,P001705,183.92,3410.51
D009,2026-04-23,P001705,487.28,6358.52
D009,2026-05-16,P001705,293.15,6386.69
D009,2026-06-04,P001705,521.66,7258.39
D009,2025-12-01,P001706,3286.18,38792.77
D009,2026-01-11,P001706,3307.76,45638.44
D009,2026-02-16,P001706,4573.54,43471.05
D009,2026-03-17,P001706,3802.23,75200.36
D009,2026-04-08,P001706,5130.29,60318.43
D009,2026-05-22,P001706,3728.46,72356.32
D009,2026-06-17,P001706,2832.84,54020.9
D009,2025-11-15,P001707,329.34,7063.7
D009,2026-01-11,P001707,791.5,13080.63
D009,2026-02-01,P001707,578.33,11411.06
D009,2026-03-10,P001707,237.15,4532.58
D009,2026-06-08,P001707,702.0,11018.87
D009,2025-11-09,P001708,818.37,12311.45
D009,2025-12-02,P001708,613.4,11081.39
D009,2026-01-17,P001708,565.47,9719.72
D009,2026-02-26,P001708,309.74,4501.18
D009,2026-03-05,P001708,242.87,5939.74
D009,2026-04-24,P001708,622.83,7955.68
D009,2026-05-26,P001708,461.29,10672.29
D009,2026-06-17,P001708,812.61,12214.79
D009,2025-11-14,P001709,4251.52,50463.88
D009,2025-12-23,P001709,4541.43,77024.5
D009,2026-01-19,P001709,4234.73,84670.73
D009,2026-02-22,P001709,5287.15,70518.67
D009,2026-03-08,P001709,1640.6,37393.66
D009,2026-05-20,P001709,3778.38,44842.97
D009,2026-06-15,P001709,3360.41,50344.96
D009,2025-11-07,P001710,983.11,9479.24
D009,2025-12-16,P001710,612.1,8111.22
D009,2026-01-14,P001710,582.89,9690.94
D009,2026-02-18,P001710,197.21,3332.02
D009,2026-03-21,P001710,1592.55,13332.82
D009,2026-04-25,P001710,529.52,8381.5
D009,2026-06-10,P001710,670.71,16565.25
D009,2025-11-24,P001711,279.28,6324.16
D009,2025-12-21,P001711,314.1,2651.49
D009,2026-01-04,P001711,279.02,3934.04
D009,2026-02-18,P001711,217.97,4129.51
D009,2026-04-07,P001711,427.71,5045.41
D009,2026-05-15,P001711,258.76,2931.0
D009,2026-06-14,P001711,371.21,3235.77
D009,2025-12-18,P001712,703.41,9143.46
D009,2026-01-21,P001712,266.33,5014.68
D009,2026-02-15,P001712,376.9,7520.68
D009,2026-03-19,P001712,387.1,7326.11
D009,2026-04-15,P001712,221.0,5445.54
D009,2026-05-14,P001712,249.05,5571.85
D009,2026-06-26,P001712,367.27,6715.66
D009,2025-11-20,P001713,122.88,2044.47
D009,2025-12-24,P001713,67.32,1477.93
D009,2026-01-16,P001713,238.47,2210.99
D009,2026-02-09,P001713,142.85,1574.07
D009,2026-03-23,P001713,131.28,2373.01
D009,2026-04-07,P001713,120.51,2472.41
D009,2026-05-15,P001713,132.17,1246.08
D009,2026-06-03,P001713,80.49,1121.03
D009,2025-11-20,P001714,359.68,3997.97
D009,2026-01-10,P001714,342.68,4185.46
D009,2026-02-13,P001714,324.74,4522.58
D009,2026-03-09,P001714,123.43,2036.78
D009,2026-04-03,P001714,218.88,2085.44
D009,2026-05-11,P001714,214.15,3285.67
D009,2025-11-10,P001715,9216.69,84920.24
D009,2026-01-17,P001715,2991.94,65094.1
D009,2026-04-06,P001715,4246.61,82525.39
D009,2026-05-03,P001715,6397.08,75292.87
D009,2026-06-20,P001715,3748.77,82490.71
D009,2025-11-17,P001716,2469.17,21511.46
D009,2025-12-27,P001716,4646.4,66972.57
D009,2026-01-09,P001716,3664.57,90991.85
D009,2026-02-06,P001716,2779.35,45581.47
D009,2026-03-18,P001716,2847.01,56570.99
D009,2026-04-23,P001716,3211.29,33381.44
D009,2026-05-09,P001716,3354.49,70139.05
D009,2026-06-20,P001716,3538.46,79578.24
D009,2025-11-27,P001717,1394.31,26822.78
D009,2025-12-19,P001717,1261.06,26825.63
D009,2026-01-18,P001717,1322.05,22012.98
D009,2026-02-01,P001717,1401.62,16966.06
D009,2026-04-02,P001717,1935.7,31696.62
D009,2026-05-22,P001717,1702.27,21814.33
D009,2026-06-11,P001717,1361.2,22568.1
D009,2025-11-17,P001718,176.97,3428.51
D009,2025-12-06,P001718,694.11,5570.27
D009,2026-01-19,P001718,135.98,3277.72
D009,2026-02-22,P001718,96.48,2246.6
D009,2026-03-14,P001718,209.7,3340.24
D009,2026-04-15,P001718,137.68,2519.72
D009,2026-05-09,P001718,350.65,6258.94
D009,2026-06-26,P001718,138.94,3280.75
D009,2025-11-13,P001719,742.12,8587.33
D009,2025-12-07,P001719,509.58,7669.78
D009,2026-01-23,P001719,302.47,5401.59
D009,2026-03-27,P001719,302.14,6850.78
D009,2026-05-16,P001719,669.09,10310.88
D009,2025-11-20,P001720,636.65,5523.66
D009,2025-12-09,P001720,482.61,5050.7
D009,2026-01-15,P001720,392.97,4696.97
D009,2026-02-19,P001720,249.48,5972.03
D009,2026-03-11,P001720,729.39,6857.41
D009,2026-04-10,P001720,605.01,8026.88
D009,2026-05-19,P001720,273.37,6012.08
D009,2026-06-08,P001720,444.85,8523.25
D009,2025-11-14,P001721,2207.03,54361.32
D009,2026-01-09,P001721,4257.24,61762.12
D009,2026-02-22,P001721,9019.91,79854.99
D009,2026-03-10,P001721,3068.41,74261.15
D009,2026-05-06,P001721,2442.07,48515.45
D009,2026-06-23,P001721,4778.8,74566.76
D009,2025-11-20,P001722,618.43,11238.35
D009,2025-12-09,P001722,656.04,12411.15
D009,2026-03-23,P001722,1404.46,14589.2
D009,2026-04-27,P001722,857.17,15908.72
D009,2026-05-22,P001722,488.63,11183.62
D009,2026-06-20,P001722,651.96,7889.42
D009,2025-11-27,P001723,1446.61,25729.49
D009,2025-12-10,P001723,1662.74,26131.05
D009,2026-01-06,P001723,2022.87,33724.44
D009,2026-02-17,P001723,841.36,17903.3
D009,2026-03-07,P001723,712.36,16772.62
D009,2026-04-23,P001723,1628.33,22062.23
D009,2026-06-20,P001723,3051.31,32633.57
D009,2025-11-21,P001724,2407.5,35765.1
D009,2026-01-17,P001724,1993.79,45052.01
D009,2026-02-06,P001724,2362.17,40690.07
D009,2026-03-11,P001724,4694.47,42370.54
D009,2026-04-21,P001724,2223.38,31420.26
D009,2026-05-09,P001724,1592.29,26639.56
D009,2025-11-17,P001725,333.91,7127.41
D009,2025-12-12,P001725,588.34,8842.36
D009,2026-02-02,P001725,417.7,7509.12
D009,2026-03-12,P001725,615.92,11354.85
D009,2026-04-12,P001725,379.18,7674.35
D009,2026-05-21,P001725,431.47,9212.17
D009,2026-06-07,P001725,364.8,8138.29
D009,2025-11-26,P001726,1764.72,14365.39
D009,2025-12-20,P001726,470.42,7168.58
D009,2026-01-22,P001726,1211.71,11000.53
D009,2026-02-27,P001726,416.25,10085.96
D009,2026-03-27,P001726,314.95,5989.69
D009,2026-05-18,P001726,635.42,14403.73
D009,2026-06-17,P001726,585.53,7171.2
D009,2025-11-03,P001727,822.47,14863.11
D009,2025-12-18,P001727,1411.09,16721.61
D009,2026-01-20,P001727,1174.88,25676.49
D009,2026-02-09,P001727,691.72,14313.05
D009,2026-03-16,P001727,548.31,13475.7
D009,2026-04-07,P001727,805.2,15258.29
D009,2026-05-16,P001727,1679.95,23138.85
D009,2026-06-16,P001727,399.11,5894.32
D009,2025-11-09,P001728,540.13,7951.76
D009,2025-12-22,P001728,606.88,6834.0
D009,2026-01-10,P001728,302.87,4737.37
D009,2026-02-04,P001728,406.95,6931.65
D009,2026-04-18,P001728,254.55,3842.56
D009,2026-05-07,P001728,401.56,3226.25
D009,2026-06-25,P001728,283.88,5530.07
D009,2025-12-06,P001729,190.89,3223.91
D009,2026-01-06,P001729,747.26,12890.46
D009,2026-04-26,P001729,414.55,9617.87
D009,2026-05-09,P001729,411.71,4910.16
D009,2026-06-15,P001729,941.17,7738.26
D009,2025-11-05,P001730,630.12,9254.35
D009,2026-01-22,P001730,1960.02,27010.12
D009,2026-02-24,P001730,1848.38,22971.63
D009,2026-03-17,P001730,1897.13,22482.29
D009,2026-04-07,P001730,874.58,14434.37
D009,2026-05-05,P001730,1647.06,24996.91
D009,2026-06-05,P001730,3562.4,31305.58
D009,2025-11-06,P001731,214.79,2505.43
D009,2025-12-06,P001731,132.16,2455.99
D009,2026-02-18,P001731,108.25,1692.66
D009,2026-03-20,P001731,142.79,3053.92
D009,2026-04-11,P001731,68.39,1400.11
D009,2025-11-27,P001732,1749.57,28053.5
D009,2025-12-09,P001732,2811.26,37736.13
D009,2026-01-25,P001732,1574.51,37624.49
D009,2026-02-15,P001732,1090.36,14044.6
D009,2026-03-07,P001732,1440.32,21692.81
D009,2026-04-01,P001732,1991.01,29715.12
D009,2026-05-06,P001732,3542.89,30275.27
D009,2025-11-09,P001733,924.36,16510.62
D009,2026-01-12,P001733,1889.61,32677.27
D009,2026-02-23,P001733,1323.3,23572.96
D009,2026-03-26,P001733,3745.26,29973.45
D009,2026-05-24,P001733,7215.47,70296.8
D009,2026-06-22,P001733,1220.91,16316.31
D009,2025-12-16,P001734,266.54,3811.34
D009,2026-01-14,P001734,301.35,6479.6
D009,2026-02-04,P001734,370.81,4989.1
D009,2026-05-19,P001734,284.38,5462.97
D009,2026-06-14,P001734,255.03,6133.96
D009,2025-11-01,P001735,151.73,3337.13
D009,2025-12-03,P001735,178.95,3952.91
D009,2026-02-04,P001735,251.01,4244.1
D009,2026-03-27,P001735,351.62,6101.92
D009,2026-04-22,P001735,266.47,2656.24
D009,2025-11-11,P001736,1691.87,17604.8
D009,2025-12-03,P001736,689.74,16866.8
D009,2026-01-15,P001736,763.95,13101.78
D009,2026-02-04,P001736,757.0,14500.7
D009,2026-03-10,P001736,687.61,13390.41
D009,2026-04-13,P001736,656.98,8550.53
D009,2026-05-08,P001736,702.71,14400.0
D009,2026-06-11,P001736,600.77,14070.65
D009,2025-12-09,P001737,325.09,6420.1
D009,2026-01-20,P001737,298.52,6524.66
D009,2026-02-23,P001737,329.43,6867.68
D009,2026-03-11,P001737,445.28,4816.49
D009,2026-04-16,P001737,123.03,2757.41
D009,2026-05-04,P001737,363.32,8640.68
D009,2026-06-27,P001737,503.3,4399.78
D009,2025-11-17,P001738,1583.13,31155.34
D009,2025-12-13,P001738,2246.12,36948.73
D009,2026-01-13,P001738,1780.44,29223.91
D009,2026-02-03,P001738,1479.51,33772.32
D009,2026-03-05,P001738,3020.08,40091.01
D009,2026-04-14,P001738,2140.59,43072.88
D009,2026-05-27,P001738,4420.42,41908.23
D009,2026-06-26,P001738,3000.62,39884.39
D009,2025-11-09,P001739,363.88,6003.41
D009,2025-12-05,P001739,549.46,10070.14
D009,2026-01-22,P001739,437.49,9941.09
D009,2026-02-26,P001739,1126.16,9498.78
D009,2026-05-18,P001739,626.79,14314.51
D009,2026-06-08,P001739,309.13,7715.52
D009,2025-11-14,P001740,124.36,2082.8
D009,2026-01-18,P001740,164.26,3595.06
D009,2026-02-02,P001740,171.93,2923.97
D009,2026-03-25,P001740,127.04,3004.03
D009,2026-04-19,P001740,143.95,1550.37
D009,2026-05-05,P001740,137.5,1643.41
D009,2026-06-02,P001740,202.96,2392.34
D009,2025-11-04,P001741,93.61,1788.63
D009,2025-12-07,P001741,295.28,3673.53
D009,2026-01-22,P001741,116.64,2010.45
D009,2026-02-08,P001741,124.24,2007.49
D009,2026-03-27,P001741,320.07,2738.57
D009,2026-04-11,P001741,209.8,2085.12
D009,2026-05-04,P001741,107.21,2515.42
D009,2026-06-25,P001741,136.4,2337.87
D009,2025-12-15,P001742,250.39,2200.54
D009,2026-01-15,P001742,191.36,1987.54
D009,2026-02-15,P001742,226.43,2009.62
D009,2026-03-01,P001742,88.08,1267.76
D009,2026-05-10,P001742,119.88,2720.72
D009,2026-06-05,P001742,118.93,2153.29
D009,2025-11-23,P001743,406.28,7823.75
D009,2025-12-18,P001743,291.77,5675.26
D009,2026-01-26,P001743,110.77,960.0
D009,2026-02-14,P001743,737.92,5968.92
D009,2026-03-17,P001743,417.36,9036.05
D009,2026-04-14,P001743,461.26,7644.92
D009,2026-05-09,P001743,382.1,7766.45
D009,2026-06-01,P001743,617.89,5223.14
D009,2025-11-23,P001744,150.42,3178.58
D009,2025-12-23,P001744,248.37,6128.28
D009,2026-01-07,P001744,1119.96,9342.88
D009,2026-02-14,P001744,175.7,3092.29
D009,2026-03-15,P001744,446.24,7767.33
D009,2026-04-23,P001744,476.03,6927.8
D009,2026-05-25,P001744,849.79,7776.62
D009,2026-06-04,P001744,562.74,8700.62
D009,2025-11-14,P001745,467.46,4620.17
D009,2025-12-02,P001745,241.79,4429.94
D009,2026-01-09,P001745,144.05,1610.08
D009,2026-03-24,P001745,371.37,3800.57
D009,2026-04-11,P001745,235.6,3684.5
D009,2026-05-20,P001745,195.13,2011.72
D009,2026-06-14,P001745,390.29,3975.61
D009,2025-11-05,P001746,167.15,2919.0
D009,2025-12-01,P001746,105.14,1750.99
D009,2026-01-09,P001746,184.3,2007.29
D009,2026-02-20,P001746,84.02,1544.71
D009,2026-03-27,P001746,67.08,1295.91
D009,2026-06-12,P001746,63.47,1201.57
D009,2025-11-04,P001747,888.89,13841.68
D009,2026-01-10,P001747,299.54,6488.4
D009,2026-02-07,P001747,575.35,7576.73
D009,2026-03-19,P001747,415.51,9034.81
D009,2026-04-10,P001747,366.7,8724.08
D009,2026-05-05,P001747,388.08,7232.27
D009,2026-06-26,P001747,655.25,11248.31
D009,2025-11-15,P001748,2595.14,34791.76
D009,2025-12-21,P001748,5131.57,41815.06
D009,2026-01-26,P001748,1916.8,40138.88
D009,2026-02-24,P001748,4282.54,43193.94
D009,2026-04-17,P001748,3588.55,28822.99
D009,2026-05-20,P001748,1698.04,29721.83
D009,2026-06-14,P001748,1836.83,35417.18
D009,2025-12-10,P001749,5304.39,126915.77
D009,2026-01-02,P001749,6569.36,159562.37
D009,2026-02-20,P001749,10893.08,88708.74
D009,2026-03-16,P001749,8780.73,138297.33
D009,2026-04-19,P001749,4008.77,48979.53
D009,2026-05-22,P001749,5123.39,72621.85
D009,2026-06-06,P001749,3149.57,66562.47
D009,2025-12-10,P001750,1179.2,14793.23
D009,2026-01-11,P001750,680.11,7104.63
D009,2026-02-23,P001750,415.96,9233.82
D009,2026-03-15,P001750,857.0,15449.7
D009,2026-05-25,P001750,719.82,17251.14
D009,2026-06-22,P001750,1646.95,14110.33
D009,2025-12-18,P001751,535.52,5553.7
D009,2026-02-11,P001751,213.85,3717.06
D009,2026-03-21,P001751,293.25,2688.44
D009,2026-04-14,P001751,352.72,5830.81
D009,2026-05-25,P001751,304.4,5976.28
D009,2026-06-15,P001751,513.21,5769.57
D009,2025-11-10,P001752,2562.79,21680.69
D009,2025-12-24,P001752,1628.63,21456.62
D009,2026-01-20,P001752,1510.81,18714.91
D009,2026-02-09,P001752,2650.38,23250.32
D009,2026-03-26,P001752,2692.49,35542.8
D009,2026-04-06,P001752,3561.73,37640.12
D009,2026-05-25,P001752,1526.13,25087.56
D009,2026-06-04,P001752,2679.94,27160.1
D009,2025-11-09,P001753,211.19,5187.97
D009,2025-12-19,P001753,668.64,6032.24
D009,2026-01-14,P001753,244.29,4460.63
D009,2026-02-06,P001753,158.78,2680.3
D009,2026-03-08,P001753,573.99,6827.19
D009,2026-06-04,P001753,315.24,3603.17
D009,2025-11-14,P001754,422.51,6424.67
D009,2025-12-21,P001754,275.42,4293.03
D009,2026-01-05,P001754,413.2,4359.72
D009,2026-03-11,P001754,345.37,5479.24
D009,2026-06-21,P001754,292.51,5155.42
D009,2025-11-06,P001755,236.65,5355.77
D009,2025-12-11,P001755,174.61,3273.87
D009,2026-01-17,P001755,251.42,3195.31
D009,2026-03-04,P001755,93.38,2242.91
D009,2026-05-04,P001755,152.69,3684.8
D009,2026-06-26,P001755,134.41,1526.97
D009,2025-11-10,P001756,440.24,5431.09
D009,2025-12-22,P001756,332.93,3590.84
D009,2026-01-19,P001756,308.5,6013.33
D009,2026-02-14,P001756,256.79,5273.67
D009,2026-03-14,P001756,446.44,6503.39
D009,2026-04-03,P001756,147.96,3477.8
D009,2026-05-16,P001756,197.85,4643.25
D009,2026-06-01,P001756,284.3,3348.77
D009,2025-11-25,P001757,1433.58,18334.33
D009,2025-12-12,P001757,1202.72,27430.15
D009,2026-01-18,P001757,2394.05,35530.83
D009,2026-02-14,P001757,1648.99,24883.84
D009,2026-03-20,P001757,1576.01,33983.39
D009,2026-04-02,P001757,762.24,18033.16
D009,2026-06-26,P001757,1021.98,19431.36
D009,2025-11-27,P001758,568.86,8721.78
D009,2025-12-10,P001758,952.38,15259.74
D009,2026-01-20,P001758,883.48,17421.54
D009,2026-02-05,P001758,728.45,17860.18
D009,2026-03-22,P001758,2327.05,20986.67
D009,2026-05-03,P001758,1153.94,20773.37
D009,2026-06-09,P001758,2312.44,20434.78
D009,2025-11-08,P001759,943.59,13621.15
D009,2025-12-05,P001759,685.23,16999.14
D009,2026-01-04,P001759,747.61,11762.75
D009,2026-02-16,P001759,1145.47,9806.9
D009,2026-03-09,P001759,469.01,11466.53
D009,2026-04-03,P001759,900.48,15624.06
D009,2026-05-26,P001759,518.93,12722.26
D009,2025-11-07,P001760,1265.1,14863.42
D009,2025-12-25,P001760,967.68,23256.29
D009,2026-02-19,P001760,989.07,19576.97
D009,2026-03-24,P001760,1004.68,20816.93
D009,2026-04-18,P001760,1163.74,17071.47
D009,2026-05-06,P001760,766.08,13821.49
D009,2026-06-15,P001760,480.94,9895.2
D009,2025-11-11,P001761,1483.4,19014.13
D009,2025-12-02,P001761,2058.44,41019.53
D009,2026-01-12,P001761,1353.98,27789.07
D009,2026-02-12,P001761,2589.0,45072.37
D009,2026-03-08,P001761,3603.21,58280.95
D009,2026-04-14,P001761,2951.05,64362.61
D009,2026-05-10,P001761,2384.0,39153.44
D009,2026-06-06,P001761,9379.38,79658.34
D009,2025-11-14,P001762,298.57,3175.5
D009,2025-12-22,P001762,353.92,8265.68
D009,2026-01-05,P001762,370.38,8738.27
D009,2026-02-14,P001762,461.5,8293.91
D009,2026-03-20,P001762,1004.09,12056.41
D009,2026-04-13,P001762,206.83,4875.02
D009,2026-05-16,P001762,432.55,6611.84
D009,2026-06-24,P001762,389.41,7485.33
D009,2025-11-27,P001763,2293.35,27904.09
D009,2025-12-08,P001763,782.22,13472.23
D009,2026-01-09,P001763,984.89,14620.26
D009,2026-02-20,P001763,642.14,10669.7
D009,2026-03-02,P001763,2054.34,28387.72
D009,2026-06-04,P001763,864.02,18402.53
D009,2025-11-23,P001764,887.84,18384.72
D009,2025-12-11,P001764,495.65,11496.17
D009,2026-01-14,P001764,958.89,11517.96
D009,2026-03-26,P001764,615.93,13450.84
D009,2026-04-16,P001764,1577.09,13347.67
D009,2026-05-25,P001764,1261.6,17447.97
D009,2026-06-14,P001764,724.23,13795.25
D009,2025-11-11,P001765,4662.96,38672.4
D009,2025-12-17,P001765,1663.7,40001.02
D009,2026-01-24,P001765,1376.16,32955.05
D009,2026-02-08,P001765,5150.99,54660.83
D009,2026-04-18,P001765,2001.03,41629.83
D009,2026-05-19,P001765,1643.54,39045.01
D009,2026-06-17,P001765,2028.71,41252.96
D009,2025-11-19,P001766,222.93,2653.4
D009,2025-12-14,P001766,98.54,2100.67
D009,2026-01-18,P001766,358.0,5918.73
D009,2026-02-14,P001766,526.22,6423.42
D009,2026-03-16,P001766,194.69,4220.49
D009,2026-04-16,P001766,218.9,4465.07
D009,2026-05-04,P001766,347.08,6418.09
D009,2025-11-01,P001767,123.01,2566.89
D009,2025-12-27,P001767,108.68,2155.19
D009,2026-01-05,P001767,111.93,2404.43
D009,2026-02-20,P001767,59.2,1395.43
D009,2026-03-05,P001767,137.72,2702.01
D009,2026-04-04,P001767,92.12,2274.92
D009,2026-05-08,P001767,82.59,1761.64
D009,2026-06-23,P001767,110.29,1865.7
D009,2025-11-17,P001768,216.77,3673.97
D009,2025-12-24,P001768,236.84,4741.39
D009,2026-01-18,P001768,205.04,2206.19
D009,2026-03-21,P001768,242.31,4447.81
D009,2026-05-05,P001768,203.05,4636.92
D009,2026-06-15,P001768,641.88,5797.11
D009,2025-11-07,P001769,1606.95,38555.58
D009,2025-12-14,P001769,2631.06,38053.85
D009,2026-01-04,P001769,2160.56,19748.75
D009,2026-02-26,P001769,1811.29,18247.82
D009,2026-03-01,P001769,1394.7,26543.16
D009,2026-05-08,P001769,2135.38,53042.55
D009,2026-06-05,P001769,1845.41,41951.75
D009,2025-11-27,P001770,147.73,3375.08
D009,2026-01-23,P001770,245.44,4566.15
D009,2026-02-15,P001770,320.67,4633.67
D009,2026-03-23,P001770,613.42,6045.84
D009,2026-04-26,P001770,622.02,7097.9
D009,2026-05-14,P001770,170.66,2893.86
D009,2026-06-20,P001770,242.68,5664.86
D009,2025-11-17,P001771,250.2,3497.3
D009,2025-12-16,P001771,262.65,3689.56
D009,2026-01-02,P001771,251.45,3405.52
D009,2026-02-01,P001771,294.01,3238.18
D009,2026-03-01,P001771,412.18,4193.06
D009,2026-04-01,P001771,156.57,3624.2
D009,2026-05-13,P001771,185.17,4134.28
D009,2026-06-03,P001771,224.81,3784.89
D009,2025-11-03,P001772,397.68,5222.3
D009,2026-01-04,P001772,537.86,4519.68
D009,2026-02-01,P001772,121.65,2733.52
D009,2026-03-21,P001772,153.55,3230.89
D009,2026-05-07,P001772,227.69,1905.06
D009,2025-11-15,P001773,604.44,8926.68
D009,2026-01-27,P001773,619.88,9058.4
D009,2026-02-21,P001773,712.48,13751.09
D009,2026-03-18,P001773,1281.67,13986.53
D009,2026-04-06,P001773,1710.9,16650.49
D009,2025-11-07,P001774,375.79,5619.21
D009,2025-12-16,P001774,287.64,3003.42
D009,2026-01-23,P001774,470.35,4210.56
D009,2026-02-11,P001774,483.74,4847.38
D009,2026-03-27,P001774,392.61,7097.2
D009,2026-04-10,P001774,313.27,4723.42
D009,2026-05-24,P001774,308.78,5646.97
D009,2026-06-14,P001774,731.01,6255.16
D009,2025-11-26,P001775,1008.8,8856.67
D009,2025-12-26,P001775,1030.14,11762.03
D009,2026-01-21,P001775,791.52,12484.26
D009,2026-02-27,P001775,1007.0,14835.32
D009,2026-03-27,P001775,705.1,16012.25
D009,2026-04-16,P001775,886.07,7378.26
D009,2026-06-26,P001775,889.79,9607.13
D009,2025-11-02,P001776,1879.56,26481.54
D009,2025-12-22,P001776,3243.46,37524.66
D009,2026-01-06,P001776,1199.09,18644.11
D009,2026-02-25,P001776,2417.49,26752.74
D009,2026-03-21,P001776,878.32,16431.79
D009,2026-04-23,P001776,2314.23,25532.66
D009,2025-12-03,P001777,1518.21,37654.66
D009,2026-02-17,P001777,1768.4,34462.29
D009,2026-03-06,P001777,2812.95,27754.01
D009,2026-04-15,P001777,2622.74,46953.67
D009,2026-06-06,P001777,2127.68,28807.99
D009,2025-11-22,P001778,335.12,4557.84
D009,2025-12-15,P001778,213.02,5174.12
D009,2026-02-11,P001778,295.8,3081.3
D009,2026-03-22,P001778,241.36,4693.05
D009,2026-05-06,P001778,530.65,5327.16
D009,2026-06-02,P001778,398.52,3498.95
D009,2025-12-05,P001779,728.32,9126.62
D009,2026-01-26,P001779,738.55,11907.24
D009,2026-02-07,P001779,1384.07,11081.93
D009,2026-03-01,P001779,512.27,11853.05
D009,2026-04-14,P001779,516.44,4915.22
D009,2026-05-03,P001779,1010.35,9705.65
D009,2025-12-22,P001780,187.51,4224.96
D009,2026-01-05,P001780,265.57,2823.03
D009,2026-02-22,P001780,329.27,4066.38
D009,2026-03-02,P001780,328.8,4686.96
D009,2026-04-15,P001780,337.24,4878.43
D009,2026-05-22,P001780,289.39,5141.34
D009,2025-11-07,P001781,9580.26,99573.59
D009,2025-12-15,P001781,3586.64,39928.81
D009,2026-02-13,P001781,3470.89,83475.29
D009,2026-03-03,P001781,2682.27,66661.56
D009,2026-05-05,P001781,5197.31,70847.23
D009,2026-06-10,P001781,7464.96,84106.68
D009,2025-11-04,P001782,498.55,12247.46
D009,2025-12-18,P001782,291.34,4486.37
D009,2026-01-10,P001782,631.71,15313.69
D009,2026-02-08,P001782,643.21,10114.48
D009,2026-03-08,P001782,265.47,6320.72
D009,2026-04-07,P001782,800.59,12710.43
D009,2026-05-21,P001782,499.76,8878.96
D009,2026-06-17,P001782,675.49,9174.19
D009,2025-11-23,P001783,280.64,5170.98
D009,2026-01-10,P001783,949.58,8503.42
D009,2026-02-01,P001783,305.44,5023.65
D009,2026-03-05,P001783,993.57,9527.43
D009,2026-04-21,P001783,347.13,5924.39
D009,2026-05-16,P001783,181.74,4341.77
D009,2026-06-22,P001783,360.23,5217.79
D009,2025-11-02,P001784,2862.69,35972.24
D009,2025-12-22,P001784,1741.08,43465.79
D009,2026-02-14,P001784,3943.58,53122.03
D009,2026-04-05,P001784,4909.33,45619.25
D009,2026-05-14,P001784,1789.18,36692.66
D009,2026-06-16,P001784,2584.27,36530.78
D009,2025-11-19,P001785,1802.24,21623.44
D009,2026-02-25,P001785,741.32,15564.09
D009,2026-03-26,P001785,1515.25,17484.26
D009,2026-04-06,P001785,1648.26,21705.94
D009,2026-05-21,P001785,854.83,20509.45
D009,2026-06-14,P001785,984.69,23270.67
D009,2025-12-22,P001786,587.84,8968.79
D009,2026-01-24,P001786,930.11,11318.59
D009,2026-02-22,P001786,456.78,6975.56
D009,2026-03-26,P001786,276.51,4759.48
D009,2026-04-24,P001786,421.91,8867.74
D009,2026-06-01,P001786,580.62,5458.42
D009,2025-11-14,P001787,820.39,16241.83
D009,2025-12-27,P001787,1415.38,16435.47
D009,2026-01-05,P001787,638.29,10106.97
D009,2026-02-11,P001787,1493.62,12641.61
D009,2026-03-02,P001787,979.4,11056.69
D009,2026-04-24,P001787,858.96,14648.54
D009,2026-05-25,P001787,1026.68,10514.9
D009,2025-11-27,P001788,3776.58,36509.76
D009,2025-12-05,P001788,2352.74,24764.49
D009,2026-01-04,P001788,2113.46,31892.86
D009,2026-02-25,P001788,1619.69,38134.04
D009,2026-03-14,P001788,2179.69,40373.83
D009,2026-04-08,P001788,1833.4,32294.7
D009,2026-05-24,P001788,2345.64,25491.29
D009,2026-06-11,P001788,984.06,19362.53
D009,2025-12-27,P001789,505.73,4326.96
D009,2026-01-19,P001789,79.05,1679.39
D009,2026-02-08,P001789,109.74,2514.76
D009,2026-03-06,P001789,190.56,2521.81
D009,2026-04-01,P001789,245.02,3054.41
D009,2026-05-18,P001789,167.97,2746.18
D009,2026-06-20,P001789,198.2,4025.51
D009,2025-12-05,P001790,124.75,2267.06
D009,2026-01-05,P001790,173.31,3960.07
D009,2026-02-05,P001790,178.01,2063.35
D009,2026-04-09,P001790,215.61,5331.76
D009,2026-05-19,P001790,270.74,5127.55
D009,2026-06-26,P001790,294.74,5447.46
D009,2025-11-23,P001791,2059.4,16915.95
D009,2025-12-01,P001791,570.41,13690.14
D009,2026-02-24,P001791,787.97,10759.87
D009,2026-03-13,P001791,635.26,12862.66
D009,2026-04-18,P001791,1051.09,10615.73
D009,2026-05-05,P001791,979.43,17699.01
D009,2026-06-01,P001791,1281.61,13606.12
D009,2025-11-18,P001792,533.87,6382.1
D009,2025-12-20,P001792,173.86,4057.89
D009,2026-01-01,P001792,266.32,6023.62
D009,2026-02-14,P001792,383.5,4123.01
D009,2026-03-09,P001792,473.91,6912.24
D009,2026-04-12,P001792,286.76,4152.56
D009,2026-05-27,P001792,157.35,3583.7
D009,2026-06-27,P001792,422.88,5116.25
D009,2025-11-14,P001793,404.17,9659.1
D009,2025-12-09,P001793,445.04,8368.46
D009,2026-01-20,P001793,1415.18,12550.65
D009,2026-02-19,P001793,635.47,8342.08
D009,2026-03-14,P001793,135.11,2887.09
D009,2026-04-11,P001793,649.4,14706.1
D009,2026-05-23,P001793,223.66,5383.73
D009,2025-11-02,P001794,197.02,3634.69
D009,2025-12-12,P001794,215.69,3306.3
D009,2026-01-06,P001794,105.07,2055.71
D009,2026-02-21,P001794,140.01,3430.72
D009,2026-03-13,P001794,139.31,2583.23
D009,2026-04-06,P001794,166.35,2811.46
D009,2026-05-04,P001794,215.01,3983.56
D009,2026-06-09,P001794,202.01,3230.09
D009,2025-11-13,P001795,127.87,2996.97
D009,2025-12-18,P001795,67.8,1398.51
D009,2026-01-21,P001795,351.12,3782.46
D009,2026-02-15,P001795,343.86,4863.28
D009,2026-03-05,P001795,224.61,2743.46
D009,2026-04-27,P001795,182.14,1978.95
D009,2026-05-11,P001795,207.08,4430.85
D009,2026-06-02,P001795,163.12,2832.73
D009,2025-11-19,P001796,396.06,7690.27
D009,2026-01-16,P001796,480.23,4456.01
D009,2026-02-12,P001796,895.11,7695.77
D009,2026-03-05,P001796,637.1,6155.57
D009,2026-04-20,P001796,449.77,7948.77
D009,2026-05-18,P001796,395.83,6832.93
D009,2026-06-01,P001796,209.6,2687.67
D009,2025-11-01,P001797,79.01,1768.19
D009,2025-12-23,P001797,197.82,3571.9
D009,2026-01-05,P001797,253.75,3794.67
D009,2026-02-10,P001797,140.87,2562.18
D009,2026-03-14,P001797,135.89,2681.7
D009,2026-04-15,P001797,166.18,2632.68
D009,2026-05-22,P001797,247.18,3335.4
D009,2025-11-08,P001798,2993.07,30576.97
D009,2025-12-15,P001798,2201.03,32991.24
D009,2026-01-24,P001798,2194.31,20579.5
D009,2026-02-13,P001798,1823.95,34571.98
D009,2026-03-22,P001798,1446.81,28620.93
D009,2026-04-25,P001798,1896.16,40447.12
D009,2026-05-13,P001798,3456.0,28248.9
D009,2026-06-20,P001798,3447.37,41611.46
D009,2026-01-23,P001799,405.17,4385.48
D009,2026-02-06,P001799,208.15,2730.43
D009,2026-04-11,P001799,363.65,7367.69
D009,2026-05-10,P001799,208.0,4086.67
D009,2026-06-03,P001799,288.25,4541.22
D009,2025-11-22,P001800,169.79,4047.23
D009,2025-12-07,P001800,566.1,7711.51
D009,2026-01-01,P001800,649.13,5200.16
D009,2026-02-22,P001800,554.96,6089.85
D009,2026-03-04,P001800,196.9,4450.22
D009,2026-05-12,P001800,303.29,6735.71
D009,2026-06-18,P001800,445.77,3919.89
D009,2025-11-25,P001801,143.05,2767.99
D009,2025-12-06,P001801,47.52,941.74
D009,2026-01-16,P001801,82.08,1948.13
D009,2026-02-12,P001801,50.6,762.69
D009,2026-03-19,P001801,405.42,3569.26
D009,2026-04-07,P001801,107.32,2194.99
D009,2026-05-11,P001801,116.85,1792.91
D009,2026-06-22,P001801,104.9,2199.72
D009,2025-11-06,P001802,2733.19,51583.25
D009,2025-12-21,P001802,7295.46,63464.98
D009,2026-01-17,P001802,4403.6,61902.41
D009,2026-02-02,P001802,2633.89,55774.34
D009,2026-03-19,P001802,3337.46,55454.43
D009,2026-05-04,P001802,2581.24,54049.65
D009,2026-06-01,P001802,3352.33,36828.75
D009,2025-11-17,P001803,342.06,5572.53
D009,2025-12-20,P001803,131.4,2869.61
D009,2026-01-16,P001803,462.58,4448.05
D009,2026-02-23,P001803,299.99,4123.38
D009,2026-03-26,P001803,261.43,3767.49
D009,2026-04-19,P001803,147.07,2981.12
D009,2026-05-22,P001803,293.5,3319.12
D009,2026-06-10,P001803,364.74,5126.92
D009,2025-11-26,P001804,1345.09,11612.2
D009,2025-12-24,P001804,1842.06,17877.87
D009,2026-01-03,P001804,610.35,12554.22
D009,2026-02-21,P001804,955.01,10297.0
D009,2026-03-05,P001804,1314.32,16006.03
D009,2026-04-02,P001804,474.49,10672.13
D009,2025-11-26,P001805,790.33,14427.55
D009,2025-12-07,P001805,1149.07,15671.81
D009,2026-02-13,P001805,1319.84,14982.63
D009,2026-03-16,P001805,1012.08,11076.08
D009,2026-04-01,P001805,627.15,8575.82
D009,2025-11-15,P001806,1982.07,42281.6
D009,2026-01-22,P001806,1660.3,25739.49
D009,2026-02-21,P001806,4701.71,46317.96
D009,2026-03-24,P001806,2260.15,39362.24
D009,2026-04-12,P001806,3428.99,35669.72
D009,2026-05-08,P001806,1413.11,20861.86
D009,2025-11-25,P001807,775.2,8597.92
D009,2025-12-23,P001807,117.29,2682.61
D009,2026-01-26,P001807,123.83,2609.63
D009,2026-02-18,P001807,709.04,9792.08
D009,2026-03-24,P001807,396.65,9355.66
D009,2026-04-02,P001807,495.51,12059.54
D009,2026-05-17,P001807,217.65,4829.75
D009,2026-06-27,P001807,492.64,11781.73
D009,2025-11-08,P001808,350.43,7106.67
D009,2025-12-20,P001808,504.05,4985.08
D009,2026-01-03,P001808,143.72,2667.51
D009,2026-02-17,P001808,381.5,5758.12
D009,2026-04-19,P001808,333.46,4324.82
D009,2025-11-10,P001809,240.18,3767.62
D009,2025-12-09,P001809,731.31,17474.66
D009,2026-01-17,P001809,847.58,15993.24
D009,2026-02-08,P001809,556.37,7595.4
D009,2026-03-07,P001809,1360.0,14604.58
D009,2026-04-08,P001809,806.22,9792.82
D009,2026-05-09,P001809,623.52,12544.93
D009,2026-06-15,P001809,407.5,5218.99
D009,2025-11-06,P001810,3566.35,67129.89
D009,2025-12-16,P001810,8779.85,105251.51
D009,2026-01-09,P001810,8153.57,118117.7
D009,2026-02-11,P001810,4506.23,65500.37
D009,2026-03-15,P001810,4494.59,38256.21
D009,2026-05-06,P001810,8803.96,83867.27
D009,2026-06-24,P001810,5838.97,88688.84
D009,2025-11-23,P001811,114.11,1932.36
D009,2026-01-11,P001811,130.18,1736.97
D009,2026-02-10,P001811,110.99,2747.09
D009,2026-03-01,P001811,359.96,4264.44
D009,2026-04-16,P001811,103.86,2060.38
D009,2026-05-13,P001811,188.91,3022.52
D009,2026-06-22,P001811,62.34,1221.53
D009,2025-11-27,P001812,792.06,9843.23
D009,2025-12-16,P001812,465.65,4535.56
D009,2026-01-10,P001812,302.22,4921.42
D009,2026-02-01,P001812,730.74,6013.75
D009,2026-03-12,P001812,441.4,7901.17
D009,2026-05-24,P001812,254.65,4345.95
D009,2026-06-19,P001812,693.74,7409.01
D009,2025-11-25,P001813,398.38,3597.01
D009,2025-12-21,P001813,157.78,2761.52
D009,2026-01-25,P001813,228.87,3983.83
D009,2026-02-14,P001813,175.5,2819.74
D009,2026-03-21,P001813,214.62,2953.38
D009,2026-04-02,P001813,244.74,5388.54
D009,2026-05-24,P001813,224.81,4990.08
D009,2026-06-04,P001813,348.3,4095.87
D009,2025-11-26,P001814,62.34,1371.16
D009,2025-12-06,P001814,286.65,4430.74
D009,2026-01-21,P001814,215.77,4451.07
D009,2026-02-02,P001814,219.85,2908.4
D009,2026-03-12,P001814,216.96,5404.58
D009,2026-04-05,P001814,499.67,4578.82
D009,2026-05-17,P001814,195.2,4762.04
D009,2026-06-25,P001814,137.18,2441.03
D009,2025-11-10,P001815,185.11,2667.36
D009,2026-01-17,P001815,94.07,2086.7
D009,2026-02-05,P001815,87.31,1848.96
D009,2026-03-26,P001815,136.76,2228.14
D009,2026-04-25,P001815,195.73,2062.05
D009,2026-05-22,P001815,117.09,2107.57
D009,2026-06-16,P001815,204.21,3206.45
D009,2025-12-13,P001816,181.25,4227.94
D009,2026-01-17,P001816,503.49,4759.17
D009,2026-02-24,P001816,276.4,2738.57
D009,2026-03-22,P001816,217.88,3537.83
D009,2026-04-21,P001816,297.59,4831.23
D009,2026-05-03,P001816,183.5,3047.85
D009,2026-06-08,P001816,158.57,2225.23
D009,2025-11-19,P001817,252.84,5369.15
D009,2025-12-05,P001817,208.7,4972.04
D009,2026-01-05,P001817,878.87,7103.5
D009,2026-02-13,P001817,342.77,7196.51
D009,2026-03-06,P001817,548.53,8716.79
D009,2026-05-20,P001817,575.48,5685.55
D009,2025-11-14,P001818,61.97,1531.34
D009,2026-01-19,P001818,122.81,1411.08
D009,2026-03-08,P001818,95.0,1436.39
D009,2026-04-16,P001818,153.86,2375.31
D009,2026-05-22,P001818,105.19,2327.04
D009,2026-06-18,P001818,142.74,2729.58
D009,2025-11-13,P001819,141.18,3165.74
D009,2025-12-03,P001819,194.73,2043.7
D009,2026-01-04,P001819,73.59,1814.04
D009,2026-02-19,P001819,117.77,2652.27
D009,2026-03-01,P001819,182.96,2135.15
D009,2026-04-06,P001819,101.33,1610.68
D009,2026-05-02,P001819,146.19,2882.25
D009,2025-11-03,P001820,262.79,4168.74
D009,2025-12-13,P001820,487.69,6010.09
D009,2026-02-21,P001820,270.72,4045.36
D009,2026-04-19,P001820,193.76,3845.98
D009,2026-06-11,P001820,256.01,4856.0
D009,2025-11-17,P001821,1249.18,16140.66
D009,2025-12-24,P001821,2094.54,19067.99
D009,2026-01-08,P001821,2496.5,24963.24
D009,2026-03-05,P001821,1529.88,16243.34
D009,2026-04-01,P001821,1381.48,15621.16
D009,2026-06-23,P001821,711.74,13628.04
D009,2025-11-25,P001822,375.31,3218.24
D009,2026-01-19,P001822,372.82,3658.96
D009,2026-02-19,P001822,116.54,2787.88
D009,2026-03-14,P001822,150.57,2867.6
D009,2026-04-17,P001822,142.51,2881.81
D009,2026-05-23,P001822,357.01,4622.76
D009,2026-06-01,P001822,290.76,4191.42
D009,2025-11-09,P001823,308.5,4190.77
D009,2025-12-14,P001823,252.02,4513.92
D009,2026-02-12,P001823,198.59,2464.07
D009,2026-03-05,P001823,301.33,4321.11
D009,2026-04-07,P001823,277.93,5603.95
D009,2026-05-10,P001823,164.0,3695.28
D009,2026-06-22,P001823,139.57,2782.57
D009,2025-11-27,P001824,565.13,8928.5
D009,2025-12-01,P001824,302.49,6603.88
D009,2026-02-15,P001824,213.04,4494.1
D009,2026-03-22,P001824,264.83,6348.21
D009,2026-04-27,P001824,403.48,8316.72
D009,2026-05-13,P001824,561.37,8748.5
D009,2026-06-13,P001824,828.04,7138.63
D009,2025-12-17,P001825,327.5,6941.15
D009,2026-02-23,P001825,663.34,6943.36
D009,2026-04-15,P001825,635.72,8397.16
D009,2026-05-01,P001825,389.81,6050.37
D009,2026-06-27,P001825,301.05,6715.19
D009,2025-11-15,P001826,476.71,9852.35
D009,2025-12-13,P001826,515.05,11076.68
D009,2026-01-21,P001826,689.61,15848.08
D009,2026-03-22,P001826,640.43,9709.0
D009,2026-04-01,P001826,1512.06,20711.58
D009,2026-05-08,P001826,339.04,7940.49
D009,2026-06-12,P001826,562.32,10793.92
D009,2025-11-17,P001827,197.01,2971.17
D009,2026-01-08,P001827,229.79,3493.82
D009,2026-02-18,P001827,131.28,2955.37
D009,2026-03-12,P001827,134.52,2431.91
D009,2026-04-27,P001827,231.89,3339.61
D009,2026-06-17,P001827,55.03,680.84
D009,2025-11-06,P001828,400.53,9570.42
D009,2025-12-07,P001828,496.69,8598.85
D009,2026-01-07,P001828,545.82,11627.04
D009,2026-02-16,P001828,481.83,9138.84
D009,2026-04-13,P001828,272.04,6759.36
D009,2026-05-05,P001828,1036.22,8796.17
D009,2026-06-21,P001828,259.04,6095.12
D009,2025-11-13,P001829,1525.88,36695.55
D009,2025-12-08,P001829,1152.98,27794.41
D009,2026-02-25,P001829,2508.75,36155.35
D009,2026-03-01,P001829,2886.3,29404.82
D009,2026-05-18,P001829,1122.6,24142.57
D009,2026-06-02,P001829,1319.44,27751.15
D009,2025-12-05,P001830,2442.59,23173.55
D009,2026-01-19,P001830,1822.01,28963.22
D009,2026-02-20,P001830,335.62,7538.34
D009,2026-03-09,P001830,1962.42,24408.36
D009,2026-04-20,P001830,1309.61,22648.38
D009,2026-06-16,P001830,1190.28,17481.08
D009,2025-11-04,P001831,925.39,13117.1
D009,2026-03-19,P001831,1629.47,19548.28
D009,2026-05-20,P001831,3444.61,32736.03
D009,2026-06-10,P001831,1124.32,21594.88
D009,2025-11-18,P001832,2369.25,44921.63
D009,2025-12-03,P001832,3594.39,35825.11
D009,2026-01-02,P001832,1445.43,35228.78
D009,2026-02-27,P001832,1503.42,32781.67
D009,2026-04-07,P001832,1067.54,25901.15
D009,2026-05-25,P001832,2549.91,59336.28
D009,2026-06-09,P001832,1479.57,35003.2
D009,2025-11-11,P001833,537.42,11076.26
D009,2025-12-22,P001833,516.05,6680.18
D009,2026-01-06,P001833,540.58,8231.41
D009,2026-02-01,P001833,826.69,13268.89
D009,2026-03-23,P001833,502.97,6951.75
D009,2026-04-08,P001833,391.52,6737.13
D009,2026-05-17,P001833,490.67,8213.59
D009,2026-06-08,P001833,342.17,6703.19
D009,2025-11-02,P001834,273.16,3145.35
D009,2026-01-05,P001834,102.2,2233.48
D009,2026-02-09,P001834,161.25,2809.11
D009,2026-03-06,P001834,98.48,1245.84
D009,2026-04-26,P001834,115.29,2187.97
D009,2026-05-13,P001834,94.74,1534.05
D009,2026-06-24,P001834,153.47,1894.45
D009,2025-11-04,P001835,389.09,3791.36
D009,2025-12-01,P001835,418.42,3431.62
D009,2026-01-21,P001835,469.65,6673.94
D009,2026-02-19,P001835,345.92,4676.9
D009,2026-03-25,P001835,429.43,6342.47
D009,2026-04-03,P001835,367.49,4877.87
D009,2026-05-26,P001835,265.05,5332.46
D009,2026-06-20,P001835,352.96,6051.11
D009,2025-11-25,P001836,5867.7,48841.62
D009,2025-12-15,P001836,1698.92,30865.39
D009,2026-03-02,P001836,2877.07,37443.96
D009,2026-05-10,P001836,5328.74,57703.8
D009,2026-06-20,P001836,1486.98,32192.4
D009,2025-11-22,P001837,269.17,5172.58
D009,2025-12-27,P001837,385.25,7186.7
D009,2026-01-24,P001837,485.9,7641.23
D009,2026-02-11,P001837,352.02,6694.8
D009,2026-03-01,P001837,377.12,6196.8
D009,2026-04-02,P001837,292.59,5159.71
D009,2026-05-16,P001837,159.65,3083.15
D009,2026-06-01,P001837,630.2,6830.4
D009,2025-11-04,P001838,1139.53,26151.39
D009,2025-12-21,P001838,941.02,15107.35
D009,2026-01-02,P001838,1889.7,24262.13
D009,2026-02-26,P001838,980.64,22981.59
D009,2026-03-26,P001838,2001.94,26532.11
D009,2026-04-05,P001838,1038.86,23459.25
D009,2026-05-20,P001838,2104.69,25371.23
D009,2026-06-01,P001838,1021.71,19982.26
D009,2025-12-16,P001839,676.62,6328.9
D009,2026-01-26,P001839,249.86,6185.6
D009,2026-02-18,P001839,315.62,3644.65
D009,2026-03-12,P001839,553.57,6228.47
D009,2026-04-26,P001839,303.82,6567.02
D009,2026-05-08,P001839,311.16,7210.42
D009,2026-06-24,P001839,748.6,8123.88
D009,2025-12-27,P001840,756.33,12149.07
D009,2026-01-24,P001840,1960.89,27372.86
D009,2026-02-07,P001840,1343.88,21446.51
D009,2026-03-08,P001840,568.58,10782.41
D009,2026-04-18,P001840,2343.87,20220.63
D009,2026-05-03,P001840,675.5,15614.86
D009,2026-06-01,P001840,2470.83,29429.65
D009,2025-11-06,P001841,333.61,3139.12
D009,2025-12-16,P001841,182.73,2899.22
D009,2026-01-24,P001841,493.43,4491.91
D009,2026-02-09,P001841,586.32,5351.96
D009,2026-03-12,P001841,231.77,4415.6
D009,2026-04-08,P001841,206.39,4042.12
D009,2026-05-20,P001841,349.83,2823.01
D009,2026-06-09,P001841,330.12,3732.17
D009,2025-11-11,P001842,526.05,6855.9
D009,2026-01-24,P001842,1122.41,10442.22
D009,2026-02-07,P001842,430.84,8513.67
D009,2026-03-27,P001842,656.15,7273.78
D009,2026-04-04,P001842,480.13,8628.41
D009,2026-05-24,P001842,784.85,8203.48
D009,2026-06-06,P001842,406.28,6796.3
D009,2025-12-13,P001843,189.79,1596.58
D009,2026-01-12,P001843,97.57,1669.97
D009,2026-02-11,P001843,135.31,1924.36
D009,2026-03-16,P001843,143.13,3021.81
D009,2026-06-09,P001843,163.39,2822.49
D009,2025-11-01,P001844,734.64,8192.25
D009,2026-01-25,P001844,245.64,5850.6
D009,2026-02-08,P001844,228.8,5533.24
D009,2026-03-16,P001844,205.93,4437.1
D009,2026-04-06,P001844,371.94,7947.51
D009,2026-05-01,P001844,705.16,6552.62
D009,2026-06-24,P001844,539.21,9814.98
D009,2026-01-14,P001845,228.59,4220.46
D009,2026-02-06,P001845,296.71,6603.2
D009,2026-03-26,P001845,471.95,7819.34
D009,2026-04-07,P001845,635.13,5765.08
D009,2026-05-22,P001845,625.43,6234.5
D009,2026-06-09,P001845,274.9,5237.38
D009,2025-11-17,P001846,722.29,8958.14
D009,2025-12-22,P001846,1094.54,11923.29
D009,2026-01-08,P001846,608.98,11296.13
D009,2026-02-10,P001846,1177.24,10611.74
D009,2026-03-03,P001846,437.66,5511.14
D009,2026-04-07,P001846,513.29,8553.66
D009,2026-06-08,P001846,1076.42,10623.2
D009,2025-12-13,P001847,402.13,9399.93
D009,2026-02-18,P001847,520.74,8253.36
D009,2026-03-20,P001847,551.68,7773.0
D009,2026-04-13,P001847,411.15,7542.63
D009,2026-05-27,P001847,600.33,5377.24
D009,2026-06-16,P001847,340.51,5118.85
D009,2025-11-24,P001848,175.88,3889.91
D009,2025-12-02,P001848,459.69,3789.59
D009,2026-01-07,P001848,250.06,3622.04
D009,2026-03-10,P001848,151.13,3635.84
D009,2026-04-25,P001848,152.9,3817.91
D009,2026-05-07,P001848,183.84,3767.11
D009,2026-06-20,P001848,185.26,1862.05
D009,2025-11-19,P001849,371.06,5861.42
D009,2026-01-06,P001849,151.99,2994.91
D009,2026-02-10,P001849,109.91,2603.46
D009,2026-03-25,P001849,187.37,2566.29
D009,2026-05-18,P001849,108.26,2407.63
D009,2026-06-22,P001849,219.27,4130.96
D009,2025-11-15,P001850,2135.8,47558.89
D009,2025-12-02,P001850,7906.06,188003.92
D009,2026-01-23,P001850,6352.03,103610.86
D009,2026-02-14,P001850,7545.55,152317.16
D009,2026-03-24,P001850,8420.44,82060.55
D009,2026-04-16,P001850,6204.91,104635.11
D009,2026-05-05,P001850,9811.5,158601.55
D009,2026-06-22,P001850,7955.23,144684.86
D009,2025-11-11,P001851,180.57,2448.17
D009,2025-12-11,P001851,170.52,3277.3
D009,2026-01-13,P001851,338.2,3708.19
D009,2026-03-11,P001851,120.43,2113.38
D009,2026-04-13,P001851,221.68,2851.2
D009,2026-05-26,P001851,325.93,2934.7
D009,2026-06-22,P001851,188.33,3664.72
D009,2025-12-18,P001852,2919.11,36782.81
D009,2026-02-24,P001852,1739.66,33424.89
D009,2026-03-05,P001852,1123.29,23123.39
D009,2026-04-27,P001852,2485.05,41021.71
D009,2026-05-11,P001852,1417.72,23199.43
D009,2026-06-03,P001852,1725.29,24401.27
D009,2025-11-21,P001853,872.48,12493.48
D009,2026-01-16,P001853,1416.41,15246.57
D009,2026-02-19,P001853,1843.75,14912.29
D009,2026-03-13,P001853,1258.59,19680.29
D009,2026-05-25,P001853,1131.1,11899.75
D009,2026-06-14,P001853,989.56,16715.75
D009,2025-11-02,P001854,1105.02,11624.91
D009,2025-12-27,P001854,369.74,6944.99
D009,2026-01-17,P001854,431.42,9672.07
D009,2026-03-21,P001854,248.98,5967.21
D009,2026-05-09,P001854,412.24,7537.1
D009,2025-12-14,P001855,287.8,4779.01
D009,2026-01-14,P001855,351.97,7310.3
D009,2026-02-11,P001855,588.46,5267.67
D009,2026-03-04,P001855,368.5,7718.73
D009,2026-04-14,P001855,164.23,1998.54
D009,2026-06-06,P001855,232.18,4116.53
D009,2025-11-12,P001856,55.42,778.35
D009,2025-12-19,P001856,163.7,3342.75
D009,2026-01-05,P001856,351.13,5644.3
D009,2026-02-26,P001856,128.54,1627.26
D009,2026-03-18,P001856,285.03,5158.09
D009,2026-04-16,P001856,204.59,4525.61
D009,2025-12-14,P001857,36.05,856.84
D009,2026-01-10,P001857,168.87,3320.35
D009,2026-02-10,P001857,259.8,4295.0
D009,2026-03-18,P001857,222.71,4058.58
D009,2026-04-19,P001857,399.56,6657.37
D009,2026-05-20,P001857,321.01,5580.67
D009,2026-06-07,P001857,525.01,7191.79
D009,2025-11-26,P001858,319.2,6654.41
D009,2025-12-25,P001858,340.4,5836.96
D009,2026-01-03,P001858,307.1,6550.26
D009,2026-02-19,P001858,440.77,6226.39
D009,2026-03-13,P001858,347.02,8226.76
D009,2026-04-13,P001858,362.41,7407.18
D009,2026-06-22,P001858,252.98,5514.23
D009,2025-11-27,P001859,66.56,1126.38
D009,2026-01-08,P001859,156.62,1527.21
D009,2026-03-05,P001859,87.61,1718.56
D009,2026-04-15,P001859,49.26,1093.99
D009,2026-05-12,P001859,137.69,1530.33
D009,2026-06-17,P001859,125.98,1650.64
D009,2025-11-06,P001860,190.34,4138.52
D009,2025-12-09,P001860,34.06,724.9
D009,2026-01-11,P001860,168.89,2379.12
D009,2026-02-12,P001860,170.34,4084.48
D009,2026-04-07,P001860,444.46,6579.72
D009,2026-05-11,P001860,298.84,6096.35
D009,2026-06-20,P001860,163.35,3071.85
D009,2025-11-16,P001861,1743.29,40696.03
D009,2025-12-15,P001861,2071.45,35315.75
D009,2026-01-01,P001861,4365.54,64478.34
D009,2026-02-08,P001861,891.1,20007.95
D009,2026-03-01,P001861,1950.37,30535.71
D009,2026-04-25,P001861,2191.1,43705.05
D009,2026-05-22,P001861,2163.34,30062.57
D009,2026-06-23,P001861,1822.6,40806.2
D009,2025-11-08,P001862,842.34,7335.88
D009,2025-12-05,P001862,476.89,6287.25
D009,2026-01-11,P001862,1117.72,9023.92
D009,2026-02-09,P001862,862.83,11529.59
D009,2026-03-19,P001862,1283.53,10295.8
D009,2026-04-01,P001862,332.97,7389.63
D009,2026-05-20,P001862,1540.05,15829.08
D009,2026-06-03,P001862,1093.58,9104.42
D009,2025-11-11,P001863,1922.51,31030.04
D009,2025-12-08,P001863,1318.85,29916.42
D009,2026-01-06,P001863,2386.35,33532.04
D009,2026-02-23,P001863,2808.95,36212.98
D009,2026-03-24,P001863,1677.11,25868.73
D009,2026-04-13,P001863,1125.48,27073.5
D009,2026-05-14,P001863,2690.8,40762.13
D009,2026-06-10,P001863,1570.48,30027.85
D009,2025-11-26,P001864,256.76,2285.31
D009,2025-12-25,P001864,507.08,4207.55
D009,2026-01-13,P001864,111.08,1612.64
D009,2026-02-18,P001864,163.13,3621.41
D009,2026-03-11,P001864,208.01,2868.32
D009,2026-04-22,P001864,197.22,2345.2
D009,2026-05-14,P001864,202.69,4918.01
D009,2026-06-17,P001864,318.07,4514.35
D009,2025-12-22,P001865,2571.45,63890.59
D009,2026-01-08,P001865,3114.79,57523.72
D009,2026-03-23,P001865,2558.18,50334.44
D009,2026-04-20,P001865,2312.15,49978.75
D009,2026-05-19,P001865,7422.62,86205.46
D009,2026-06-06,P001865,5302.89,55844.08
D009,2025-11-05,P001866,367.86,8297.91
D009,2025-12-04,P001866,597.6,7818.22
D009,2026-01-06,P001866,553.65,8079.17
D009,2026-02-17,P001866,323.7,7981.91
D009,2026-03-25,P001866,589.43,11774.81
D009,2026-04-21,P001866,506.75,8359.13
D009,2026-05-05,P001866,438.73,10125.26
D009,2026-06-23,P001866,610.73,7301.1
D009,2025-11-05,P001867,164.61,3784.17
D009,2025-12-22,P001867,279.29,3539.38
D009,2026-01-02,P001867,210.58,4918.18
D009,2026-02-06,P001867,119.62,1675.14
D009,2026-03-27,P001867,195.57,3623.36
D009,2026-04-23,P001867,221.27,3661.69
D009,2026-05-03,P001867,166.16,3638.07
D009,2025-11-13,P001868,221.8,4053.16
D009,2025-12-23,P001868,642.76,6052.87
D009,2026-01-16,P001868,240.41,3681.49
D009,2026-02-05,P001868,515.7,5760.7
D009,2026-03-26,P001868,492.36,4504.24
D009,2026-04-15,P001868,508.39,4272.85
D009,2026-05-02,P001868,413.7,6052.88
D009,2026-06-06,P001868,146.8,3263.64
D009,2025-11-12,P001869,358.55,3230.13
D009,2025-12-09,P001869,232.49,2301.32
D009,2026-01-09,P001869,292.74,2502.69
D009,2026-03-08,P001869,181.36,2709.1
D009,2026-04-16,P001869,65.99,1460.38
D009,2026-05-14,P001869,201.7,2754.72
D009,2026-06-05,P001869,95.19,1674.2
D009,2025-11-24,P001870,323.1,5409.59
D009,2025-12-15,P001870,234.12,4363.12
D009,2026-01-10,P001870,227.68,5407.34
D009,2026-02-20,P001870,230.92,5382.09
D009,2026-03-20,P001870,163.25,4032.51
D009,2026-04-06,P001870,224.59,4127.91
D009,2026-06-03,P001870,235.04,4991.28
D009,2025-11-19,P001871,6951.89,71835.62
D009,2025-12-14,P001871,4494.72,85824.97
D009,2026-01-24,P001871,8345.69,84056.08
D009,2026-02-05,P001871,5670.38,74237.85
D009,2026-03-24,P001871,3650.1,41546.01
D009,2026-04-13,P001871,2240.01,53562.39
D009,2026-05-16,P001871,4139.2,87539.01
D009,2026-06-20,P001871,4481.07,66960.78
D009,2025-11-08,P001872,937.09,14002.29
D009,2025-12-19,P001872,1066.08,17113.44
D009,2026-01-01,P001872,957.38,17924.54
D009,2026-02-22,P001872,737.76,12801.88
D009,2026-05-05,P001872,260.63,4532.65
D009,2026-06-06,P001872,1112.43,18241.34
D009,2025-11-07,P001873,668.93,13729.43
D009,2025-12-25,P001873,1532.18,12613.73
D009,2026-01-13,P001873,371.26,8805.84
D009,2026-02-03,P001873,894.3,14133.86
D009,2026-03-17,P001873,1389.29,15565.24
D009,2026-04-22,P001873,642.49,15740.8
D009,2026-05-11,P001873,1720.76,19870.83
D009,2026-06-14,P001873,1167.9,15262.75
D009,2025-11-12,P001874,227.52,4687.69
D009,2026-01-12,P001874,167.91,3532.52
D009,2026-02-23,P001874,260.31,4252.68
D009,2026-03-15,P001874,328.83,5110.61
D009,2026-04-10,P001874,241.7,5043.6
D009,2026-06-19,P001874,249.72,2666.34
D009,2025-11-05,P001875,187.11,3656.51
D009,2025-12-02,P001875,585.38,6789.31
D009,2026-01-13,P001875,399.03,5787.15
D009,2026-02-10,P001875,592.82,7068.32
D009,2026-03-04,P001875,572.57,7483.57
D009,2026-04-14,P001875,568.23,6931.21
D009,2026-06-10,P001875,332.25,4414.78
D009,2025-11-21,P001876,597.08,7489.43
D009,2025-12-04,P001876,335.82,7511.76
D009,2026-01-16,P001876,198.78,3243.54
D009,2026-03-14,P001876,333.32,5883.18
D009,2026-04-13,P001876,282.63,6749.67
D009,2026-06-24,P001876,591.86,6833.05
D009,2025-11-21,P001877,236.72,4640.06
D009,2025-12-03,P001877,201.37,4452.31
D009,2026-01-01,P001877,131.79,2336.61
D009,2026-02-04,P001877,378.02,3837.12
D009,2026-03-02,P001877,176.24,4355.38
D009,2026-04-20,P001877,329.98,4168.5
D009,2026-05-23,P001877,353.57,6087.22
D009,2025-11-03,P001878,311.69,4187.94
D009,2025-12-19,P001878,679.34,8664.35
D009,2026-01-20,P001878,685.91,11721.92
D009,2026-03-03,P001878,392.52,3428.4
D009,2026-04-17,P001878,173.27,3289.56
D009,2025-12-18,P001879,203.77,3196.84
D009,2026-01-18,P001879,355.11,5962.89
D009,2026-02-13,P001879,225.38,4128.21
D009,2026-03-19,P001879,353.38,5507.62
D009,2026-04-21,P001879,398.32,4636.97
D009,2026-05-25,P001879,358.82,3556.25
D009,2026-06-26,P001879,319.67,2795.23
D009,2026-02-11,P001880,895.12,7438.49
D009,2026-03-21,P001880,478.78,7333.24
D009,2026-04-02,P001880,709.68,8597.13
D009,2026-05-06,P001880,227.29,1928.4
D009,2025-11-06,P001881,1283.06,13585.05
D009,2025-12-10,P001881,849.74,13615.7
D009,2026-01-05,P001881,209.62,4761.71
D009,2026-02-06,P001881,771.86,15170.7
D009,2026-03-07,P001881,1179.29,16801.72
D009,2026-04-24,P001881,2182.19,21454.49
D009,2026-05-12,P001881,549.16,11749.43
D009,2026-01-07,P001882,1110.07,18603.46
D009,2026-02-22,P001882,716.76,8428.24
D009,2026-03-24,P001882,648.75,15355.73
D009,2026-04-06,P001882,542.41,8743.63
D009,2026-05-07,P001882,290.08,5059.63
D009,2025-11-23,P001883,1134.03,27187.25
D009,2025-12-25,P001883,1395.9,22987.57
D009,2026-02-05,P001883,906.23,14215.16
D009,2026-03-14,P001883,1518.3,18717.32
D009,2026-04-08,P001883,640.33,15541.26
D009,2026-06-15,P001883,1426.73,21012.05
D009,2025-11-22,P001884,1879.25,30412.04
D009,2025-12-21,P001884,4752.89,49421.69
D009,2026-02-22,P001884,3723.53,45379.81
D009,2026-03-02,P001884,2245.27,51765.17
D009,2026-04-21,P001884,1843.15,18777.86
D009,2026-05-07,P001884,3869.51,34308.67
D009,2026-06-08,P001884,4277.22,47344.41
D009,2025-12-08,P001885,670.64,10708.91
D009,2026-02-13,P001885,148.36,1753.03
D009,2026-03-06,P001885,1044.0,13105.15
D009,2026-04-22,P001885,897.38,10278.61
D009,2026-05-01,P001885,825.77,11614.75
D009,2026-06-14,P001885,451.05,8165.39
D009,2025-11-07,P001886,1386.41,16032.19
D009,2026-01-03,P001886,2308.28,24179.88
D009,2026-02-25,P001886,431.04,10022.36
D009,2026-03-02,P001886,1021.82,18029.46
D009,2026-04-17,P001886,1039.5,17192.7
D009,2026-05-27,P001886,1520.61,20484.82
D009,2026-06-16,P001886,1572.76,18436.68
D009,2025-11-10,P001887,94.79,1776.75
D009,2025-12-15,P001887,82.91,2033.85
D009,2026-01-13,P001887,88.38,1865.5
D009,2026-02-25,P001887,69.53,1427.89
D009,2026-03-01,P001887,87.04,2132.52
D009,2026-04-27,P001887,113.3,1866.18
D009,2026-05-11,P001887,91.8,1641.29
D009,2026-06-15,P001887,124.11,2445.26
D009,2025-11-21,P001888,128.81,2801.43
D009,2026-02-07,P001888,76.15,1756.78
D009,2026-03-06,P001888,183.28,2933.69
D009,2026-05-08,P001888,137.17,1471.7
D009,2026-06-03,P001888,239.73,3579.48
D009,2025-11-17,P001889,3859.41,90551.91
D009,2025-12-26,P001889,6116.87,61980.96
D009,2026-01-27,P001889,3902.02,78634.78
D009,2026-02-10,P001889,1872.81,43236.18
D009,2026-03-09,P001889,4175.39,62058.29
D009,2026-05-22,P001889,3393.33,62203.48
D009,2026-06-14,P001889,2822.49,45174.86
D009,2025-11-25,P001890,743.17,11489.82
D009,2025-12-17,P001890,642.38,11272.35
D009,2026-01-21,P001890,579.76,7525.68
D009,2026-02-21,P001890,420.21,8963.28
D009,2026-03-04,P001890,636.62,9294.95
D009,2026-04-26,P001890,561.6,11807.6
D009,2026-05-12,P001890,1276.51,13927.83
D009,2026-06-17,P001890,868.92,10582.75
D009,2025-12-21,P001891,1498.31,26459.82
D009,2026-01-06,P001891,2056.51,37410.68
D009,2026-02-15,P001891,1223.0,28558.36
D009,2026-03-21,P001891,355.68,7338.62
D009,2026-04-01,P001891,1133.58,22912.63
D009,2026-05-09,P001891,1539.41,27725.9
D009,2026-06-19,P001891,1350.21,12614.63
D009,2025-11-25,P001892,112.07,2378.94
D009,2025-12-19,P001892,247.05,2507.07
D009,2026-01-09,P001892,145.13,2779.12
D009,2026-02-09,P001892,54.26,1264.11
D009,2026-04-12,P001892,143.93,3015.45
D009,2026-05-07,P001892,95.23,2092.79
D009,2026-06-20,P001892,192.41,2276.05
D009,2025-12-23,P001893,1159.18,13361.16
D009,2026-01-11,P001893,699.73,9320.0
D009,2026-02-17,P001893,1040.46,13831.42
D009,2026-03-22,P001893,556.01,13153.05
D009,2026-04-25,P001893,0.0,0.0
D009,2026-05-16,P001893,725.71,9223.1
D009,2025-11-02,P001894,800.81,14889.25
D009,2025-12-20,P001894,1961.57,26910.44
D009,2026-01-05,P001894,894.94,18593.26
D009,2026-02-19,P001894,1509.24,24115.67
D009,2026-03-01,P001894,2093.43,20544.79
D009,2026-04-02,P001894,1559.64,18934.08
D009,2026-05-02,P001894,1374.87,12939.57
D009,2026-06-09,P001894,934.57,20591.17
D009,2025-11-10,P001895,3048.59,46602.4
D009,2025-12-04,P001895,4175.99,38465.23
D009,2026-01-10,P001895,2016.44,47258.67
D009,2026-02-02,P001895,3200.71,62595.45
D009,2026-03-23,P001895,2647.53,33467.48
D009,2026-05-15,P001895,2421.77,49693.06
D009,2026-06-04,P001895,3497.61,70934.99
D009,2025-11-11,P001896,247.07,4800.77
D009,2025-12-05,P001896,360.19,6284.38
D009,2026-01-19,P001896,309.2,6714.68
D009,2026-02-07,P001896,769.73,6610.37
D009,2026-03-20,P001896,728.43,7201.7
D009,2026-04-21,P001896,433.52,6518.28
D009,2026-05-19,P001896,317.43,5956.4
D009,2026-06-27,P001896,505.82,6482.3
D009,2025-11-27,P001897,2327.88,40120.48
D009,2025-12-20,P001897,1958.63,22937.88
D009,2026-01-05,P001897,1394.87,28996.24
D009,2026-02-05,P001897,2079.13,32329.03
D009,2026-03-24,P001897,3146.01,45579.86
D009,2026-04-05,P001897,1742.27,38368.02
D009,2026-06-21,P001897,3960.35,38319.05
D009,2025-12-25,P001898,2165.87,25426.79
D009,2026-01-22,P001898,1879.98,36090.65
D009,2026-02-17,P001898,1151.7,28234.96
D009,2026-03-23,P001898,3868.58,35937.17
D009,2026-04-03,P001898,2194.93,22682.93
D009,2026-05-05,P001898,1558.7,30900.7
D009,2025-11-14,P001899,1260.52,28141.72
D009,2025-12-14,P001899,1162.4,26705.98
D009,2026-02-26,P001899,1246.94,17983.92
D009,2026-03-18,P001899,1562.75,19787.0
D009,2026-04-26,P001899,975.33,17436.44
D009,2025-11-08,P001900,183.41,3430.66
D009,2025-12-06,P001900,181.57,2976.68
D009,2026-01-22,P001900,171.6,3675.64
D009,2026-02-10,P001900,196.27,3715.83
D009,2026-03-08,P001900,144.75,3233.26
D009,2026-04-17,P001900,153.14,2248.53
D009,2026-05-08,P001900,141.1,3049.91
D009,2026-06-21,P001900,174.26,4253.91
D009,2025-12-27,P001901,223.53,4526.06
D009,2026-01-02,P001901,630.99,8808.23
D009,2026-02-26,P001901,486.46,7261.66
D009,2026-03-16,P001901,396.69,6872.77
D009,2026-04-17,P001901,384.42,6126.99
D009,2026-05-14,P001901,499.44,7643.74
D009,2026-06-16,P001901,448.88,7736.31
D009,2025-11-24,P001902,459.26,9362.53
D009,2026-01-02,P001902,537.53,11843.03
D009,2026-02-03,P001902,560.95,9866.6
D009,2026-03-15,P001902,783.41,9152.35
D009,2026-04-23,P001902,1052.63,17280.26
D009,2026-05-07,P001902,789.38,15092.1
D009,2026-06-24,P001902,1055.6,12854.02
D009,2025-11-13,P001903,2566.92,24463.07
D009,2025-12-17,P001903,3426.23,42768.96
D009,2026-01-25,P001903,1614.25,38774.16
D009,2026-02-01,P001903,921.42,22899.6
D009,2026-03-05,P001903,2668.28,44936.62
D009,2026-04-22,P001903,583.43,14366.25
D009,2026-05-13,P001903,1099.77,26715.06
D009,2026-06-04,P001903,2806.8,32029.06
D009,2025-11-10,P001904,2020.6,30609.56
D009,2025-12-19,P001904,2634.04,27900.1
D009,2026-01-16,P001904,1872.7,30796.38
D009,2026-02-26,P001904,2849.83,59468.57
D009,2026-04-27,P001904,2021.26,29615.89
D009,2026-05-14,P001904,1235.62,29892.11
D009,2026-06-12,P001904,2702.59,51560.27
D009,2025-11-05,P001905,2191.7,32940.68
D009,2025-12-22,P001905,563.74,8509.74
D009,2026-01-20,P001905,8339.93,68388.12
D009,2026-02-10,P001905,3009.3,54874.14
D009,2026-04-27,P001905,2616.48,63664.25
D009,2026-05-12,P001905,2030.23,21618.64
D009,2025-11-05,P001906,453.1,10070.54
D009,2025-12-19,P001906,2044.4,31876.44
D009,2026-01-08,P001906,2776.12,26904.33
D009,2026-02-17,P001906,1277.46,31141.68
D009,2026-03-15,P001906,3759.54,40046.44
D009,2026-04-15,P001906,2364.34,23345.84
D009,2026-05-04,P001906,2343.3,27353.2
D009,2026-06-13,P001906,1380.66,25811.2
D009,2025-11-01,P001907,1339.02,15352.38
D009,2026-02-17,P001907,1740.84,17196.45
D009,2026-03-26,P001907,900.92,12245.61
D009,2026-04-08,P001907,1290.52,14867.76
D009,2026-05-21,P001907,909.74,13709.87
D009,2026-06-20,P001907,735.4,13823.79
D009,2025-11-17,P001908,110.94,2766.63
D009,2025-12-01,P001908,203.6,4463.0
D009,2026-01-02,P001908,310.94,4387.47
D009,2026-02-09,P001908,263.45,2856.34
D009,2026-03-23,P001908,161.91,3798.22
D009,2026-04-27,P001908,141.34,2006.77
D009,2026-05-22,P001908,125.0,2608.71
D009,2026-06-08,P001908,208.54,2028.67
D009,2025-11-15,P001909,237.1,3062.13
D009,2025-12-02,P001909,204.73,2276.68
D009,2026-01-19,P001909,176.38,2167.34
D009,2026-02-07,P001909,133.92,1944.86
D009,2026-03-12,P001909,279.31,3396.48
D009,2026-04-23,P001909,117.88,2154.52
D009,2026-05-11,P001909,239.94,2840.07
D009,2026-06-01,P001909,132.19,2534.55
D009,2025-11-23,P001910,2547.84,28528.29
D009,2025-12-22,P001910,3358.83,28625.68
D009,2026-01-20,P001910,1558.84,28838.58
D009,2026-02-24,P001910,2732.7,27763.78
D009,2026-03-13,P001910,1872.28,33515.78
D009,2026-04-03,P001910,2603.27,24273.63
D009,2026-05-25,P001910,4417.44,38994.5
D009,2026-06-24,P001910,2764.2,31600.17
D009,2025-11-17,P001911,1088.08,9991.24
D009,2025-12-27,P001911,358.19,8035.56
D009,2026-01-26,P001911,541.46,8258.11
D009,2026-02-03,P001911,858.97,9553.15
D009,2026-03-20,P001911,473.23,9655.59
D009,2026-04-17,P001911,792.06,8952.42
D009,2026-06-15,P001911,1203.94,10663.6
D009,2025-11-05,P001912,82.73,1537.61
D009,2025-12-11,P001912,187.81,3661.32
D009,2026-01-10,P001912,95.85,1940.42
D009,2026-02-03,P001912,204.37,4129.93
D009,2026-03-11,P001912,89.09,975.76
D009,2026-04-24,P001912,128.59,2495.14
D009,2026-05-11,P001912,322.0,2918.36
D009,2026-06-23,P001912,244.09,2971.58
D009,2025-11-06,P001913,446.04,4217.39
D009,2025-12-17,P001913,406.44,4969.07
D009,2026-01-03,P001913,180.84,3557.33
D009,2026-02-08,P001913,206.95,1840.2
D009,2026-03-01,P001913,240.66,4633.92
D009,2026-04-03,P001913,287.83,5635.4
D009,2026-06-03,P001913,394.47,4699.67
D009,2025-11-26,P001914,300.6,5189.14
D009,2026-01-19,P001914,323.24,6365.29
D009,2026-02-03,P001914,307.9,7020.0
D009,2026-03-01,P001914,322.45,4146.0
D009,2026-04-01,P001914,139.19,3298.99
D009,2026-05-16,P001914,448.06,4885.75
D009,2026-06-11,P001914,600.79,7103.93
D009,2025-11-11,P001915,217.51,3839.05
D009,2025-12-16,P001915,459.58,8951.49
D009,2026-01-12,P001915,468.69,10347.58
D009,2026-02-13,P001915,463.69,9528.45
D009,2026-03-06,P001915,71.76,1706.76
D009,2026-04-14,P001915,1016.58,8280.24
D009,2026-05-23,P001915,1284.71,11827.16
D009,2026-06-13,P001915,1021.48,11954.3
D009,2025-12-12,P001916,136.54,3376.32
D009,2026-02-23,P001916,147.09,3272.99
D009,2026-03-07,P001916,415.33,6271.9
D009,2026-04-17,P001916,165.55,3939.37
D009,2026-06-05,P001916,245.57,5681.91
D009,2025-11-04,P001917,340.94,6480.52
D009,2026-01-03,P001917,910.44,10252.47
D009,2026-03-18,P001917,570.28,10667.85
D009,2026-04-06,P001917,686.57,9267.27
D009,2026-05-21,P001917,874.08,14387.1
D009,2026-06-16,P001917,497.88,11866.43
D009,2025-11-11,P001918,499.12,6929.69
D009,2025-12-21,P001918,329.24,6048.01
D009,2026-01-01,P001918,954.16,11500.21
D009,2026-02-12,P001918,499.94,11956.96
D009,2026-04-22,P001918,518.69,11369.64
D009,2026-05-16,P001918,582.72,10734.66
D009,2026-06-05,P001918,1409.53,14282.89
D009,2025-11-06,P001919,633.69,7299.02
D009,2025-12-17,P001919,252.04,4627.06
D009,2026-01-13,P001919,359.89,8916.97
D009,2026-02-17,P001919,364.7,6767.43
D009,2026-03-16,P001919,1012.57,11960.45
D009,2026-04-19,P001919,658.64,7371.22
D009,2026-05-17,P001919,635.74,9438.55
D009,2026-06-26,P001919,558.67,6680.94
D009,2025-12-20,P001920,1382.75,31246.27
D009,2026-01-13,P001920,1178.0,20425.05
D009,2026-02-25,P001920,2337.79,27081.67
D009,2026-03-01,P001920,1622.68,39442.79
D009,2026-04-10,P001920,4183.4,36808.33
D009,2026-05-24,P001920,1725.28,21929.03
D009,2026-06-09,P001920,4762.47,38663.31
D009,2025-11-10,P001921,3045.41,37123.7
D009,2025-12-07,P001921,3912.5,64367.9
D009,2026-01-15,P001921,2456.84,52561.25
D009,2026-03-19,P001921,1952.64,47967.07
D009,2026-05-03,P001921,5025.99,76396.52
D009,2026-06-01,P001921,3294.34,32640.59
D009,2025-11-09,P001922,357.8,3370.93
D009,2025-12-12,P001922,363.84,6875.93
D009,2026-01-17,P001922,803.94,6450.34
D009,2026-02-12,P001922,73.69,1017.49
D009,2026-03-17,P001922,671.32,10368.11
D009,2026-04-24,P001922,737.31,8288.04
D009,2026-05-08,P001922,676.86,7675.02
D009,2026-06-17,P001922,124.93,2739.7
D009,2025-11-09,P001923,260.04,3936.05
D009,2025-12-17,P001923,105.89,2094.81
D009,2026-02-24,P001923,177.18,2835.44
D009,2026-03-04,P001923,220.87,3951.61
D009,2026-04-14,P001923,484.88,4192.17
D009,2026-05-24,P001923,204.85,3819.6
D009,2025-11-09,P001924,2696.71,40398.47
D009,2025-12-25,P001924,3576.62,51840.2
D009,2026-01-21,P001924,2347.38,41054.11
D009,2026-02-27,P001924,1802.29,43893.62
D009,2026-03-14,P001924,2110.63,43872.93
D009,2026-04-05,P001924,3569.61,50948.49
D009,2026-05-22,P001924,2594.87,50385.05
D009,2026-06-12,P001924,2186.46,23878.7
D009,2025-11-05,P001925,312.7,3475.08
D009,2025-12-20,P001925,220.22,5331.5
D009,2026-01-01,P001925,237.42,5419.12
D009,2026-02-07,P001925,293.96,6107.22
D009,2026-03-13,P001925,251.9,3350.58
D009,2026-04-24,P001925,302.93,5133.11
D009,2026-05-01,P001925,306.15,5744.11
D009,2026-06-19,P001925,215.43,5287.64
D009,2025-11-27,P001926,358.04,3133.34
D009,2025-12-18,P001926,266.95,3987.8
D009,2026-01-14,P001926,79.43,1803.36
D009,2026-03-02,P001926,298.57,2953.16
D009,2026-04-27,P001926,104.18,2481.67
D009,2026-05-01,P001926,318.86,3018.49
D009,2026-06-14,P001926,304.25,3285.7
D009,2025-11-24,P001927,371.28,7094.62
D009,2025-12-25,P001927,231.48,5306.48
D009,2026-01-13,P001927,170.06,3526.45
D009,2026-02-27,P001927,381.77,4333.62
D009,2026-03-26,P001927,255.18,5205.0
D009,2026-04-08,P001927,185.8,4409.82
D009,2026-05-20,P001927,519.77,4356.94
D009,2026-06-27,P001927,85.21,2054.67
D009,2025-11-13,P001928,254.98,6343.47
D009,2025-12-05,P001928,725.16,6732.77
D009,2026-01-20,P001928,360.88,3235.34
D009,2026-02-03,P001928,221.55,5364.09
D009,2026-05-04,P001928,364.31,5426.71
D009,2025-11-22,P001929,4121.23,76618.48
D009,2025-12-24,P001929,4115.05,82595.02
D009,2026-02-04,P001929,2477.41,61401.36
D009,2026-03-16,P001929,3382.46,75425.4
D009,2026-05-08,P001929,4277.87,78208.41
D009,2026-06-14,P001929,3091.02,26113.39
D009,2025-11-14,P001930,269.15,4968.18
D009,2025-12-13,P001930,82.69,1536.27
D009,2026-01-11,P001930,689.31,7710.13
D009,2026-02-26,P001930,214.96,5272.33
D009,2026-03-01,P001930,450.54,4294.41
D009,2026-04-24,P001930,222.42,5429.75
D009,2026-05-06,P001930,233.17,3355.99
D009,2025-11-16,P001931,1687.68,32381.61
D009,2025-12-03,P001931,2178.42,35738.43
D009,2026-01-11,P001931,2095.98,35417.63
D009,2026-02-08,P001931,1038.09,20213.93
D009,2026-03-04,P001931,1501.74,33974.71
D009,2026-04-07,P001931,921.56,22044.11
D009,2026-05-10,P001931,1690.64,34407.51
D009,2026-06-11,P001931,2455.44,42296.52
D009,2025-11-16,P001932,276.13,4350.1
D009,2026-01-07,P001932,460.16,5815.75
D009,2026-02-09,P001932,87.64,2018.27
D009,2026-03-01,P001932,269.84,6629.62
D009,2026-04-02,P001932,131.3,2636.91
D009,2026-05-21,P001932,314.23,7371.98
D009,2026-06-17,P001932,215.11,4855.34
D009,2025-11-12,P001933,337.07,5334.31
D009,2025-12-10,P001933,335.71,5463.31
D009,2026-01-18,P001933,499.62,6630.32
D009,2026-02-02,P001933,182.6,3684.38
D009,2026-04-15,P001933,423.39,5439.31
D009,2026-05-11,P001933,327.12,5528.73
D009,2026-06-25,P001933,234.27,4669.74
D009,2025-11-15,P001934,403.36,4169.56
D009,2025-12-20,P001934,518.98,7722.71
D009,2026-01-27,P001934,360.78,7263.77
D009,2026-02-05,P001934,416.4,6077.49
D009,2026-04-26,P001934,638.37,6506.97
D009,2026-05-16,P001934,187.46,4376.94
D009,2026-06-03,P001934,328.43,7248.98
D009,2025-12-16,P001935,1508.77,29810.71
D009,2026-01-27,P001935,3237.46,45492.28
D009,2026-02-05,P001935,1816.54,41950.5
D009,2026-03-03,P001935,7171.92,58236.33
D009,2026-04-10,P001935,1357.63,26746.97
D009,2026-05-21,P001935,3013.18,40337.38
D009,2025-11-01,P001936,5903.37,57957.01
D009,2025-12-12,P001936,2874.53,55714.74
D009,2026-01-07,P001936,2831.27,29236.46
D009,2026-02-09,P001936,2133.61,41918.01
D009,2026-03-17,P001936,3699.4,32249.76
D009,2026-04-18,P001936,3196.28,33080.2
D009,2025-12-23,P001937,224.41,3887.25
D009,2026-01-23,P001937,203.69,4773.87
D009,2026-02-05,P001937,371.91,4499.68
D009,2026-05-17,P001937,538.84,4413.55
D009,2026-06-26,P001937,149.36,2902.79
D009,2025-11-13,P001938,509.23,10531.96
D009,2025-12-15,P001938,978.94,10597.71
D009,2026-01-02,P001938,920.94,10280.76
D009,2026-02-12,P001938,401.57,8925.97
D009,2026-03-22,P001938,1174.32,9608.44
D009,2026-04-21,P001938,939.83,10580.61
D009,2026-05-04,P001938,1311.86,11342.51
D009,2026-06-22,P001938,950.96,11998.78
D009,2025-12-14,P001939,2551.86,26985.07
D009,2026-02-14,P001939,1393.58,16819.74
D009,2026-03-22,P001939,794.98,16411.8
D009,2026-04-02,P001939,1082.19,23507.49
D009,2026-06-14,P001939,689.78,7579.45
D009,2025-11-20,P001940,1106.45,17534.22
D009,2025-12-27,P001940,1282.19,15852.45
D009,2026-02-03,P001940,4198.75,37776.8
D009,2026-03-12,P001940,3021.64,26799.69
D009,2026-04-18,P001940,2681.9,51773.15
D009,2026-05-06,P001940,2869.67,33855.08
D009,2026-06-05,P001940,3261.12,48078.97
D009,2025-11-26,P001941,464.31,3896.45
D009,2026-01-12,P001941,179.12,3103.14
D009,2026-03-15,P001941,357.36,6256.31
D009,2026-04-25,P001941,393.53,5490.89
D009,2026-05-14,P001941,213.05,4577.34
D009,2026-06-05,P001941,363.99,4505.01
D009,2025-11-13,P001942,1101.37,13119.47
D009,2025-12-20,P001942,801.13,13349.64
D009,2026-01-16,P001942,572.73,14153.65
D009,2026-02-11,P001942,575.18,10464.11
D009,2026-03-15,P001942,1973.44,21429.85
D009,2026-04-21,P001942,914.21,22555.66
D009,2026-05-24,P001942,1899.18,21457.31
D009,2026-06-12,P001942,945.91,19594.61
D009,2025-11-06,P001943,107.66,2153.72
D009,2025-12-19,P001943,306.16,2645.1
D009,2026-01-24,P001943,166.61,2871.94
D009,2026-03-23,P001943,285.94,2921.76
D009,2026-04-15,P001943,183.15,2740.99
D009,2026-05-01,P001943,233.29,2865.96
D009,2026-06-20,P001943,137.96,2442.1
D009,2025-11-07,P001944,4131.15,53078.04
D009,2025-12-25,P001944,4353.29,59785.94
D009,2026-01-11,P001944,2785.22,61339.68
D009,2026-02-17,P001944,3062.53,57848.35
D009,2026-03-07,P001944,4993.65,76889.65
D009,2026-04-04,P001944,6369.78,56877.59
D009,2026-05-20,P001944,4309.77,69288.94
D009,2026-06-03,P001944,2600.75,46635.02
D009,2025-11-26,P001945,493.06,5641.56
D009,2025-12-01,P001945,468.18,8077.99
D009,2026-01-05,P001945,358.12,6672.17
D009,2026-05-04,P001945,277.95,5375.97
D009,2026-06-25,P001945,427.91,9261.73
D009,2025-11-22,P001946,219.47,4261.27
D009,2025-12-10,P001946,319.61,5331.84
D009,2026-01-23,P001946,189.9,4477.49
D009,2026-02-09,P001946,430.2,5650.7
D009,2026-03-22,P001946,559.93,5220.35
D009,2026-04-16,P001946,265.93,6220.82
D009,2026-05-13,P001946,232.15,3433.83
D009,2026-06-04,P001946,1016.61,8226.05
D009,2025-11-27,P001947,1458.38,25630.96
D009,2025-12-17,P001947,1887.25,43470.02
D009,2026-01-02,P001947,2159.32,32369.05
D009,2026-02-25,P001947,1494.66,33991.52
D009,2026-03-06,P001947,2213.92,26859.9
D009,2026-04-04,P001947,3209.26,47583.16
D009,2026-05-04,P001947,4864.05,52227.89
D009,2026-06-07,P001947,1911.6,42248.74
D009,2025-12-21,P001948,397.23,3687.81
D009,2026-02-10,P001948,265.37,6246.36
D009,2026-03-09,P001948,496.53,6499.12
D009,2026-04-21,P001948,284.08,6709.24
D009,2026-05-10,P001948,480.23,5878.34
D009,2026-06-21,P001948,194.52,2414.47
D009,2025-11-17,P001949,159.32,3620.17
D009,2025-12-27,P001949,274.35,2560.05
D009,2026-01-15,P001949,252.05,6050.61
D009,2026-02-27,P001949,326.35,4658.73
D009,2026-03-15,P001949,396.6,3996.14
D009,2026-04-27,P001949,412.18,3456.7
D009,2026-05-11,P001949,388.98,3214.65
D009,2026-06-11,P001949,282.14,3719.39
D009,2025-11-21,P001950,266.52,3260.21
D009,2026-01-06,P001950,193.38,4200.45
D009,2026-02-09,P001950,392.88,5716.32
D009,2026-05-10,P001950,272.76,5641.02
D009,2026-06-15,P001950,219.57,5324.33
D009,2025-11-23,P001951,267.92,5858.9
D009,2025-12-17,P001951,164.01,3719.68
D009,2026-01-19,P001951,302.24,3731.46
D009,2026-02-27,P001951,337.75,5646.52
D009,2026-03-02,P001951,203.34,4866.52
D009,2026-04-01,P001951,268.98,6136.48
D009,2026-05-02,P001951,522.83,5566.52
D009,2026-06-12,P001951,225.4,4805.08
D009,2025-11-10,P001952,170.24,3977.0
D009,2025-12-09,P001952,148.98,3004.88
D009,2026-03-17,P001952,109.42,2652.04
D009,2026-06-21,P001952,24.26,548.59
D009,2025-11-09,P001953,4302.34,95220.77
D009,2025-12-25,P001953,1493.93,31855.87
D009,2026-01-08,P001953,4565.14,66936.37
D009,2026-02-12,P001953,3117.28,67016.22
D009,2026-03-13,P001953,4035.2,60358.51
D009,2026-04-21,P001953,1432.11,34573.31
D009,2026-05-19,P001953,4453.69,75018.22
D009,2026-06-10,P001953,0.0,0.0
D009,2025-11-14,P001954,3819.59,89744.37
D009,2025-12-14,P001954,4872.4,49243.28
D009,2026-01-21,P001954,4301.25,79759.64
D009,2026-02-01,P001954,2509.86,42935.3
D009,2026-03-19,P001954,3995.34,43772.04
D009,2026-04-10,P001954,7656.75,81328.24
D009,2026-06-24,P001954,3168.86,66533.27
D009,2025-11-10,P001955,543.18,5704.19
D009,2025-12-07,P001955,278.49,5009.37
D009,2026-01-01,P001955,804.21,7544.27
D009,2026-02-15,P001955,266.95,5234.93
D009,2026-03-02,P001955,181.97,3861.53
D009,2026-05-10,P001955,358.2,7256.09
D009,2025-11-21,P001956,87.94,1363.94
D009,2025-12-24,P001956,71.16,830.5
D009,2026-02-26,P001956,207.25,2227.94
D009,2026-03-10,P001956,98.92,1242.63
D009,2026-04-12,P001956,101.23,2027.3
D009,2026-05-21,P001956,115.87,1252.93
D009,2025-11-27,P001957,321.5,5828.16
D009,2026-01-22,P001957,1810.53,19302.97
D009,2026-02-04,P001957,272.1,6513.19
D009,2026-03-12,P001957,644.71,9796.92
D009,2026-04-20,P001957,672.67,12937.5
D009,2026-05-11,P001957,880.47,16742.99
D009,2026-06-02,P001957,999.12,12548.1
D009,2025-11-05,P001958,84.7,1406.02
D009,2025-12-09,P001958,86.14,1550.87
D009,2026-01-04,P001958,57.22,1300.83
D009,2026-03-01,P001958,70.54,1695.37
D009,2026-04-08,P001958,100.07,1545.16
D009,2026-05-20,P001958,109.83,2412.99
D009,2025-11-19,P001959,537.29,10906.83
D009,2025-12-16,P001959,2145.31,40460.18
D009,2026-03-06,P001959,839.47,18042.79
D009,2026-04-26,P001959,1507.17,29160.67
D009,2026-05-27,P001959,1812.4,21604.42
D009,2026-06-03,P001959,2547.62,28415.7
D009,2026-01-06,P001960,333.85,4600.17
D009,2026-02-15,P001960,167.75,4130.51
D009,2026-06-08,P001960,525.55,6027.6
D009,2025-11-02,P001961,1723.12,39202.15
D009,2025-12-26,P001961,1564.55,26202.77
D009,2026-02-03,P001961,4411.1,50070.51
D009,2026-03-21,P001961,776.3,19133.02
D009,2026-05-09,P001961,2057.52,29643.97
D009,2026-06-11,P001961,5131.09,46585.98
D009,2025-12-11,P001962,107.46,2583.75
D009,2026-01-23,P001962,424.3,5626.99
D009,2026-02-11,P001962,394.45,4831.37
D009,2026-03-18,P001962,194.57,2424.85
D009,2026-04-06,P001962,116.32,2376.68
D009,2026-05-27,P001962,233.92,4683.96
D009,2026-06-07,P001962,201.95,4047.98
D009,2025-11-12,P001963,5648.22,45258.22
D009,2025-12-09,P001963,8871.05,73599.28
D009,2026-01-08,P001963,4457.53,39282.13
D009,2026-03-27,P001963,2047.45,50866.44
D009,2026-04-05,P001963,3559.89,80073.18
D009,2026-06-19,P001963,1406.59,29657.57
D009,2025-11-16,P001964,751.73,15213.91
D009,2025-12-15,P001964,1215.74,19555.47
D009,2026-01-06,P001964,1043.1,17083.36
D009,2026-02-25,P001964,1502.69,15188.57
D009,2026-03-24,P001964,630.39,12129.72
D009,2026-04-17,P001964,691.1,15263.96
D009,2026-05-13,P001964,1365.79,14627.66
D009,2025-11-08,P001965,236.25,5592.89
D009,2025-12-25,P001965,268.4,4384.89
D009,2026-01-25,P001965,1048.99,9758.29
D009,2026-02-12,P001965,292.17,3694.78
D009,2026-03-04,P001965,625.86,8841.03
D009,2026-04-06,P001965,639.65,5815.41
D009,2026-05-22,P001965,444.02,5952.73
D009,2026-06-26,P001965,296.05,4730.91
D009,2025-11-16,P001966,613.68,11880.86
D009,2025-12-12,P001966,799.05,11654.03
D009,2026-01-12,P001966,301.72,4886.9
D009,2026-02-18,P001966,723.99,8689.34
D009,2026-03-02,P001966,490.54,7214.75
D009,2026-04-07,P001966,1078.43,9618.24
D009,2026-05-09,P001966,494.15,7759.12
D009,2026-06-04,P001966,241.01,4505.55
D009,2025-11-07,P001967,300.28,7278.63
D009,2025-12-10,P001967,134.31,2213.89
D009,2026-01-21,P001967,519.99,5916.63
D009,2026-02-26,P001967,232.88,4567.12
D009,2026-03-12,P001967,289.08,3696.62
D009,2026-04-05,P001967,176.96,3169.19
D009,2026-05-13,P001967,127.5,2984.99
D009,2026-06-01,P001967,273.82,4380.71
D009,2025-11-24,P001968,714.41,8641.35
D009,2025-12-24,P001968,719.28,6406.96
D009,2026-01-21,P001968,216.16,4229.96
D009,2026-02-14,P001968,372.65,3192.39
D009,2026-03-12,P001968,261.14,5544.74
D009,2026-04-12,P001968,402.68,5859.62
D009,2026-05-26,P001968,180.9,4367.23
D009,2026-06-22,P001968,336.22,5641.57
D009,2025-11-03,P001969,1092.89,17018.14
D009,2025-12-07,P001969,800.05,12820.57
D009,2026-02-18,P001969,1702.49,14150.7
D009,2026-03-26,P001969,1241.74,17742.63
D009,2026-04-25,P001969,350.02,7364.22
D009,2026-05-14,P001969,555.63,10879.73
D009,2026-06-13,P001969,1319.32,18283.15
D009,2025-11-25,P001970,1229.46,26833.58
D009,2026-01-04,P001970,999.91,19976.9
D009,2026-02-18,P001970,1117.22,23178.26
D009,2026-03-02,P001970,1194.59,16156.49
D009,2026-04-26,P001970,607.9,14785.52
D009,2026-05-20,P001970,727.43,15313.4
D009,2026-06-06,P001970,889.99,20176.34
D009,2025-11-15,P001971,1014.29,15660.33
D009,2025-12-04,P001971,1988.87,16185.29
D009,2026-03-22,P001971,489.93,8699.37
D009,2026-04-09,P001971,852.12,16055.52
D009,2026-05-20,P001971,840.65,15395.11
D009,2026-06-03,P001971,861.28,17268.12
D009,2025-11-25,P001972,767.3,18850.59
D009,2025-12-10,P001972,815.63,12097.36
D009,2026-01-14,P001972,1100.76,9403.04
D009,2026-02-01,P001972,1203.73,14907.13
D009,2026-03-08,P001972,698.05,15595.58
D009,2026-04-20,P001972,239.61,5835.91
D009,2026-05-08,P001972,975.66,15172.73
D009,2026-06-02,P001972,600.19,13558.9
D009,2025-11-17,P001973,666.1,5724.53
D009,2025-12-19,P001973,235.83,3557.96
D009,2026-02-13,P001973,534.47,5016.39
D009,2026-03-19,P001973,175.63,3787.85
D009,2026-04-23,P001973,257.77,5532.52
D009,2026-05-01,P001973,225.36,4120.92
D009,2026-06-04,P001973,361.42,4038.63
D009,2025-11-23,P001974,140.11,2036.82
D009,2025-12-17,P001974,165.07,2655.53
D009,2026-01-24,P001974,121.75,1842.14
D009,2026-03-07,P001974,144.75,2369.67
D009,2026-04-19,P001974,135.09,1730.86
D009,2026-05-19,P001974,76.34,1742.28
D009,2026-06-10,P001974,129.39,1714.38
D009,2025-11-24,P001975,1429.12,22480.08
D009,2025-12-14,P001975,714.78,17478.71
D009,2026-01-22,P001975,1634.9,16530.22
D009,2026-03-04,P001975,1516.96,23119.6
D009,2026-04-19,P001975,2732.63,25670.48
D009,2026-06-05,P001975,1023.62,9636.84
D009,2025-11-18,P001976,2654.58,24921.06
D009,2025-12-12,P001976,1252.99,25488.28
D009,2026-01-24,P001976,1028.77,22986.84
D009,2026-04-17,P001976,3382.27,31883.58
D009,2026-05-19,P001976,2618.3,26268.4
D009,2026-06-26,P001976,2023.48,35571.94
D009,2025-11-22,P001977,685.15,5482.5
D009,2025-12-24,P001977,352.53,5150.65
D009,2026-01-08,P001977,513.08,5081.13
D009,2026-02-26,P001977,241.08,5941.38
D009,2026-03-21,P001977,469.51,4462.88
D009,2026-04-25,P001977,361.21,3364.41
D009,2026-05-01,P001977,505.17,5699.67
D009,2026-06-11,P001977,479.94,8907.09
D009,2025-11-12,P001978,2390.02,50501.07
D009,2025-12-16,P001978,2158.64,32557.07
D009,2026-01-16,P001978,3131.28,44233.1
D009,2026-03-13,P001978,2773.16,27085.82
D009,2026-05-23,P001978,2398.18,34148.1
D009,2026-06-23,P001978,2661.22,50556.92
D009,2025-11-21,P001979,391.64,7863.93
D009,2025-12-05,P001979,482.08,6399.96
D009,2026-01-07,P001979,713.78,7304.13
D009,2026-02-01,P001979,332.93,6497.18
D009,2026-03-01,P001979,226.31,4666.07
D009,2026-04-27,P001979,522.08,5497.99
D009,2026-05-13,P001979,456.78,8664.82
D009,2026-06-06,P001979,271.21,5251.75
D009,2025-11-19,P001980,95.23,2349.65
D009,2025-12-18,P001980,210.32,3250.79
D009,2026-01-11,P001980,221.65,2547.53
D009,2026-02-15,P001980,440.07,3650.97
D009,2026-03-11,P001980,152.71,3226.87
D009,2026-04-27,P001980,161.7,3002.68
D009,2026-05-08,P001980,250.95,2996.55
D009,2026-06-07,P001980,258.07,3527.5
D009,2025-11-25,P001981,105.55,1671.18
D009,2026-01-24,P001981,303.78,3331.82
D009,2026-02-22,P001981,410.15,4940.8
D009,2026-05-16,P001981,95.1,1736.08
D009,2026-06-18,P001981,120.02,2213.29
D010,2025-11-10,P001982,1044.85,17436.48
D010,2025-12-14,P001982,438.51,7607.12
D010,2026-01-20,P001982,457.7,10498.05
D010,2026-02-16,P001982,510.39,8585.18
D010,2026-04-11,P001982,995.17,13585.08
D010,2026-05-25,P001982,1408.99,14552.88
D010,2026-06-08,P001982,380.87,8942.68
D010,2025-11-14,P001983,243.82,4380.47
D010,2025-12-07,P001983,396.48,7953.78
D010,2026-01-08,P001983,242.09,5209.05
D010,2026-02-16,P001983,223.4,5192.02
D010,2026-03-06,P001983,284.15,6440.67
D010,2026-05-15,P001983,178.63,2719.15
D010,2026-06-26,P001983,273.84,5027.9
D010,2025-11-10,P001984,37.28,804.33
D010,2025-12-22,P001984,270.5,6287.65
D010,2026-01-22,P001984,831.43,7457.04
D010,2026-02-09,P001984,362.61,5814.19
D010,2026-03-20,P001984,420.04,5295.06
D010,2026-04-24,P001984,626.23,7226.16
D010,2026-06-02,P001984,209.13,3050.06
D010,2025-12-27,P001985,2311.31,19107.17
D010,2026-01-05,P001985,1469.27,13351.08
D010,2026-02-25,P001985,458.59,9835.45
D010,2026-05-08,P001985,874.17,17893.28
D010,2026-06-02,P001985,938.91,23055.96
D010,2025-11-18,P001986,907.36,10758.7
D010,2025-12-03,P001986,1275.63,23915.36
D010,2026-01-17,P001986,758.72,16720.02
D010,2026-02-20,P001986,636.34,6646.14
D010,2026-04-18,P001986,1063.37,14100.44
D010,2026-06-23,P001986,630.47,11479.38
D010,2025-11-05,P001987,810.68,7517.91
D010,2025-12-18,P001987,288.21,5644.49
D010,2026-01-18,P001987,290.42,6470.06
D010,2026-02-17,P001987,774.89,8734.21
D010,2026-03-24,P001987,443.71,6707.66
D010,2026-04-02,P001987,285.88,7090.98
D010,2026-05-16,P001987,333.15,5287.64
D010,2026-06-03,P001987,454.61,9433.68
D010,2025-11-03,P001988,559.82,11772.71
D010,2025-12-05,P001988,834.05,16280.28
D010,2026-01-17,P001988,686.01,16566.0
D010,2026-02-15,P001988,634.2,8237.37
D010,2026-03-26,P001988,191.85,4489.16
D010,2026-04-06,P001988,602.38,14652.15
D010,2026-05-02,P001988,946.42,17737.49
D010,2026-06-19,P001988,1291.04,22732.81
D010,2025-11-09,P001989,4598.58,75190.38
D010,2025-12-12,P001989,2823.5,63779.56
D010,2026-01-02,P001989,2360.87,57579.18
D010,2026-02-25,P001989,3115.16,67557.58
D010,2026-03-27,P001989,4356.31,52134.0
D010,2026-05-20,P001989,1777.85,40878.71
D010,2026-06-24,P001989,5543.26,65332.44
D010,2025-11-20,P001990,943.29,13094.5
D010,2025-12-12,P001990,493.97,7412.05
D010,2026-01-15,P001990,868.31,11629.31
D010,2026-02-05,P001990,1138.47,11845.43
D010,2026-03-24,P001990,549.53,13580.36
D010,2026-04-01,P001990,121.47,3029.06
D010,2026-05-21,P001990,842.15,14719.87
D010,2025-11-21,P001991,258.52,2559.7
D010,2025-12-24,P001991,179.59,2766.78
D010,2026-01-20,P001991,284.26,6284.43
D010,2026-02-04,P001991,396.99,4186.93
D010,2026-03-27,P001991,161.47,2347.38
D010,2026-04-27,P001991,97.77,1454.55
D010,2026-05-24,P001991,313.67,5394.59
D010,2026-06-14,P001991,148.54,3095.58
D010,2025-11-16,P001992,842.75,12133.5
D010,2026-01-20,P001992,578.52,12027.02
D010,2026-02-12,P001992,560.15,6242.53
D010,2026-03-24,P001992,876.79,17632.28
D010,2026-04-21,P001992,552.0,10219.51
D010,2026-06-01,P001992,538.28,13328.15
D010,2025-11-19,P001993,596.33,10520.83
D010,2025-12-26,P001993,1272.1,17980.35
D010,2026-01-26,P001993,559.96,10531.31
D010,2026-02-16,P001993,183.72,3535.65
D010,2026-03-10,P001993,409.88,8797.97
D010,2026-04-08,P001993,304.35,6875.35
D010,2026-05-17,P001993,654.94,13664.77
D010,2026-06-17,P001993,424.26,9714.2
D010,2025-12-04,P001994,3532.29,61777.92
D010,2026-01-24,P001994,6670.02,71715.5
D010,2026-02-10,P001994,7903.71,83416.2
D010,2026-03-05,P001994,3695.22,67792.53
D010,2026-04-08,P001994,3837.65,72200.35
D010,2026-05-07,P001994,0.0,0.0
D010,2026-06-24,P001994,5253.97,77447.72
D010,2025-11-04,P001995,528.29,8253.55
D010,2026-01-01,P001995,473.02,6532.65
D010,2026-02-26,P001995,419.39,7436.39
D010,2026-03-01,P001995,472.89,9726.75
D010,2026-04-05,P001995,874.27,7703.51
D010,2026-05-14,P001995,397.88,9206.25
D010,2026-06-12,P001995,552.54,6225.0
D010,2025-11-12,P001996,4177.52,48694.09
D010,2025-12-20,P001996,6231.96,61097.32
D010,2026-01-11,P001996,4459.0,70952.98
D010,2026-04-27,P001996,7720.2,126674.39
D010,2026-05-22,P001996,2658.22,57262.1
D010,2026-06-17,P001996,4645.88,53835.44
D010,2025-11-08,P001997,506.2,9518.73
D010,2025-12-03,P001997,1015.31,8902.59
D010,2026-01-11,P001997,1017.14,9609.12
D010,2026-02-17,P001997,232.93,5757.56
D010,2026-03-25,P001997,366.69,6422.26
D010,2026-04-09,P001997,445.54,5773.02
D010,2026-06-12,P001997,382.37,8718.0
D010,2025-12-18,P001998,574.81,5185.14
D010,2026-01-15,P001998,259.07,4789.13
D010,2026-02-01,P001998,126.25,2923.16
D010,2026-03-20,P001998,431.36,5823.59
D010,2026-04-10,P001998,501.99,4947.55
D010,2026-05-09,P001998,576.57,5649.18
D010,2026-06-12,P001998,507.27,8182.02
D010,2025-11-23,P001999,147.06,3022.66
D010,2025-12-12,P001999,141.01,2931.16
D010,2026-01-10,P001999,318.54,3449.62
D010,2026-02-03,P001999,243.32,4077.32
D010,2026-03-03,P001999,197.91,2245.54
D010,2026-04-13,P001999,119.08,2612.11
D010,2026-05-07,P001999,168.75,2425.06
D010,2025-11-26,P002000,2547.26,48735.2
D010,2025-12-08,P002000,3034.74,29124.49
D010,2026-01-13,P002000,1991.66,18683.89
D010,2026-02-26,P002000,1521.49,25682.32
D010,2026-03-14,P002000,4089.24,53922.61
D010,2026-04-21,P002000,1584.86,24534.12
D010,2026-05-17,P002000,1336.4,23052.79
D010,2026-06-11,P002000,1930.73,43315.63
D010,2025-11-19,P002001,2350.97,29072.88
D010,2025-12-04,P002001,756.45,18394.37
D010,2026-01-21,P002001,814.96,18136.02
D010,2026-02-22,P002001,1048.93,19592.21
D010,2026-05-12,P002001,2677.43,21913.73
D010,2025-11-15,P002002,166.16,4069.71
D010,2025-12-08,P002002,407.52,3501.04
D010,2026-01-02,P002002,289.06,3331.3
D010,2026-02-08,P002002,365.38,3180.46
D010,2026-03-17,P002002,195.66,2787.24
D010,2026-04-21,P002002,453.4,4725.79
D010,2026-05-15,P002002,106.1,2299.77
D010,2026-06-24,P002002,184.35,3810.52
D010,2025-11-02,P002003,1614.05,29918.6
D010,2025-12-20,P002003,1592.34,37699.96
D010,2026-01-10,P002003,4739.4,41612.58
D010,2026-02-26,P002003,1861.84,28839.79
D010,2026-03-03,P002003,4926.91,42586.32
D010,2026-04-21,P002003,4646.28,42169.56
D010,2026-06-10,P002003,1202.44,29830.99
D010,2025-11-19,P002004,1238.31,11167.47
D010,2025-12-09,P002004,648.16,12360.75
D010,2026-02-19,P002004,1154.29,23225.71
D010,2026-04-08,P002004,969.26,12383.98
D010,2026-05-08,P002004,531.86,12312.5
D010,2026-01-17,P002005,166.22,4115.38
D010,2026-02-10,P002005,394.7,6192.42
D010,2026-03-10,P002005,332.91,5942.56
D010,2026-04-24,P002005,197.36,3343.61
D010,2026-05-09,P002005,195.99,4049.03
D010,2026-06-07,P002005,93.29,1645.57
D010,2025-11-08,P002006,2006.51,39940.52
D010,2026-01-07,P002006,2124.85,33631.26
D010,2026-02-13,P002006,4715.71,83230.65
D010,2026-03-24,P002006,3346.81,51353.26
D010,2026-04-06,P002006,3867.85,46782.6
D010,2026-05-08,P002006,4325.48,62303.5
D010,2026-06-19,P002006,2391.1,56935.52
D010,2025-11-14,P002007,551.36,6456.68
D010,2025-12-13,P002007,416.87,5248.27
D010,2026-01-07,P002007,710.94,5994.96
D010,2026-02-01,P002007,342.11,6482.45
D010,2026-03-24,P002007,148.53,3224.47
D010,2026-04-19,P002007,413.46,9424.23
D010,2026-05-06,P002007,652.55,7061.61
D010,2026-06-27,P002007,553.57,9187.44
D010,2025-11-21,P002008,3180.94,30987.88
D010,2026-01-09,P002008,1065.64,18901.43
D010,2026-04-20,P002008,1590.74,31918.52
D010,2026-05-02,P002008,830.55,19557.06
D010,2026-06-09,P002008,1331.55,30446.25
D010,2025-11-08,P002009,1587.44,13655.84
D010,2025-12-24,P002009,696.84,13335.84
D010,2026-02-06,P002009,741.48,14313.75
D010,2026-03-12,P002009,1055.82,10610.55
D010,2026-04-23,P002009,855.53,17136.09
D010,2026-05-02,P002009,1074.86,16887.69
D010,2026-06-11,P002009,1009.77,21487.7
D010,2025-11-02,P002010,460.44,10350.01
D010,2025-12-15,P002010,998.33,9298.24
D010,2026-01-22,P002010,438.79,7590.98
D010,2026-02-08,P002010,1008.28,11900.46
D010,2026-03-27,P002010,416.31,7469.74
D010,2026-04-20,P002010,794.2,6508.23
D010,2026-05-09,P002010,780.99,8288.13
D010,2026-06-04,P002010,511.39,8166.54
D010,2025-11-11,P002011,580.34,5760.66
D010,2025-12-18,P002011,464.68,9480.29
D010,2026-01-10,P002011,274.81,6025.45
D010,2026-02-01,P002011,382.23,4530.28
D010,2026-03-17,P002011,426.55,9355.05
D010,2026-04-12,P002011,279.6,5709.21
D010,2026-05-03,P002011,186.12,4486.69
D010,2026-06-07,P002011,500.78,5249.65
D010,2025-12-26,P002012,246.9,6151.05
D010,2026-01-11,P002012,931.86,8843.54
D010,2026-02-27,P002012,809.87,12732.54
D010,2026-03-13,P002012,406.47,9195.42
D010,2026-05-02,P002012,421.96,8442.49
D010,2026-06-01,P002012,822.02,12988.64
D010,2025-11-03,P002013,2318.16,34407.54
D010,2025-12-14,P002013,1136.23,24067.4
D010,2026-01-27,P002013,4109.32,35099.42
D010,2026-02-03,P002013,139.31,1874.25
D010,2026-04-22,P002013,2240.66,42299.92
D010,2026-05-17,P002013,2325.82,50418.29
D010,2026-06-26,P002013,3400.9,48861.14
D010,2025-11-01,P002014,376.34,3215.91
D010,2025-12-09,P002014,82.47,1113.03
D010,2026-02-15,P002014,81.39,1983.75
D010,2026-04-04,P002014,99.68,2304.5
D010,2026-05-14,P002014,143.21,1749.6
D010,2025-12-15,P002015,643.73,6409.97
D010,2026-01-04,P002015,452.7,10326.64
D010,2026-02-06,P002015,626.35,9208.29
D010,2026-03-05,P002015,864.6,9777.48
D010,2026-04-15,P002015,337.88,8022.26
D010,2026-05-10,P002015,527.9,8971.71
D010,2026-06-26,P002015,380.9,4982.79
D010,2025-11-09,P002016,535.9,7708.52
D010,2025-12-21,P002016,420.62,5339.2
D010,2026-01-12,P002016,216.49,5295.07
D010,2026-03-20,P002016,568.87,4745.94
D010,2026-05-06,P002016,436.24,8616.32
D010,2026-06-26,P002016,372.61,6547.52
D010,2025-11-16,P002017,1987.3,29577.52
D010,2025-12-22,P002017,2179.05,35442.45
D010,2026-02-14,P002017,1356.72,24397.47
D010,2026-03-18,P002017,1380.61,24458.67
D010,2026-04-19,P002017,3133.29,39823.97
D010,2026-05-03,P002017,2181.21,33113.03
D010,2026-06-19,P002017,950.41,19910.34
D010,2025-11-15,P002018,5068.04,52471.72
D010,2025-12-08,P002018,5167.5,48536.16
D010,2026-03-19,P002018,4769.52,65808.06
D010,2026-04-26,P002018,2851.44,66181.03
D010,2026-05-02,P002018,2952.5,64225.61
D010,2026-06-11,P002018,3270.07,58395.81
D010,2025-11-16,P002019,423.2,9092.84
D010,2025-12-25,P002019,805.04,8878.79
D010,2026-01-10,P002019,1160.68,14076.57
D010,2026-02-25,P002019,962.63,16237.5
D010,2026-04-21,P002019,549.35,7121.33
D010,2026-05-05,P002019,1107.81,11732.87
D010,2026-06-06,P002019,671.53,11588.81
D010,2025-11-10,P002020,532.56,8208.73
D010,2025-12-24,P002020,305.99,6340.2
D010,2026-01-22,P002020,370.57,5135.36
D010,2026-02-16,P002020,413.87,6958.8
D010,2026-03-15,P002020,576.09,6777.53
D010,2026-04-10,P002020,428.6,5882.66
D010,2026-05-20,P002020,846.63,9995.62
D010,2026-06-10,P002020,299.06,4116.93
D010,2025-11-05,P002021,523.12,10595.94
D010,2025-12-27,P002021,644.86,14225.55
D010,2026-01-25,P002021,913.69,12916.89
D010,2026-02-12,P002021,1120.05,22689.02
D010,2026-03-02,P002021,1183.63,20170.57
D010,2026-05-10,P002021,2138.42,21961.56
D010,2025-11-01,P002022,5965.96,86017.12
D010,2026-01-06,P002022,4320.07,58215.44
D010,2026-02-01,P002022,7705.48,76463.83
D010,2026-03-04,P002022,4131.54,61774.96
D010,2026-05-16,P002022,4378.81,51546.7
D010,2026-06-07,P002022,3460.19,52343.33
D010,2025-11-16,P002023,1255.13,11492.42
D010,2025-12-17,P002023,961.95,10762.92
D010,2026-01-06,P002023,888.06,10881.89
D010,2026-02-14,P002023,552.87,10924.97
D010,2026-03-13,P002023,1017.76,9612.91
D010,2026-04-05,P002023,786.47,11205.11
D010,2026-05-16,P002023,726.14,15671.08
D010,2026-06-21,P002023,481.41,5871.51
D010,2025-11-13,P002024,84.31,1650.85
D010,2025-12-27,P002024,116.42,2135.55
D010,2026-01-20,P002024,141.67,2452.97
D010,2026-03-13,P002024,134.33,1719.29
D010,2026-04-22,P002024,62.72,1247.04
D010,2026-05-09,P002024,97.47,2071.16
D010,2026-06-20,P002024,68.47,1342.09
D010,2025-11-23,P002025,191.92,2246.62
D010,2025-12-24,P002025,119.7,1116.5
D010,2026-01-24,P002025,133.05,2078.08
D010,2026-02-24,P002025,266.1,2240.76
D010,2026-03-15,P002025,255.38,2999.31
D010,2026-04-19,P002025,60.42,889.46
D010,2026-05-25,P002025,137.39,2050.98
D010,2025-11-05,P002026,1780.12,22175.49
D010,2025-12-07,P002026,5290.69,42677.95
D010,2026-01-05,P002026,1040.54,23455.52
D010,2026-02-15,P002026,1504.37,27944.86
D010,2026-03-05,P002026,2457.83,31733.04
D010,2026-04-04,P002026,1433.88,20124.78
D010,2026-05-15,P002026,3873.13,43978.51
D010,2026-06-23,P002026,4075.11,35154.76
D010,2025-11-21,P002027,271.97,3536.68
D010,2025-12-03,P002027,458.67,3925.08
D010,2026-02-26,P002027,64.18,1542.65
D010,2026-04-01,P002027,251.42,3416.72
D010,2026-05-24,P002027,263.45,2883.5
D010,2026-06-25,P002027,193.81,3598.04
D010,2025-11-19,P002028,208.74,4635.25
D010,2025-12-13,P002028,385.37,4051.6
D010,2026-01-11,P002028,174.32,3906.23
D010,2026-02-22,P002028,210.51,5174.03
D010,2026-03-11,P002028,266.18,4070.13
D010,2026-04-03,P002028,570.89,6838.91
D010,2026-05-13,P002028,377.11,5893.53
D010,2026-06-12,P002028,310.73,3009.96
D010,2025-11-04,P002029,462.36,3706.55
D010,2025-12-02,P002029,315.49,6371.21
D010,2026-01-26,P002029,260.76,5243.56
D010,2026-02-13,P002029,214.53,4083.84
D010,2026-03-06,P002029,582.92,5494.05
D010,2026-05-20,P002029,560.66,6928.83
D010,2026-06-03,P002029,185.03,3618.96
D010,2025-11-10,P002030,1730.11,26931.94
D010,2025-12-01,P002030,1364.81,31553.55
D010,2026-01-23,P002030,1936.04,44335.65
D010,2026-02-19,P002030,658.97,13908.16
D010,2026-03-02,P002030,2764.39,52356.64
D010,2026-04-12,P002030,3148.02,41412.58
D010,2026-05-03,P002030,1977.32,35510.91
D010,2026-06-06,P002030,1374.03,15216.46
D010,2025-11-10,P002031,1380.17,31726.69
D010,2025-12-01,P002031,3068.42,41111.51
D010,2026-01-23,P002031,1457.8,32053.17
D010,2026-02-02,P002031,4036.56,32720.77
D010,2026-03-12,P002031,2067.23,43367.56
D010,2026-04-13,P002031,1572.55,23310.64
D010,2026-05-11,P002031,1755.43,19005.47
D010,2026-06-02,P002031,2187.88,52057.23
D010,2025-11-08,P002032,646.07,10062.94
D010,2025-12-25,P002032,418.43,4447.27
D010,2026-05-07,P002032,701.23,6412.58
D010,2026-06-08,P002032,400.53,7429.34
D010,2025-11-10,P002033,2389.22,55052.25
D010,2025-12-07,P002033,1768.49,39353.94
D010,2026-01-20,P002033,3365.77,33836.79
D010,2026-02-22,P002033,1902.33,38452.31
D010,2026-04-17,P002033,2832.75,41916.64
D010,2026-05-07,P002033,4860.04,47511.43
D010,2026-06-23,P002033,5817.21,53722.02
D010,2025-11-09,P002034,103.88,2411.08
D010,2025-12-27,P002034,146.06,2346.93
D010,2026-01-22,P002034,146.7,1394.88
D010,2026-02-19,P002034,147.19,1786.6
D010,2026-03-06,P002034,190.73,2612.02
D010,2026-04-08,P002034,107.96,2237.19
D010,2026-05-14,P002034,159.79,2293.67
D010,2026-06-05,P002034,94.05,1263.96
D010,2025-11-08,P002035,147.83,2419.59
D010,2025-12-21,P002035,207.88,4939.94
D010,2026-01-03,P002035,357.65,4436.65
D010,2026-02-07,P002035,583.05,4929.02
D010,2026-03-14,P002035,184.21,4424.29
D010,2026-04-16,P002035,161.25,2701.07
D010,2026-05-15,P002035,249.61,4568.12
D010,2025-11-11,P002036,1223.3,16404.12
D010,2025-12-24,P002036,796.59,18130.42
D010,2026-01-14,P002036,976.48,8477.27
D010,2026-02-18,P002036,374.58,8334.32
D010,2026-03-19,P002036,763.66,18872.47
D010,2026-05-19,P002036,484.05,10429.48
D010,2026-06-12,P002036,1194.6,19383.14
D010,2025-11-14,P002037,5918.13,78329.63
D010,2025-12-13,P002037,5251.18,87572.38
D010,2026-01-07,P002037,6365.04,81454.54
D010,2026-03-16,P002037,4665.86,95168.67
D010,2026-04-12,P002037,4435.45,88818.94
D010,2026-05-18,P002037,4327.88,70572.59
D010,2026-06-01,P002037,2723.57,41193.89
D010,2025-11-19,P002038,492.38,5568.15
D010,2025-12-24,P002038,286.8,3701.2
D010,2026-02-19,P002038,540.4,4650.11
D010,2026-04-07,P002038,332.9,6001.13
D010,2026-05-16,P002038,316.62,7834.19
D010,2025-11-23,P002039,104.67,2028.78
D010,2025-12-10,P002039,154.22,2383.56
D010,2026-01-16,P002039,314.49,4267.8
D010,2026-02-05,P002039,265.33,2983.57
D010,2026-04-19,P002039,209.21,3898.55
D010,2026-06-11,P002039,176.93,3051.24
D010,2025-11-27,P002040,421.41,3754.55
D010,2026-01-02,P002040,297.45,4052.1
D010,2026-02-20,P002040,142.07,2657.25
D010,2026-03-08,P002040,236.37,3522.56
D010,2026-06-18,P002040,225.49,4074.59
D010,2025-11-10,P002041,2350.35,35394.87
D010,2025-12-08,P002041,2632.73,61545.91
D010,2026-01-26,P002041,1708.52,41061.64
D010,2026-02-13,P002041,3150.66,78629.62
D010,2026-05-17,P002041,6466.7,65388.53
D010,2026-06-10,P002041,5149.91,62907.36
D010,2025-12-23,P002042,1214.28,13107.32
D010,2026-02-16,P002042,628.59,15277.09
D010,2026-03-22,P002042,909.92,15013.57
D010,2026-04-18,P002042,817.77,15058.76
D010,2026-05-02,P002042,886.76,16914.02
D010,2026-06-13,P002042,1354.34,14805.26
D010,2025-11-07,P002043,118.55,1660.21
D010,2025-12-21,P002043,318.26,3539.57
D010,2026-02-24,P002043,122.0,2234.99
D010,2026-04-26,P002043,148.54,2744.59
D010,2026-05-15,P002043,185.11,2948.77
D010,2026-06-02,P002043,57.31,1306.7
D010,2025-12-14,P002044,212.21,4372.04
D010,2026-01-04,P002044,852.81,10149.02
D010,2026-02-06,P002044,1018.79,10340.72
D010,2026-03-27,P002044,594.95,11823.13
D010,2026-04-09,P002044,658.99,13930.98
D010,2026-05-02,P002044,543.88,7420.36
D010,2026-06-23,P002044,445.54,8692.86
D010,2025-11-27,P002045,358.08,8485.19
D010,2026-01-11,P002045,309.86,5679.17
D010,2026-02-17,P002045,613.67,5158.64
D010,2026-03-22,P002045,314.19,5350.32
D010,2026-06-08,P002045,151.42,2794.34
D010,2025-11-25,P002046,288.31,4858.84
D010,2025-12-15,P002046,454.91,10332.48
D010,2026-02-13,P002046,493.04,6360.99
D010,2026-03-25,P002046,342.84,5124.05
D010,2026-05-05,P002046,768.51,7750.42
D010,2026-06-27,P002046,444.79,4506.89
D010,2025-11-03,P002047,3691.79,59237.85
D010,2025-12-15,P002047,1714.09,39376.84
D010,2026-01-21,P002047,3016.3,58900.19
D010,2026-02-27,P002047,2737.35,58490.09
D010,2026-03-26,P002047,4843.87,67232.91
D010,2026-05-23,P002047,2698.08,36399.19
D010,2026-06-10,P002047,5767.43,51181.14
D010,2025-11-16,P002048,895.77,11477.71
D010,2025-12-09,P002048,299.7,6305.96
D010,2026-01-06,P002048,875.52,19048.08
D010,2026-02-21,P002048,1028.31,10429.38
D010,2026-03-15,P002048,1045.1,18120.99
D010,2026-04-03,P002048,1436.69,14973.68
D010,2026-05-10,P002048,389.19,6818.67
D010,2026-06-10,P002048,1362.72,11408.93
D010,2025-11-01,P002049,3237.66,75994.97
D010,2025-12-27,P002049,4191.97,55211.64
D010,2026-02-05,P002049,1978.39,48557.71
D010,2026-03-19,P002049,3947.16,54640.31
D010,2026-04-06,P002049,2297.64,56837.54
D010,2026-05-01,P002049,2765.63,51330.42
D010,2026-06-16,P002049,4308.14,60913.15
D010,2025-11-22,P002050,151.95,3533.35
D010,2026-02-14,P002050,562.69,5495.65
D010,2026-03-24,P002050,656.9,5823.21
D010,2026-04-20,P002050,166.49,2351.48
D010,2026-06-02,P002050,212.23,4523.09
D010,2025-12-23,P002051,321.16,6993.21
D010,2026-02-02,P002051,432.55,6472.29
D010,2026-03-02,P002051,386.0,6191.77
D010,2026-04-11,P002051,451.62,4404.37
D010,2026-05-13,P002051,301.69,7126.31
D010,2026-06-27,P002051,446.05,5310.58
D010,2025-11-03,P002052,416.94,8661.75
D010,2025-12-11,P002052,665.31,8645.89
D010,2026-03-22,P002052,523.19,9388.41
D010,2026-05-25,P002052,772.97,12082.89
D010,2026-06-24,P002052,231.19,5518.58
D010,2025-11-26,P002053,401.63,4924.5
D010,2025-12-16,P002053,1730.34,15465.35
D010,2026-01-10,P002053,1554.45,13017.36
D010,2026-02-22,P002053,320.74,5773.72
D010,2026-03-21,P002053,397.12,7258.4
D010,2026-04-17,P002053,376.55,8940.43
D010,2026-05-10,P002053,609.5,8043.94
D010,2026-06-11,P002053,1154.5,11941.27
D010,2025-11-03,P002054,253.47,5664.95
D010,2025-12-05,P002054,646.94,10272.5
D010,2026-01-16,P002054,542.73,12007.44
D010,2026-02-26,P002054,557.61,11651.23
D010,2026-03-10,P002054,410.93,9612.13
D010,2025-11-13,P002055,1682.46,34722.67
D010,2025-12-13,P002055,1856.99,25707.64
D010,2026-01-09,P002055,1318.45,17358.27
D010,2026-02-05,P002055,887.72,14353.67
D010,2026-03-12,P002055,2800.04,28880.38
D010,2026-04-11,P002055,743.79,17572.88
D010,2026-05-20,P002055,1458.95,28034.97
D010,2026-06-24,P002055,756.21,15758.79
D010,2025-11-22,P002056,328.12,6102.29
D010,2025-12-01,P002056,189.74,1653.99
D010,2026-01-22,P002056,198.76,4581.66
D010,2026-02-13,P002056,261.64,3407.16
D010,2026-03-22,P002056,214.32,3508.51
D010,2026-04-26,P002056,464.12,7143.26
D010,2026-05-18,P002056,182.93,2923.79
D010,2025-11-07,P002057,452.96,6218.69
D010,2025-12-15,P002057,386.83,8054.95
D010,2026-01-04,P002057,940.34,12128.15
D010,2026-02-14,P002057,342.92,6683.93
D010,2026-03-01,P002057,496.92,7014.65
D010,2026-04-08,P002057,635.59,6839.12
D010,2026-05-25,P002057,593.43,6396.44
D010,2026-06-09,P002057,473.82,6681.61
D010,2025-11-26,P002058,593.56,6041.38
D010,2025-12-24,P002058,278.98,3908.85
D010,2026-02-08,P002058,739.8,7954.95
D010,2026-03-21,P002058,326.89,4247.67
D010,2026-04-25,P002058,698.0,7219.26
D010,2026-05-12,P002058,406.62,6040.72
D010,2026-06-21,P002058,254.51,3468.73
D010,2025-11-02,P002059,968.46,15382.56
D010,2025-12-27,P002059,556.36,12685.89
D010,2026-01-10,P002059,894.55,13217.9
D010,2026-02-19,P002059,1019.57,16902.46
D010,2026-04-24,P002059,1607.9,20433.02
D010,2026-05-14,P002059,911.61,22479.08
D010,2026-06-03,P002059,966.04,20413.29
D010,2025-11-22,P002060,720.88,11804.22
D010,2025-12-17,P002060,569.23,9666.77
D010,2026-01-23,P002060,735.74,17254.5
D010,2026-02-01,P002060,433.88,7485.41
D010,2026-03-09,P002060,728.63,11549.53
D010,2026-04-26,P002060,382.8,8438.28
D010,2026-05-26,P002060,366.23,9070.82
D010,2026-06-10,P002060,580.19,12175.46
D010,2025-11-14,P002061,613.39,6032.17
D010,2025-12-23,P002061,539.98,5800.39
D010,2026-01-11,P002061,355.57,6386.53
D010,2026-02-19,P002061,300.87,6161.27
D010,2026-03-16,P002061,739.68,6029.3
D010,2026-05-26,P002061,191.2,3304.34
D010,2025-11-05,P002062,98.65,2362.35
D010,2025-12-15,P002062,490.49,4625.67
D010,2026-01-24,P002062,205.36,2675.7
D010,2026-02-01,P002062,268.98,5720.45
D010,2026-03-03,P002062,167.13,3872.11
D010,2026-04-25,P002062,331.14,2860.97
D010,2026-05-07,P002062,427.44,4175.37
D010,2026-06-02,P002062,175.22,2856.37
D010,2025-11-20,P002063,440.13,9628.06
D010,2025-12-22,P002063,263.44,6074.78
D010,2026-01-07,P002063,585.91,12057.84
D010,2026-02-20,P002063,1131.07,10739.16
D010,2026-03-14,P002063,952.38,9738.76
D010,2026-05-03,P002063,558.85,11598.52
D010,2026-06-13,P002063,370.54,8582.85
D010,2025-11-18,P002064,749.36,15752.5
D010,2025-12-17,P002064,767.87,11709.97
D010,2026-01-11,P002064,600.51,13016.89
D010,2026-02-09,P002064,1256.22,17014.39
D010,2026-03-16,P002064,1311.61,11912.08
D010,2026-04-24,P002064,463.99,9792.56
D010,2026-05-08,P002064,388.81,9295.06
D010,2025-11-10,P002065,128.19,2967.68
D010,2025-12-14,P002065,409.43,5791.45
D010,2026-01-10,P002065,245.38,3314.83
D010,2026-02-09,P002065,176.28,3831.71
D010,2026-03-05,P002065,519.33,4685.85
D010,2026-04-22,P002065,170.72,3562.18
D010,2026-05-08,P002065,155.36,3304.87
D010,2026-06-05,P002065,187.23,3941.34
D010,2025-11-05,P002066,1806.66,36226.65
D010,2025-12-01,P002066,2387.87,35518.25
D010,2026-01-02,P002066,874.61,21023.35
D010,2026-02-22,P002066,1068.1,20920.91
D010,2026-03-17,P002066,1364.24,33125.23
D010,2026-05-22,P002066,1680.46,35300.6
D010,2026-06-14,P002066,2974.59,28572.99
D010,2025-11-17,P002067,198.67,4951.16
D010,2025-12-09,P002067,400.64,5040.61
D010,2026-01-08,P002067,344.32,7632.88
D010,2026-02-26,P002067,421.65,6233.64
D010,2026-04-13,P002067,437.12,5767.89
D010,2026-05-19,P002067,329.0,6328.28
D010,2026-06-25,P002067,410.14,4814.96
D010,2025-12-20,P002068,132.64,2969.44
D010,2026-02-13,P002068,495.71,9262.32
D010,2026-03-13,P002068,550.9,12522.88
D010,2026-04-07,P002068,2377.41,20891.77
D010,2026-05-18,P002068,2850.61,24643.31
D010,2026-06-05,P002068,1559.78,16965.37
D010,2025-12-02,P002069,2378.47,36543.86
D010,2026-02-11,P002069,4427.21,59323.58
D010,2026-03-18,P002069,2226.12,42223.8
D010,2026-04-21,P002069,4857.7,64513.41
D010,2026-05-11,P002069,3813.69,70424.9
D010,2026-06-15,P002069,2248.93,28864.15
D010,2025-12-05,P002070,427.14,9677.93
D010,2026-02-17,P002070,637.7,12718.26
D010,2026-03-14,P002070,698.42,9561.12
D010,2026-04-20,P002070,420.47,9716.43
D010,2026-05-15,P002070,830.52,8158.75
D010,2025-12-27,P002071,334.13,7843.94
D010,2026-01-25,P002071,544.92,9533.15
D010,2026-02-08,P002071,311.84,6340.01
D010,2026-03-05,P002071,288.42,4402.92
D010,2026-04-06,P002071,379.67,7072.92
D010,2026-05-08,P002071,288.36,7158.96
D010,2026-06-22,P002071,546.08,4647.07
D010,2025-11-03,P002072,212.68,4755.29
D010,2025-12-22,P002072,434.44,4733.88
D010,2026-02-21,P002072,151.06,3744.44
D010,2026-03-06,P002072,433.21,4029.54
D010,2026-04-04,P002072,334.72,4365.85
D010,2026-05-24,P002072,304.3,2486.44
D010,2026-06-11,P002072,283.5,3464.74
D010,2025-11-01,P002073,621.68,7988.24
D010,2025-12-21,P002073,552.67,6264.96
D010,2026-01-10,P002073,1474.74,13678.7
D010,2026-02-16,P002073,586.28,8347.33
D010,2026-03-18,P002073,865.1,12239.53
D010,2026-04-25,P002073,567.95,9972.14
D010,2026-05-10,P002073,2042.95,17578.31
D010,2026-06-05,P002073,512.97,6942.63
D010,2025-11-19,P002074,485.36,8639.18
D010,2025-12-13,P002074,573.87,5851.92
D010,2026-01-25,P002074,739.35,10941.61
D010,2026-02-19,P002074,559.59,6250.57
D010,2026-03-05,P002074,453.82,8486.44
D010,2026-04-17,P002074,305.29,6496.67
D010,2026-06-07,P002074,1019.15,12797.72
D010,2025-11-19,P002075,1359.67,33539.4
D010,2025-12-17,P002075,5575.87,53772.19
D010,2026-01-04,P002075,3009.66,57010.5
D010,2026-02-25,P002075,1302.88,29827.12
D010,2026-03-03,P002075,1334.96,28794.96
D010,2026-05-11,P002075,3478.51,71165.12
D010,2026-06-14,P002075,4809.66,53118.65
D010,2025-11-10,P002076,268.7,5011.43
D010,2025-12-17,P002076,241.04,5377.42
D010,2026-01-20,P002076,382.1,3453.36
D010,2026-03-22,P002076,996.75,9380.27
D010,2026-04-27,P002076,602.63,5852.09
D010,2026-06-09,P002076,367.77,8941.1
D010,2025-12-20,P002077,378.08,7117.75
D010,2026-01-14,P002077,861.71,21116.86
D010,2026-02-12,P002077,1482.52,14858.35
D010,2026-03-26,P002077,819.34,11544.9
D010,2026-04-15,P002077,489.85,11568.38
D010,2026-05-25,P002077,691.35,11841.55
D010,2026-06-10,P002077,720.57,12063.95
D010,2025-11-10,P002078,136.64,1589.93
D010,2025-12-21,P002078,72.22,1581.07
D010,2026-01-08,P002078,143.97,2565.45
D010,2026-04-18,P002078,139.68,1492.29
D010,2026-05-04,P002078,202.63,3830.04
D010,2025-11-11,P002079,3106.54,37642.45
D010,2025-12-25,P002079,1277.54,31050.44
D010,2026-01-12,P002079,843.23,16034.91
D010,2026-03-14,P002079,1519.99,23760.29
D010,2026-04-08,P002079,3149.53,32337.76
D010,2026-05-17,P002079,1500.42,30760.79
D010,2026-06-17,P002079,796.1,18635.3
D010,2025-11-02,P002080,431.45,8243.09
D010,2025-12-05,P002080,601.72,6353.07
D010,2026-01-25,P002080,535.48,4364.33
D010,2026-02-23,P002080,345.14,5083.49
D010,2026-03-19,P002080,583.84,5511.26
D010,2026-05-12,P002080,160.53,3111.99
D010,2026-06-02,P002080,206.26,5106.09
D010,2025-11-17,P002081,722.97,10157.63
D010,2025-12-05,P002081,823.83,6902.79
D010,2026-02-11,P002081,1138.39,15362.28
D010,2026-03-21,P002081,625.78,11739.72
D010,2026-04-12,P002081,2109.86,17319.65
D010,2026-05-07,P002081,871.61,17338.68
D010,2026-06-15,P002081,1044.88,13330.49
D010,2025-11-19,P002082,1391.82,11440.44
D010,2025-12-13,P002082,1557.1,17715.86
D010,2026-01-15,P002082,1893.03,17173.91
D010,2026-04-09,P002082,1278.73,18923.36
D010,2026-06-06,P002082,1587.66,15956.64
D010,2025-11-26,P002083,609.98,9794.52
D010,2025-12-09,P002083,379.11,8247.78
D010,2026-01-19,P002083,268.29,6594.99
D010,2026-02-20,P002083,341.73,6484.67
D010,2026-04-19,P002083,399.28,7431.96
D010,2026-05-21,P002083,344.64,8031.97
D010,2026-06-05,P002083,800.14,9106.11
D010,2025-12-27,P002084,331.95,3011.72
D010,2026-01-01,P002084,112.13,1732.98
D010,2026-03-03,P002084,181.0,3437.11
D010,2026-04-01,P002084,241.44,2309.3
D010,2026-05-06,P002084,104.71,1442.5
D010,2026-06-09,P002084,165.51,2820.93
D010,2025-11-11,P002085,165.82,4069.09
D010,2025-12-21,P002085,603.09,8238.67
D010,2026-01-04,P002085,308.84,5174.81
D010,2026-02-26,P002085,595.21,6039.1
D010,2026-03-04,P002085,502.09,6706.8
D010,2026-04-23,P002085,340.89,5521.65
D010,2026-06-05,P002085,350.15,6233.16
D010,2025-11-08,P002086,424.94,6986.7
D010,2025-12-22,P002086,268.15,4283.95
D010,2026-01-21,P002086,276.45,4149.45
D010,2026-03-14,P002086,236.01,4780.45
D010,2026-04-08,P002086,508.58,4322.69
D010,2026-05-18,P002086,105.28,2548.3
D010,2026-06-22,P002086,405.66,10120.74
D010,2025-11-15,P002087,2485.87,26213.68
D010,2025-12-08,P002087,2404.05,58906.57
D010,2026-01-20,P002087,1676.16,39478.78
D010,2026-02-24,P002087,1655.37,29903.52
D010,2026-03-17,P002087,3339.38,42017.62
D010,2026-04-02,P002087,3190.77,61453.52
D010,2026-05-25,P002087,4101.45,53493.05
D010,2026-06-02,P002087,5047.83,44993.31
D010,2025-11-20,P002088,294.28,4817.45
D010,2026-01-05,P002088,79.21,1959.68
D010,2026-02-13,P002088,192.33,3891.3
D010,2026-03-12,P002088,176.58,2890.83
D010,2026-04-27,P002088,248.41,5816.25
D010,2026-05-05,P002088,132.23,3048.05
D010,2026-06-06,P002088,211.26,4367.98
D010,2025-11-18,P002089,1619.02,17634.32
D010,2025-12-13,P002089,669.11,12554.96
D010,2026-01-17,P002089,1858.63,15532.78
D010,2026-02-19,P002089,924.67,12210.97
D010,2026-04-26,P002089,2590.01,30593.46
D010,2026-05-08,P002089,1205.03,14484.69
D010,2026-06-09,P002089,1266.76,24402.37
D010,2025-11-13,P002090,428.83,3949.35
D010,2025-12-19,P002090,428.77,9654.09
D010,2026-01-17,P002090,270.44,6617.52
D010,2026-03-19,P002090,321.06,3757.87
D010,2026-04-23,P002090,353.47,7804.75
D010,2026-05-25,P002090,695.27,8706.5
D010,2026-06-08,P002090,311.68,5518.51
D010,2025-11-15,P002091,821.1,15347.93
D010,2025-12-11,P002091,1405.01,17516.85
D010,2026-01-25,P002091,656.04,11818.89
D010,2026-02-26,P002091,1055.44,13248.02
D010,2026-03-10,P002091,1238.5,11566.72
D010,2026-04-26,P002091,824.5,16535.98
D010,2026-05-08,P002091,1472.4,12700.82
D010,2026-06-26,P002091,476.49,11470.17
D010,2025-12-04,P002092,1721.54,33736.45
D010,2026-02-17,P002092,2347.97,49219.58
D010,2026-03-04,P002092,2316.09,45490.25
D010,2026-04-04,P002092,991.98,9733.16
D010,2026-05-11,P002092,1651.01,37882.93
D010,2026-06-08,P002092,1199.31,24360.15
D010,2025-11-09,P002093,131.81,2543.79
D010,2026-01-16,P002093,243.66,5058.84
D010,2026-02-08,P002093,521.08,4739.84
D010,2026-03-03,P002093,373.74,6741.79
D010,2026-04-23,P002093,212.55,2954.4
D010,2026-05-22,P002093,65.91,1598.87
D010,2025-11-07,P002094,1198.4,19102.49
D010,2025-12-04,P002094,1412.14,25876.1
D010,2026-02-07,P002094,1437.29,30404.66
D010,2026-03-05,P002094,2232.31,18992.4
D010,2026-04-07,P002094,1549.01,20403.71
D010,2026-05-11,P002094,1003.39,21005.27
D010,2026-06-22,P002094,925.48,16593.39
D010,2025-12-12,P002095,1227.93,17937.01
D010,2026-01-21,P002095,464.27,7677.14
D010,2026-02-01,P002095,708.25,12450.7
D010,2026-04-22,P002095,456.5,11325.74
D010,2026-05-23,P002095,798.35,13608.66
D010,2026-06-11,P002095,888.47,11217.86
D010,2025-11-08,P002096,195.9,1968.01
D010,2025-12-01,P002096,93.79,1967.09
D010,2026-02-21,P002096,102.53,1727.79
D010,2026-04-16,P002096,153.16,1869.78
D010,2026-05-06,P002096,194.74,2436.31
D010,2026-06-21,P002096,52.81,1154.62
D010,2025-11-10,P002097,1915.23,41246.55
D010,2025-12-23,P002097,2258.32,41440.31
D010,2026-01-06,P002097,1451.9,17745.03
D010,2026-02-09,P002097,1349.14,28865.34
D010,2026-05-08,P002097,1199.31,28555.5
D010,2026-06-21,P002097,2595.54,42920.07
D010,2025-11-17,P002098,4002.5,91697.08
D010,2025-12-23,P002098,2629.39,64681.11
D010,2026-03-07,P002098,2577.12,43166.95
D010,2026-04-04,P002098,4319.59,69766.03
D010,2026-05-10,P002098,8964.16,83998.67
D010,2026-06-25,P002098,4752.77,76950.15
D010,2025-11-10,P002099,134.37,2508.1
D010,2025-12-22,P002099,110.92,1966.98
D010,2026-01-03,P002099,160.66,3887.2
D010,2026-02-10,P002099,145.18,2730.01
D010,2026-04-05,P002099,173.18,2446.27
D010,2026-05-17,P002099,127.26,2081.11
D010,2026-06-18,P002099,174.5,3659.88
D010,2025-11-13,P002100,243.6,3439.23
D010,2026-01-21,P002100,239.71,5499.14
D010,2026-02-21,P002100,245.83,3708.1
D010,2026-03-26,P002100,317.59,4633.11
D010,2026-04-04,P002100,216.32,3597.8
D010,2026-05-08,P002100,229.68,2520.17
D010,2026-06-03,P002100,496.37,4393.34
D010,2025-11-14,P002101,249.46,3056.51
D010,2025-12-16,P002101,177.71,2209.44
D010,2026-01-21,P002101,171.15,3282.05
D010,2026-02-07,P002101,91.86,2257.34
D010,2026-03-01,P002101,225.86,3514.61
D010,2026-04-16,P002101,209.32,2076.27
D010,2026-05-21,P002101,170.29,3650.12
D010,2026-06-08,P002101,106.32,1698.84
D010,2025-11-24,P002102,119.28,1504.92
D010,2025-12-15,P002102,84.45,1094.76
D010,2026-01-19,P002102,120.82,2027.48
D010,2026-02-01,P002102,109.8,1527.84
D010,2026-03-22,P002102,94.32,1718.67
D010,2026-04-22,P002102,39.14,927.75
D010,2026-05-05,P002102,156.92,1458.02
D010,2026-06-05,P002102,145.44,2065.78
D010,2025-11-15,P002103,236.56,2774.64
D010,2025-12-01,P002103,176.13,4381.29
D010,2026-01-11,P002103,282.2,3492.28
D010,2026-02-14,P002103,206.53,3286.52
D010,2026-03-15,P002103,109.5,2221.5
D010,2026-04-07,P002103,208.93,3245.07
D010,2026-05-24,P002103,168.33,2440.05
D010,2025-11-27,P002104,359.4,7962.07
D010,2025-12-25,P002104,1485.62,12490.76
D010,2026-01-24,P002104,887.0,10354.22
D010,2026-02-23,P002104,683.53,16159.36
D010,2026-03-16,P002104,897.78,8126.82
D010,2026-04-11,P002104,640.77,10005.39
D010,2026-05-07,P002104,424.54,8835.59
D010,2026-06-18,P002104,525.81,9934.22
D010,2025-11-04,P002105,761.1,12989.07
D010,2025-12-18,P002105,607.49,8256.59
D010,2026-01-02,P002105,624.62,14825.24
D010,2026-02-26,P002105,603.38,11797.16
D010,2026-03-20,P002105,858.76,14748.52
D010,2026-04-12,P002105,376.91,7956.52
D010,2026-05-23,P002105,1486.26,12538.27
D010,2026-06-25,P002105,1108.59,12256.71
D010,2025-11-26,P002106,46.0,962.74
D010,2025-12-06,P002106,171.51,1667.61
D010,2026-01-13,P002106,183.57,2041.85
D010,2026-02-18,P002106,118.85,1151.63
D010,2026-03-05,P002106,56.13,502.84
D010,2026-04-07,P002106,60.0,1231.94
D010,2026-05-23,P002106,83.69,1227.56
D010,2026-06-08,P002106,45.19,982.11
D010,2025-11-26,P002107,184.21,4486.83
D010,2025-12-15,P002107,322.99,7154.07
D010,2026-01-14,P002107,316.26,6672.45
D010,2026-02-20,P002107,489.19,6301.74
D010,2026-03-11,P002107,413.52,5516.57
D010,2026-04-02,P002107,783.08,8149.64
D010,2026-05-18,P002107,516.19,10413.11
D010,2025-12-23,P002108,1245.32,26926.62
D010,2026-01-22,P002108,1755.8,30426.22
D010,2026-02-01,P002108,2979.63,36532.15
D010,2026-04-01,P002108,1977.24,45106.82
D010,2026-06-25,P002108,1392.92,25263.84
D010,2025-11-05,P002109,229.27,3295.5
D010,2025-12-01,P002109,123.33,2786.1
D010,2026-01-20,P002109,126.84,2215.89
D010,2026-02-21,P002109,249.76,4983.24
D010,2026-03-26,P002109,456.82,4486.28
D010,2026-04-23,P002109,375.79,6002.66
D010,2026-05-09,P002109,136.74,2533.76
D010,2026-06-19,P002109,411.9,6172.21
D010,2025-11-21,P002110,1115.42,25961.01
D010,2025-12-25,P002110,1280.6,26918.35
D010,2026-01-06,P002110,5208.14,47227.82
D010,2026-02-09,P002110,949.14,20177.1
D010,2026-03-06,P002110,2452.27,20368.23
D010,2026-04-07,P002110,2114.13,36559.67
D010,2026-05-19,P002110,894.52,21539.8
D010,2025-11-08,P002111,163.44,2996.88
D010,2025-12-27,P002111,173.08,2928.5
D010,2026-01-02,P002111,103.91,1903.02
D010,2026-02-12,P002111,189.1,2201.36
D010,2026-03-21,P002111,173.26,3377.88
D010,2026-05-08,P002111,252.59,2864.2
D010,2026-06-13,P002111,110.4,2687.84
D010,2025-11-18,P002112,743.15,11820.87
D010,2025-12-11,P002112,1934.07,16001.4
D010,2026-01-09,P002112,1990.63,15988.01
D010,2026-02-05,P002112,1184.72,19227.89
D010,2026-03-03,P002112,1305.47,13430.39
D010,2026-04-24,P002112,1376.71,15501.68
D010,2026-05-23,P002112,700.69,13745.21
D010,2025-11-13,P002113,2942.54,49632.66
D010,2026-01-06,P002113,2207.96,53382.38
D010,2026-02-17,P002113,2776.0,33949.06
D010,2026-03-23,P002113,5045.8,45744.72
D010,2026-04-16,P002113,4661.19,70846.47
D010,2026-06-25,P002113,2718.11,33741.52
D010,2025-11-11,P002114,882.93,12070.71
D010,2025-12-08,P002114,753.69,10388.6
D010,2026-01-09,P002114,1395.09,15546.56
D010,2026-02-08,P002114,974.48,13121.98
D010,2026-04-11,P002114,529.33,12590.18
D010,2026-06-27,P002114,820.04,9071.71
D010,2025-11-27,P002115,1421.1,14206.92
D010,2025-12-08,P002115,460.64,6415.04
D010,2026-01-19,P002115,725.55,16055.99
D010,2026-02-04,P002115,669.71,10497.33
D010,2026-03-08,P002115,680.41,9401.12
D010,2026-04-13,P002115,661.06,11808.0
D010,2026-05-25,P002115,408.13,8008.99
D010,2026-06-24,P002115,1116.57,10431.82
D010,2025-11-01,P002116,779.89,15243.24
D010,2025-12-02,P002116,923.08,14187.69
D010,2026-01-24,P002116,915.51,17216.84
D010,2026-02-06,P002116,432.84,7223.76
D010,2026-03-25,P002116,787.4,18886.16
D010,2026-04-08,P002116,696.04,12392.11
D010,2026-05-20,P002116,854.93,19187.8
D010,2026-06-01,P002116,1027.1,15195.16
D010,2025-11-09,P002117,1222.24,27504.57
D010,2025-12-05,P002117,938.42,23406.44
D010,2026-01-04,P002117,2094.86,30462.18
D010,2026-02-06,P002117,1447.12,24242.47
D010,2026-03-05,P002117,2522.26,25206.02
D010,2026-04-06,P002117,1666.32,23566.49
D010,2026-05-24,P002117,1011.08,21166.65
D010,2026-06-15,P002117,1225.31,21184.47
D010,2025-11-09,P002118,440.48,6832.25
D010,2025-12-15,P002118,722.85,11219.13
D010,2026-01-10,P002118,292.48,6428.4
D010,2026-05-03,P002118,447.17,8270.26
D010,2026-06-24,P002118,565.08,10833.96
D010,2025-12-24,P002119,4821.96,44335.81
D010,2026-01-26,P002119,1423.93,16546.41
D010,2026-02-11,P002119,260.22,5195.54
D010,2026-03-26,P002119,1454.21,29366.49
D010,2026-04-01,P002119,1307.91,31027.93
D010,2026-06-22,P002119,2483.0,42260.83
D010,2025-11-13,P002120,409.87,6355.19
D010,2025-12-21,P002120,1207.51,15309.18
D010,2026-01-11,P002120,979.04,12927.17
D010,2026-02-25,P002120,693.56,14387.91
D010,2026-03-09,P002120,634.53,12089.82
D010,2026-05-03,P002120,863.96,12825.87
D010,2026-06-22,P002120,426.99,7689.59
D010,2025-11-17,P002121,679.74,15782.98
D010,2025-12-19,P002121,970.06,9633.22
D010,2026-01-12,P002121,419.01,9714.77
D010,2026-02-20,P002121,1173.59,15532.67
D010,2026-03-24,P002121,756.69,7602.25
D010,2026-05-16,P002121,522.35,8886.67
D010,2026-06-20,P002121,774.64,7260.39
D010,2025-11-06,P002122,174.21,1560.66
D010,2025-12-17,P002122,1069.91,11985.2
D010,2026-03-13,P002122,818.7,13993.83
D010,2026-05-22,P002122,948.04,11354.98
D010,2025-11-21,P002123,162.04,3368.44
D010,2026-01-23,P002123,1386.91,12088.33
D010,2026-02-23,P002123,1057.48,10543.43
D010,2026-03-15,P002123,822.8,10997.74
D010,2026-04-27,P002123,271.1,6413.09
D010,2026-05-10,P002123,586.12,6357.38
D010,2026-06-19,P002123,697.23,14384.04
D010,2025-11-23,P002124,1080.57,24833.15
D010,2025-12-06,P002124,1636.2,37097.9
D010,2026-01-04,P002124,1297.71,30474.41
D010,2026-02-02,P002124,1243.25,20915.64
D010,2026-03-16,P002124,2621.82,36759.29
D010,2026-04-04,P002124,1381.38,34443.28
D010,2026-05-17,P002124,1122.36,20705.45
D010,2026-06-11,P002124,2745.96,33913.8
D010,2025-11-08,P002125,2368.19,51875.56
D010,2025-12-08,P002125,2493.93,53584.54
D010,2026-01-01,P002125,3971.01,62798.14
D010,2026-02-21,P002125,2759.78,55013.09
D010,2026-03-24,P002125,2459.12,47693.11
D010,2026-04-03,P002125,3491.67,38447.03
D010,2026-05-12,P002125,3166.42,73419.36
D010,2026-06-18,P002125,1404.48,23795.68
D010,2025-11-17,P002126,2167.26,53580.31
D010,2025-12-05,P002126,737.99,16597.54
D010,2026-01-20,P002126,2378.81,26629.69
D010,2026-02-19,P002126,2083.56,48655.38
D010,2026-03-19,P002126,2506.67,40701.08
D010,2025-11-01,P002127,360.88,4899.66
D010,2025-12-23,P002127,363.55,6213.77
D010,2026-01-08,P002127,395.28,5710.92
D010,2026-03-08,P002127,652.06,5578.14
D010,2026-04-18,P002127,850.14,7434.22
D010,2026-05-02,P002127,247.7,5903.42
D010,2026-06-12,P002127,364.21,8373.78
D010,2025-12-02,P002128,866.24,12280.79
D010,2026-01-10,P002128,198.18,4720.58
D010,2026-02-17,P002128,536.48,6525.76
D010,2026-03-24,P002128,211.92,3651.41
D010,2026-04-07,P002128,537.52,8682.33
D010,2026-05-15,P002128,660.9,7073.71
D010,2026-06-08,P002128,836.81,10167.31
D010,2025-11-26,P002129,404.52,8762.63
D010,2025-12-20,P002129,197.91,3346.83
D010,2026-01-21,P002129,230.85,5461.4
D010,2026-02-05,P002129,317.99,7332.51
D010,2026-03-22,P002129,196.42,4199.95
D010,2026-04-10,P002129,538.39,6952.31
D010,2026-05-18,P002129,372.11,5136.69
D010,2026-06-04,P002129,322.74,7950.33
D010,2025-12-08,P002130,144.19,3585.19
D010,2026-01-26,P002130,186.26,4574.39
D010,2026-02-11,P002130,185.42,2876.91
D010,2026-03-20,P002130,241.22,3648.08
D010,2026-04-15,P002130,175.09,3862.13
D010,2026-05-04,P002130,118.53,2958.12
D010,2026-06-14,P002130,88.02,2134.94
D010,2025-11-10,P002131,211.65,4011.85
D010,2025-12-17,P002131,212.67,2822.84
D010,2026-01-18,P002131,194.87,2533.48
D010,2026-02-03,P002131,78.86,1808.45
D010,2026-03-27,P002131,140.82,2407.96
D010,2026-04-17,P002131,216.27,2992.99
D010,2026-06-17,P002131,260.66,3012.52
D010,2025-12-14,P002132,211.16,4650.63
D010,2026-01-25,P002132,267.39,6306.11
D010,2026-03-16,P002132,279.24,4528.19
D010,2026-04-22,P002132,211.68,4246.04
D010,2026-05-26,P002132,219.59,3734.29
D010,2026-06-26,P002132,242.7,4529.78
D010,2025-11-27,P002133,154.72,2065.88
D010,2025-12-26,P002133,249.77,3507.47
D010,2026-01-11,P002133,296.64,7146.85
D010,2026-03-22,P002133,282.61,3248.68
D010,2026-04-27,P002133,168.04,4080.39
D010,2026-05-05,P002133,526.93,4803.63
D010,2026-06-20,P002133,550.7,4828.76
D010,2025-12-20,P002134,710.33,10436.26
D010,2026-02-06,P002134,460.15,9882.6
D010,2026-04-25,P002134,306.97,7657.77
D010,2026-05-04,P002134,140.5,2722.59
D010,2026-06-14,P002134,171.59,2994.72
D010,2025-11-07,P002135,6377.4,80722.2
D010,2025-12-02,P002135,2645.48,57122.16
D010,2026-01-01,P002135,3794.8,80673.02
D010,2026-02-02,P002135,7764.37,93178.54
D010,2026-03-27,P002135,3204.57,62859.11
D010,2026-04-14,P002135,2547.03,53809.15
D010,2026-05-22,P002135,2753.28,34726.35
D010,2026-06-27,P002135,1540.03,26510.58
D010,2025-11-24,P002136,2625.69,39424.24
D010,2025-12-02,P002136,2751.68,34648.83
D010,2026-01-25,P002136,3592.92,42427.79
D010,2026-02-07,P002136,7270.73,66976.27
D010,2026-03-22,P002136,2281.71,47109.18
D010,2026-05-25,P002136,2434.81,21506.18
D010,2026-06-16,P002136,2005.69,29840.17
D010,2025-11-21,P002137,327.51,7165.19
D010,2026-01-19,P002137,769.86,10488.12
D010,2026-02-27,P002137,222.26,2934.55
D010,2026-04-14,P002137,832.41,9225.8
D010,2026-05-03,P002137,581.76,9625.04
D010,2026-06-04,P002137,426.04,8577.69
D010,2025-11-14,P002138,707.43,9624.38
D010,2025-12-18,P002138,664.96,6621.78
D010,2026-01-24,P002138,280.27,5235.2
D010,2026-03-23,P002138,532.1,8842.12
D010,2026-04-11,P002138,297.53,4641.03
D010,2026-06-24,P002138,556.87,6471.36
D010,2025-11-07,P002139,3335.92,70325.83
D010,2025-12-10,P002139,7670.43,100340.86
D010,2026-01-10,P002139,3399.7,67479.5
D010,2026-03-11,P002139,5918.73,58114.33
D010,2026-04-03,P002139,5070.12,59321.87
D010,2026-05-18,P002139,6079.23,113565.47
D010,2026-06-19,P002139,6346.77,82406.99
D010,2025-11-13,P002140,973.73,9913.98
D010,2025-12-07,P002140,286.47,3830.6
D010,2026-01-27,P002140,480.12,7983.26
D010,2026-02-04,P002140,735.76,11295.22
D010,2026-03-12,P002140,121.82,2265.24
D010,2026-04-25,P002140,743.4,11004.72
D010,2026-05-24,P002140,1197.52,10095.28
D010,2026-06-18,P002140,1172.44,12746.74
D010,2025-11-03,P002141,315.72,6256.32
D010,2025-12-17,P002141,742.17,6973.2
D010,2026-03-12,P002141,259.4,5895.49
D010,2026-04-11,P002141,399.84,9304.65
D010,2026-05-25,P002141,376.9,7267.19
D010,2025-11-11,P002142,1531.18,19110.22
D010,2025-12-15,P002142,503.99,11704.85
D010,2026-01-23,P002142,1098.29,18829.32
D010,2026-03-14,P002142,1429.49,15274.31
D010,2026-04-27,P002142,524.12,8739.08
D010,2026-06-08,P002142,1003.79,21547.39
D010,2025-11-04,P002143,489.3,6060.89
D010,2026-01-07,P002143,329.93,3033.19
D010,2026-02-05,P002143,221.48,4068.01
D010,2026-03-18,P002143,484.22,8162.18
D010,2026-04-02,P002143,406.25,7360.66
D010,2026-05-20,P002143,288.06,5600.48
D010,2026-06-01,P002143,379.15,4562.21
D010,2025-11-03,P002144,356.6,3009.3
D010,2025-12-19,P002144,219.6,3258.28
D010,2026-01-19,P002144,80.83,1383.22
D010,2026-04-10,P002144,125.95,3041.03
D010,2026-05-24,P002144,82.73,1686.99
D010,2026-06-23,P002144,287.08,5827.77
D010,2025-12-18,P002145,3402.66,49961.68
D010,2026-01-18,P002145,4051.12,40598.6
D010,2026-03-10,P002145,4519.18,44388.26
D010,2026-04-26,P002145,1598.75,27724.69
D010,2026-05-27,P002145,1762.54,39669.3
D010,2026-06-17,P002145,1883.05,28596.26
D010,2025-11-20,P002146,480.77,4311.0
D010,2025-12-10,P002146,258.12,2417.68
D010,2026-01-03,P002146,172.94,2742.54
D010,2026-03-26,P002146,517.28,4228.7
D010,2026-04-23,P002146,56.89,1354.28
D010,2026-05-14,P002146,213.42,4867.72
D010,2026-06-08,P002146,250.91,5063.7
D010,2025-12-13,P002147,1225.11,12055.1
D010,2026-01-20,P002147,2832.96,33140.58
D010,2026-02-25,P002147,848.34,12170.32
D010,2026-04-20,P002147,2776.63,25242.17
D010,2026-05-21,P002147,735.63,16273.63
D010,2025-11-12,P002148,86.94,1720.55
D010,2026-02-08,P002148,126.04,2635.29
D010,2026-03-26,P002148,125.76,2027.79
D010,2026-04-17,P002148,289.3,3723.6
D010,2026-05-18,P002148,73.67,1287.59
D010,2026-06-27,P002148,104.56,1346.12
D010,2025-11-21,P002149,3533.45,56648.51
D010,2025-12-26,P002149,2956.87,62326.5
D010,2026-01-08,P002149,6114.93,109890.43
D010,2026-02-14,P002149,3355.55,51862.63
D010,2026-04-20,P002149,3761.53,49792.89
D010,2026-06-03,P002149,4143.26,87911.9
D010,2025-12-10,P002150,563.24,6184.93
D010,2026-01-06,P002150,686.66,7139.27
D010,2026-02-13,P002150,112.39,1461.83
D010,2026-03-17,P002150,329.8,4743.62
D010,2026-04-21,P002150,389.47,4303.93
D010,2026-05-08,P002150,633.71,6922.88
D010,2026-06-08,P002150,350.34,7328.68
D010,2025-11-18,P002151,582.75,12460.21
D010,2025-12-22,P002151,1064.11,17939.54
D010,2026-01-12,P002151,595.59,14076.45
D010,2026-02-20,P002151,2422.92,19539.53
D010,2026-03-15,P002151,286.2,5848.91
D010,2026-05-22,P002151,1184.88,12275.25
D010,2025-11-21,P002152,608.79,13345.72
D010,2025-12-09,P002152,966.9,17554.9
D010,2026-01-09,P002152,1361.53,15944.1
D010,2026-03-08,P002152,396.77,4472.95
D010,2026-04-04,P002152,645.15,13973.94
D010,2026-05-24,P002152,1910.87,15449.18
D010,2026-06-15,P002152,725.28,10616.13
D010,2025-11-12,P002153,935.05,12244.0
D010,2025-12-06,P002153,384.45,5689.91
D010,2026-01-16,P002153,152.29,2827.48
D010,2026-02-27,P002153,315.37,7857.39
D010,2026-04-03,P002153,1179.49,13062.15
D010,2026-05-15,P002153,1701.94,14968.18
D010,2025-11-15,P002154,442.94,8052.26
D010,2025-12-16,P002154,582.7,9220.29
D010,2026-01-01,P002154,1049.59,11052.31
D010,2026-02-14,P002154,1152.51,10903.77
D010,2026-03-26,P002154,343.79,7107.59
D010,2026-04-16,P002154,410.57,7616.64
D010,2026-06-07,P002154,1055.81,11118.35
D010,2025-11-06,P002155,1985.62,34801.18
D010,2025-12-18,P002155,1947.64,37421.82
D010,2026-01-18,P002155,2915.79,56799.55
D010,2026-03-21,P002155,1851.09,34715.89
D010,2026-04-01,P002155,1677.82,40290.72
D010,2026-06-14,P002155,2478.67,33647.58
D010,2025-12-06,P002156,466.1,7379.6
D010,2026-01-07,P002156,202.43,4860.15
D010,2026-02-18,P002156,439.59,8613.09
D010,2026-03-18,P002156,516.98,7057.38
D010,2026-04-20,P002156,298.42,7433.06
D010,2026-05-16,P002156,996.44,8028.08
D010,2026-06-26,P002156,308.77,7212.43
D010,2025-11-11,P002157,682.99,9738.88
D010,2025-12-11,P002157,998.06,15964.9
D010,2026-01-11,P002157,1954.64,16570.33
D010,2026-03-12,P002157,921.55,8599.29
D010,2026-04-04,P002157,642.7,8946.15
D010,2026-05-13,P002157,511.36,9657.75
D010,2026-06-24,P002157,499.1,7862.25
D010,2025-11-08,P002158,621.25,6273.46
D010,2025-12-26,P002158,323.38,4664.25
D010,2026-01-25,P002158,660.67,10606.96
D010,2026-02-24,P002158,472.24,10189.16
D010,2026-03-18,P002158,800.33,10804.28
D010,2026-04-19,P002158,966.54,13726.45
D010,2026-05-11,P002158,227.76,4500.66
D010,2025-12-14,P002159,453.26,5895.84
D010,2026-02-18,P002159,534.57,8260.34
D010,2026-03-26,P002159,569.51,11229.03
D010,2026-04-10,P002159,713.52,16844.95
D010,2026-05-01,P002159,436.81,6687.32
D010,2026-06-18,P002159,1335.65,19017.38
D010,2025-12-10,P002160,2096.1,27368.08
D010,2026-02-16,P002160,1722.02,34536.33
D010,2026-03-03,P002160,1616.17,27858.5
D010,2026-04-07,P002160,2485.52,39488.52
D010,2026-05-27,P002160,329.47,6872.1
D010,2026-06-01,P002160,1307.41,26231.79
D010,2025-12-12,P002161,336.17,3562.31
D010,2026-01-24,P002161,351.17,4956.66
D010,2026-02-11,P002161,116.85,1972.51
D010,2026-04-25,P002161,486.67,4142.94
D010,2026-06-17,P002161,261.99,5494.83
D010,2025-11-20,P002162,1355.77,18963.33
D010,2025-12-22,P002162,654.06,13863.57
D010,2026-01-12,P002162,1251.87,23161.55
D010,2026-02-17,P002162,759.38,18262.05
D010,2026-03-12,P002162,2211.81,19032.33
D010,2026-04-16,P002162,2552.97,22715.45
D010,2026-06-10,P002162,1803.31,28844.71
D010,2025-11-01,P002163,2071.76,17693.8
D010,2025-12-19,P002163,1877.79,15813.31
D010,2026-01-22,P002163,1390.3,15522.32
D010,2026-02-16,P002163,2109.43,17248.23
D010,2026-03-09,P002163,1115.67,14819.41
D010,2026-04-05,P002163,863.5,15086.86
D010,2026-06-16,P002163,1069.46,10285.49
D010,2025-11-16,P002164,1008.18,11381.98
D010,2025-12-17,P002164,1384.37,12589.43
D010,2026-01-05,P002164,604.9,8691.89
D010,2026-02-03,P002164,354.49,8052.13
D010,2026-04-07,P002164,977.86,15970.66
D010,2026-05-22,P002164,1863.12,23616.2
D010,2026-06-22,P002164,1082.15,13253.32
D010,2025-11-19,P002165,150.25,2916.39
D010,2025-12-23,P002165,143.51,2672.02
D010,2026-01-25,P002165,360.21,3670.22
D010,2026-02-15,P002165,188.13,4007.38
D010,2026-03-02,P002165,292.52,3658.22
D010,2026-05-24,P002165,297.28,4558.78
D010,2026-06-09,P002165,128.21,2534.13
D010,2025-11-08,P002166,706.29,5868.06
D010,2025-12-21,P002166,410.26,9091.84
D010,2026-02-08,P002166,337.34,7149.52
D010,2026-03-25,P002166,234.67,5644.93
D010,2026-04-01,P002166,376.71,5506.36
D010,2026-05-14,P002166,516.16,11474.09
D010,2026-06-25,P002166,640.55,13559.24
D010,2025-11-25,P002167,268.56,4632.3
D010,2025-12-19,P002167,262.77,6518.83
D010,2026-02-15,P002167,343.41,7757.99
D010,2026-03-23,P002167,399.34,6272.84
D010,2026-04-25,P002167,216.52,4403.46
D010,2025-11-20,P002168,507.83,4401.45
D010,2025-12-26,P002168,313.46,5616.5
D010,2026-01-27,P002168,203.65,4818.83
D010,2026-02-13,P002168,394.51,3860.54
D010,2026-03-18,P002168,186.09,3319.12
D010,2026-04-27,P002168,238.28,2079.55
D010,2026-05-20,P002168,334.0,4484.53
D010,2026-06-03,P002168,127.26,2939.68
D010,2025-11-09,P002169,592.85,7763.65
D010,2025-12-10,P002169,398.98,9491.12
D010,2026-02-26,P002169,307.06,6778.74
D010,2026-03-23,P002169,735.97,10776.37
D010,2026-04-19,P002169,476.13,11052.77
D010,2026-05-24,P002169,1059.43,9805.64
D010,2026-06-02,P002169,786.56,7003.58
D010,2025-12-25,P002170,614.4,13137.81
D010,2026-01-02,P002170,912.24,10054.3
D010,2026-02-14,P002170,654.39,11313.69
D010,2026-04-07,P002170,613.47,15198.52
D010,2026-05-09,P002170,434.14,5067.78
D010,2026-06-13,P002170,462.36,10102.49
D010,2025-11-27,P002171,271.59,5085.39
D010,2025-12-19,P002171,342.38,5298.67
D010,2026-01-18,P002171,306.0,5653.74
D010,2026-02-19,P002171,148.57,2309.12
D010,2026-03-27,P002171,299.76,4115.67
D010,2026-04-01,P002171,487.27,4642.57
D010,2026-05-23,P002171,219.67,4736.35
D010,2026-06-26,P002171,333.17,4101.58
D010,2025-11-20,P002172,695.01,13967.88
D010,2025-12-26,P002172,1113.65,16656.91
D010,2026-01-14,P002172,590.62,9916.54
D010,2026-02-14,P002172,1569.2,13935.23
D010,2026-03-02,P002172,1162.08,11465.09
D010,2026-05-19,P002172,444.18,9619.29
D010,2026-06-02,P002172,876.17,9183.29
D010,2026-01-10,P002173,3074.45,39206.8
D010,2026-02-10,P002173,1724.08,31576.62
D010,2026-04-14,P002173,3118.66,40419.77
D010,2026-05-21,P002173,3072.01,40938.2
D010,2025-11-04,P002174,1020.66,12218.05
D010,2025-12-21,P002174,560.34,9578.2
D010,2026-02-05,P002174,304.44,7382.86
D010,2026-03-08,P002174,1637.12,15451.0
D010,2026-04-19,P002174,946.5,9458.04
D010,2026-05-14,P002174,238.5,5112.8
D010,2025-11-06,P002175,514.63,7629.43
D010,2025-12-22,P002175,215.22,2343.51
D010,2026-01-13,P002175,533.26,9363.81
D010,2026-02-15,P002175,346.07,6408.1
D010,2026-03-24,P002175,643.18,5708.04
D010,2026-05-17,P002175,155.95,3617.59
D010,2025-11-06,P002176,1711.3,35699.74
D010,2025-12-20,P002176,5645.87,73597.23
D010,2026-01-02,P002176,3031.84,70600.11
D010,2026-02-05,P002176,3220.31,43393.34
D010,2026-03-21,P002176,1615.08,38365.89
D010,2026-04-27,P002176,3533.97,70672.85
D010,2026-05-26,P002176,2792.12,45448.38
D010,2026-06-06,P002176,601.98,8905.54
D010,2025-11-01,P002177,373.71,3473.77
D010,2025-12-08,P002177,437.79,8157.62
D010,2026-01-26,P002177,224.65,5401.36
D010,2026-04-10,P002177,760.71,8257.15
D010,2026-06-11,P002177,372.6,8107.55
D010,2025-11-23,P002178,4529.27,95242.74
D010,2025-12-25,P002178,3490.46,71996.01
D010,2026-01-06,P002178,2496.99,62069.17
D010,2026-02-19,P002178,4585.63,51974.33
D010,2026-04-27,P002178,6189.48,119572.51
D010,2026-05-23,P002178,6518.71,68088.84
D010,2026-06-11,P002178,4006.21,52668.25
D010,2025-11-22,P002179,2250.41,33664.99
D010,2025-12-08,P002179,2589.35,22395.81
D010,2026-02-15,P002179,2391.65,35398.0
D010,2026-03-01,P002179,613.83,9153.38
D010,2026-04-03,P002179,644.76,12255.25
D010,2026-06-20,P002179,1271.24,23676.79
D010,2025-11-08,P002180,316.88,4554.31
D010,2025-12-17,P002180,353.52,5208.0
D010,2026-01-24,P002180,329.25,6702.38
D010,2026-02-02,P002180,308.04,5583.95
D010,2026-03-13,P002180,289.96,3817.51
D010,2026-04-11,P002180,474.54,5703.92
D010,2026-05-01,P002180,290.39,4326.74
D010,2026-06-10,P002180,305.09,6239.95
D010,2025-11-01,P002181,1330.33,22671.61
D010,2025-12-24,P002181,853.56,20468.15
D010,2026-01-14,P002181,819.02,15674.94
D010,2026-03-05,P002181,1339.62,23466.17
D010,2026-04-20,P002181,1176.37,27332.21
D010,2026-05-16,P002181,1417.84,22003.96
D010,2026-06-15,P002181,1155.26,27719.46
D010,2025-11-11,P002182,1398.38,21460.51
D010,2026-01-19,P002182,886.15,22084.46
D010,2026-03-06,P002182,5480.64,56224.15
D010,2026-04-26,P002182,3982.44,59053.71
D010,2026-05-22,P002182,6302.13,58096.62
D010,2026-06-12,P002182,2171.75,45275.0
D010,2025-11-07,P002183,140.99,3244.08
D010,2025-12-13,P002183,546.2,4578.11
D010,2026-01-24,P002183,384.83,3622.89
D010,2026-04-07,P002183,180.35,2583.48
D010,2026-05-12,P002183,215.12,4890.98
D010,2026-06-21,P002183,218.3,2706.34
D010,2025-11-23,P002184,703.17,8943.19
D010,2025-12-08,P002184,318.04,5819.67
D010,2026-01-18,P002184,610.36,5422.9
D010,2026-02-05,P002184,338.01,4367.61
D010,2026-03-17,P002184,386.26,7934.0
D010,2026-04-03,P002184,435.58,4951.52
D010,2026-05-19,P002184,196.27,4424.75
D010,2026-06-02,P002184,379.71,6926.74
D010,2025-11-20,P002185,163.79,3813.12
D010,2025-12-21,P002185,275.39,5483.53
D010,2026-01-11,P002185,230.64,3152.67
D010,2026-02-04,P002185,122.4,1708.32
D010,2026-03-02,P002185,198.53,3526.94
D010,2026-04-17,P002185,346.63,4786.09
D010,2026-05-24,P002185,284.65,4891.07
D010,2026-06-20,P002185,207.14,4034.76
D010,2025-11-08,P002186,587.96,10063.78
D010,2025-12-01,P002186,1379.01,22961.19
D010,2026-01-19,P002186,812.51,14825.1
D010,2026-02-15,P002186,1248.18,23091.74
D010,2026-03-03,P002186,1462.67,25909.89
D010,2026-05-15,P002186,1909.55,18624.93
D010,2025-11-02,P002187,187.76,1811.08
D010,2025-12-19,P002187,451.99,8493.46
D010,2026-01-20,P002187,235.63,5423.37
D010,2026-02-10,P002187,287.16,4467.91
D010,2026-04-10,P002187,248.58,3842.45
D010,2026-05-05,P002187,137.19,2213.19
D010,2026-06-08,P002187,500.21,7103.33
D010,2025-12-03,P002188,311.72,6726.43
D010,2026-01-21,P002188,28.24,701.77
D010,2026-02-20,P002188,992.38,7954.55
D010,2026-03-11,P002188,445.18,6631.58
D010,2026-04-23,P002188,302.22,6021.58
D010,2026-05-17,P002188,258.32,5748.58
D010,2026-06-17,P002188,442.01,6081.66
D010,2025-12-18,P002189,2951.82,71055.57
D010,2026-01-08,P002189,3532.98,57376.13
D010,2026-02-17,P002189,4456.51,79238.52
D010,2026-03-18,P002189,3194.44,40344.32
D010,2026-04-21,P002189,2564.44,54177.11
D010,2026-05-14,P002189,3176.87,67493.79
D010,2026-06-04,P002189,5565.16,58071.17
D010,2025-11-27,P002190,552.06,5876.2
D010,2025-12-02,P002190,345.22,6105.32
D010,2026-03-11,P002190,591.28,6163.68
D010,2026-04-10,P002190,459.64,9981.83
D010,2026-05-04,P002190,437.74,5523.56
D010,2026-06-11,P002190,160.85,2742.73
D010,2025-11-14,P002191,5569.66,88330.76
D010,2025-12-03,P002191,5441.42,96413.34
D010,2026-01-03,P002191,2506.98,62604.26
D010,2026-02-23,P002191,1841.63,39077.87
D010,2026-05-27,P002191,3805.23,40796.67
D010,2026-06-11,P002191,2686.66,56948.15
D010,2025-11-08,P002192,1155.13,26518.23
D010,2025-12-27,P002192,1280.64,27306.89
D010,2026-01-26,P002192,1553.47,36444.3
D010,2026-02-13,P002192,3523.62,33974.47
D010,2026-03-19,P002192,3570.75,34112.94
D010,2026-04-12,P002192,2524.57,29655.98
D010,2026-05-10,P002192,1740.37,25466.86
D010,2026-06-10,P002192,1863.65,26605.73
D010,2026-02-02,P002193,137.02,2113.13
D010,2026-03-09,P002193,140.23,1587.1
D010,2026-04-25,P002193,35.44,791.77
D010,2026-05-18,P002193,158.47,2697.78
D010,2026-06-10,P002193,115.83,2346.64
D010,2025-11-08,P002194,202.92,5026.06
D010,2025-12-07,P002194,300.83,4321.27
D010,2026-01-25,P002194,91.02,1605.43
D010,2026-03-11,P002194,126.79,2988.58
D010,2026-04-05,P002194,315.5,4496.27
D010,2026-05-11,P002194,199.48,4556.66
D010,2026-06-09,P002194,332.36,4055.15
D010,2025-11-15,P002195,148.47,2703.56
D010,2025-12-02,P002195,100.99,2091.13
D010,2026-01-27,P002195,63.37,1565.02
D010,2026-02-03,P002195,97.11,2140.28
D010,2026-03-01,P002195,94.04,2094.67
D010,2026-04-03,P002195,159.49,1683.84
D010,2026-05-24,P002195,179.58,2402.91
D010,2026-06-22,P002195,187.97,2277.47
D010,2025-11-19,P002196,1198.47,25349.49
D010,2025-12-17,P002196,1010.49,11792.37
D010,2026-01-22,P002196,3117.02,39443.91
D010,2026-02-09,P002196,1881.99,29078.75
D010,2026-05-23,P002196,2549.31,35476.66
D010,2026-06-18,P002196,1714.11,27150.36
D010,2025-11-04,P002197,276.0,3598.44
D010,2026-01-14,P002197,332.14,5753.29
D010,2026-02-18,P002197,211.0,4272.58
D010,2026-03-19,P002197,535.48,6632.94
D010,2026-04-18,P002197,645.65,8779.18
D010,2026-05-19,P002197,697.13,7220.39
D010,2025-11-12,P002198,4183.32,69329.63
D010,2026-01-26,P002198,2998.15,50042.66
D010,2026-02-03,P002198,3330.92,52975.85
D010,2026-03-02,P002198,2731.53,25241.2
D010,2026-04-17,P002198,1868.83,44021.72
D010,2026-05-01,P002198,956.32,22890.55
D010,2026-06-18,P002198,3798.34,41509.81
D010,2025-11-24,P002199,1117.69,14086.74
D010,2025-12-01,P002199,981.79,14004.87
D010,2026-01-10,P002199,793.63,16330.26
D010,2026-02-12,P002199,934.79,15353.0
D010,2026-04-18,P002199,401.82,7415.24
D010,2026-05-02,P002199,1110.51,23304.88
D010,2026-06-12,P002199,931.68,21263.48
D010,2025-11-03,P002200,369.58,7321.28
D010,2025-12-24,P002200,1307.75,16711.0
D010,2026-01-10,P002200,553.52,9493.04
D010,2026-02-16,P002200,916.87,12566.79
D010,2026-03-20,P002200,612.85,12025.91
D010,2026-04-08,P002200,518.49,7925.74
D010,2026-05-22,P002200,388.4,6914.62
D010,2026-06-23,P002200,617.95,8120.58
D010,2025-11-10,P002201,205.14,4638.0
D010,2025-12-08,P002201,346.05,5294.57
D010,2026-01-08,P002201,309.77,4616.15
D010,2026-02-12,P002201,381.02,6957.15
D010,2026-03-14,P002201,219.39,4621.94
D010,2026-04-20,P002201,237.03,5118.72
D010,2026-05-25,P002201,349.21,5272.64
D010,2026-06-14,P002201,236.53,4904.45
D010,2025-12-16,P002202,136.53,2962.92
D010,2026-01-26,P002202,624.75,6010.61
D010,2026-03-13,P002202,386.39,5548.02
D010,2026-04-26,P002202,414.25,6982.58
D010,2026-05-15,P002202,841.72,8637.34
D010,2026-06-07,P002202,311.66,6147.86
D010,2025-11-26,P002203,257.7,6008.41
D010,2026-01-09,P002203,314.51,7066.45
D010,2026-02-11,P002203,430.29,7422.77
D010,2026-03-22,P002203,200.02,4704.06
D010,2026-04-14,P002203,288.51,6579.83
D010,2026-05-03,P002203,145.91,3453.25
D010,2025-11-24,P002204,641.18,15090.81
D010,2025-12-24,P002204,1594.11,23818.25
D010,2026-01-09,P002204,2684.96,30890.12
D010,2026-02-23,P002204,693.51,13017.51
D010,2026-04-04,P002204,888.56,20311.73
D010,2026-05-07,P002204,2066.35,36121.03
D010,2026-06-05,P002204,1857.72,18730.74
D010,2025-11-07,P002205,1082.54,25030.61
D010,2025-12-03,P002205,2675.17,26058.14
D010,2026-02-25,P002205,1374.92,29568.31
D010,2026-03-11,P002205,1861.32,30139.31
D010,2026-04-25,P002205,788.99,16436.73
D010,2026-05-27,P002205,1077.73,15943.53
D010,2026-06-12,P002205,2306.21,31121.42
D010,2025-11-17,P002206,307.94,6144.83
D010,2026-01-17,P002206,631.38,7912.96
D010,2026-02-09,P002206,419.62,6643.4
D010,2026-03-11,P002206,566.79,8587.77
D010,2026-04-08,P002206,311.22,5436.19
D010,2026-05-19,P002206,252.82,5477.18
D010,2026-06-01,P002206,423.04,6177.72
D010,2025-11-19,P002207,501.95,5189.37
D010,2025-12-17,P002207,730.2,6999.85
D010,2026-01-27,P002207,373.01,4700.8
D010,2026-02-03,P002207,481.3,5889.84
D010,2026-03-08,P002207,294.37,7056.27
D010,2026-04-02,P002207,363.52,5890.25
D010,2026-05-16,P002207,140.95,2375.71
D010,2026-06-07,P002207,271.35,5505.79
D010,2025-11-09,P002208,1729.65,41112.16
D010,2025-12-25,P002208,6753.89,59201.26
D010,2026-01-21,P002208,2505.54,47791.56
D010,2026-02-05,P002208,2719.69,59418.8
D010,2026-04-05,P002208,3951.06,66623.34
D010,2026-05-25,P002208,1872.91,36283.67
D010,2026-06-25,P002208,5332.43,89615.25
D010,2025-11-19,P002209,145.61,3151.57
D010,2025-12-18,P002209,301.22,5941.48
D010,2026-01-01,P002209,256.37,3920.91
D010,2026-03-13,P002209,473.41,4256.19
D010,2026-04-27,P002209,167.74,3984.56
D010,2026-05-22,P002209,271.37,4222.98
D010,2026-06-27,P002209,273.32,6411.11
D010,2025-12-13,P002210,586.9,9222.57
D010,2026-01-14,P002210,513.87,8382.56
D010,2026-02-20,P002210,380.63,7802.84
D010,2026-03-01,P002210,1111.17,9480.25
D010,2026-04-14,P002210,449.65,9822.19
D010,2026-05-16,P002210,550.98,7614.94
D010,2026-06-19,P002210,564.55,9817.78
D010,2025-11-22,P002211,727.86,6958.75
D010,2025-12-14,P002211,608.41,8588.91
D010,2026-01-16,P002211,311.92,7091.23
D010,2026-03-08,P002211,310.4,6177.84
D010,2026-05-21,P002211,1251.93,11660.73
D010,2026-06-13,P002211,474.99,5312.33
D010,2025-11-13,P002212,999.33,8064.45
D010,2025-12-11,P002212,1982.94,17189.57
D010,2026-01-19,P002212,948.94,19092.5
D010,2026-02-18,P002212,897.91,22113.92
D010,2026-03-20,P002212,839.69,14048.19
D010,2026-04-10,P002212,873.89,13844.47
D010,2026-05-04,P002212,580.61,14499.79
D010,2026-06-12,P002212,1022.77,15148.06
D010,2025-12-06,P002213,161.88,3994.06
D010,2026-01-19,P002213,307.22,5616.34
D010,2026-02-04,P002213,521.56,5884.12
D010,2026-03-06,P002213,939.04,8969.29
D010,2026-04-19,P002213,255.59,2813.48
D010,2026-05-25,P002213,428.12,10560.77
D010,2026-06-26,P002213,377.71,8320.97
D010,2025-11-16,P002214,448.72,9941.89
D010,2025-12-13,P002214,542.12,10470.5
D010,2026-02-25,P002214,373.66,8442.28
D010,2026-03-22,P002214,567.49,9223.57
D010,2026-04-24,P002214,412.3,9218.38
D010,2026-05-16,P002214,507.83,11346.27
D010,2026-06-01,P002214,576.52,13232.44
D010,2025-11-27,P002215,202.75,4985.56
D010,2025-12-16,P002215,387.77,7771.19
D010,2026-01-06,P002215,148.77,2244.82
D010,2026-02-03,P002215,451.05,7078.48
D010,2026-04-06,P002215,232.45,4863.72
D010,2026-05-12,P002215,471.08,5697.2
D010,2026-06-23,P002215,321.06,7863.48
D010,2025-11-12,P002216,228.18,5616.65
D010,2025-12-25,P002216,674.56,5638.98
D010,2026-01-05,P002216,498.58,11410.52
D010,2026-02-17,P002216,435.67,7029.04
D010,2026-03-07,P002216,510.22,10139.32
D010,2026-04-25,P002216,421.2,7061.38
D010,2026-05-07,P002216,749.38,6130.15
D010,2025-11-03,P002217,111.31,1779.85
D010,2025-12-16,P002217,153.8,3187.54
D010,2026-01-25,P002217,693.42,12513.35
D010,2026-02-14,P002217,369.88,5934.6
D010,2026-03-01,P002217,710.22,10576.96
D010,2026-04-08,P002217,540.07,8509.73
D010,2026-06-03,P002217,1144.86,9470.05
D010,2025-11-18,P002218,525.11,11492.64
D010,2026-01-27,P002218,853.26,16371.27
D010,2026-02-10,P002218,1401.44,11215.31
D010,2026-03-06,P002218,2035.06,18891.37
D010,2026-04-14,P002218,1105.28,19261.78
D010,2026-05-23,P002218,774.99,7779.95
D010,2025-11-25,P002219,1208.87,18993.03
D010,2025-12-07,P002219,3519.34,34364.85
D010,2026-01-14,P002219,1860.13,23951.08
D010,2026-03-08,P002219,1760.37,16512.99
D010,2026-04-15,P002219,3542.1,32750.19
D010,2026-05-01,P002219,1211.47,27065.97
D010,2026-06-02,P002219,1216.66,19811.48
D010,2025-11-09,P002220,2937.72,44640.84
D010,2025-12-23,P002220,2943.14,40169.4
D010,2026-01-19,P002220,1801.76,31746.64
D010,2026-02-14,P002220,7626.77,65790.63
D010,2026-03-26,P002220,783.5,15737.19
D010,2026-06-19,P002220,2668.03,45620.86
D010,2025-11-24,P002221,297.9,4673.03
D010,2025-12-16,P002221,440.52,5560.48
D010,2026-01-08,P002221,218.63,3157.05
D010,2026-02-26,P002221,494.1,4839.34
D010,2026-03-22,P002221,465.49,5238.01
D010,2026-04-07,P002221,528.95,5138.19
D010,2026-05-26,P002221,361.45,7808.91
D010,2026-06-03,P002221,372.69,5767.2
D011,2025-11-26,P002222,3236.7,50724.34
D011,2025-12-09,P002222,2264.63,52096.43
D011,2026-01-26,P002222,2422.54,42493.09
D011,2026-04-26,P002222,4334.09,47180.32
D011,2026-05-01,P002222,3485.42,84979.18
D011,2026-06-06,P002222,3827.93,66642.2
D011,2025-12-06,P002223,1235.97,23783.16
D011,2026-01-14,P002223,2850.55,67158.26
D011,2026-03-17,P002223,1994.95,45365.99
D011,2026-04-19,P002223,2827.77,42940.75
D011,2026-05-26,P002223,2059.31,31866.49
D011,2026-06-22,P002223,2092.29,32703.65
D011,2025-11-26,P002224,194.26,3580.64
D011,2026-01-16,P002224,264.05,4192.2
D011,2026-02-07,P002224,181.62,3516.14
D011,2026-03-13,P002224,203.48,2791.83
D011,2026-04-23,P002224,118.34,2862.79
D011,2026-05-07,P002224,148.47,2822.43
D011,2026-06-26,P002224,115.45,2075.68
D011,2025-11-21,P002225,590.44,7584.24
D011,2025-12-13,P002225,449.85,7445.27
D011,2026-01-14,P002225,1116.78,11649.77
D011,2026-03-26,P002225,356.16,8309.01
D011,2026-05-18,P002225,807.84,12412.97
D011,2026-06-24,P002225,1179.95,13754.63
D011,2025-11-03,P002226,298.44,3983.48
D011,2025-12-05,P002226,217.77,3735.96
D011,2026-01-17,P002226,210.54,5019.3
D011,2026-02-07,P002226,581.94,5308.95
D011,2026-03-19,P002226,162.17,2327.72
D011,2026-05-25,P002226,149.15,3545.05
D011,2026-06-02,P002226,94.54,2317.27
D011,2025-11-11,P002227,532.04,10515.9
D011,2025-12-18,P002227,719.38,8679.58
D011,2026-01-16,P002227,633.76,8327.05
D011,2026-02-14,P002227,566.22,11529.07
D011,2026-03-15,P002227,643.98,9157.14
D011,2026-04-06,P002227,562.91,9077.52
D011,2026-05-10,P002227,934.12,16781.32
D011,2026-06-18,P002227,1072.6,14178.53
D011,2025-12-18,P002228,205.9,2977.96
D011,2026-01-18,P002228,384.51,3432.5
D011,2026-02-15,P002228,365.55,6931.47
D011,2026-03-20,P002228,205.41,4404.61
D011,2026-04-13,P002228,314.94,5543.39
D011,2026-05-21,P002228,189.33,3786.95
D011,2026-06-24,P002228,867.79,6962.03
D011,2025-11-23,P002229,40.38,790.16
D011,2025-12-26,P002229,152.73,2362.24
D011,2026-01-01,P002229,159.86,3237.05
D011,2026-04-02,P002229,239.32,3783.99
D011,2026-05-03,P002229,139.46,2369.36
D011,2026-06-24,P002229,146.33,1612.02
D011,2025-11-21,P002230,1772.16,31402.99
D011,2025-12-07,P002230,1139.62,27023.9
D011,2026-01-09,P002230,3639.1,40024.53
D011,2026-02-18,P002230,2506.97,27895.59
D011,2026-03-11,P002230,3298.75,35187.49
D011,2026-04-08,P002230,2784.01,30042.18
D011,2026-06-22,P002230,4280.53,46278.14
D011,2025-11-09,P002231,753.38,10256.03
D011,2025-12-06,P002231,351.34,6789.85
D011,2026-01-06,P002231,861.43,9987.32
D011,2026-02-23,P002231,662.22,12633.97
D011,2026-03-27,P002231,508.94,10661.71
D011,2026-04-23,P002231,567.59,8427.01
D011,2026-05-15,P002231,927.18,10157.95
D011,2026-06-06,P002231,1089.73,10189.06
D011,2025-11-27,P002232,874.66,16304.35
D011,2025-12-21,P002232,456.97,10957.14
D011,2026-01-13,P002232,774.86,14691.66
D011,2026-02-26,P002232,349.65,7346.62
D011,2026-03-14,P002232,1383.68,13373.54
D011,2026-04-25,P002232,418.13,9606.62
D011,2026-05-08,P002232,550.59,10957.86
D011,2026-06-19,P002232,615.38,11293.21
D011,2025-12-05,P002233,519.55,4344.0
D011,2026-01-05,P002233,349.4,6034.75
D011,2026-02-09,P002233,343.45,6512.59
D011,2026-03-16,P002233,50.73,1012.23
D011,2026-04-10,P002233,446.09,8503.91
D011,2026-05-26,P002233,245.7,3646.96
D011,2026-06-19,P002233,342.03,7905.51
D011,2025-11-11,P002234,242.31,3336.4
D011,2025-12-25,P002234,66.27,1540.47
D011,2026-01-08,P002234,313.16,3334.81
D011,2026-02-21,P002234,125.19,2137.01
D011,2026-03-04,P002234,279.74,3289.89
D011,2026-04-24,P002234,273.83,2301.55
D011,2026-05-20,P002234,238.14,2434.92
D011,2026-06-23,P002234,173.29,2284.6
D011,2025-11-26,P002235,826.43,13946.5
D011,2025-12-26,P002235,643.04,11965.1
D011,2026-01-19,P002235,539.69,9563.5
D011,2026-02-20,P002235,442.08,9504.11
D011,2026-03-15,P002235,459.47,7214.49
D011,2026-05-03,P002235,1376.42,11304.73
D011,2026-06-11,P002235,813.63,15372.75
D011,2026-01-27,P002236,2569.37,23979.05
D011,2026-02-24,P002236,1693.89,32132.66
D011,2026-03-27,P002236,2563.31,49023.55
D011,2026-04-10,P002236,1762.53,28679.77
D011,2026-05-20,P002236,3679.06,38698.08
D011,2026-06-01,P002236,1086.23,26972.86
D011,2025-11-27,P002237,423.77,9147.4
D011,2025-12-27,P002237,255.99,5195.23
D011,2026-01-23,P002237,105.89,2531.95
D011,2026-02-21,P002237,1031.21,8266.5
D011,2026-03-24,P002237,528.11,6965.56
D011,2026-04-06,P002237,260.28,2879.78
D011,2026-05-17,P002237,825.27,8628.73
D011,2026-06-10,P002237,318.58,7434.05
D011,2025-11-09,P002238,448.05,11130.12
D011,2025-12-17,P002238,804.88,8340.26
D011,2026-01-14,P002238,512.51,7927.18
D011,2026-02-17,P002238,584.93,5762.55
D011,2026-03-23,P002238,384.93,6795.84
D011,2026-04-05,P002238,346.67,7518.6
D011,2026-05-18,P002238,258.37,5536.32
D011,2026-06-06,P002238,808.68,10378.05
D011,2025-11-01,P002239,342.29,5700.09
D011,2025-12-09,P002239,388.56,4249.41
D011,2026-01-05,P002239,243.03,6009.55
D011,2026-02-09,P002239,398.0,6032.72
D011,2026-04-08,P002239,243.89,2923.58
D011,2026-05-19,P002239,163.6,2769.12
D011,2026-06-25,P002239,223.1,2644.82
D011,2025-11-02,P002240,390.3,8219.42
D011,2025-12-12,P002240,3665.89,30803.68
D011,2026-01-20,P002240,2843.22,39088.52
D011,2026-02-14,P002240,1083.82,18894.11
D011,2026-03-12,P002240,672.77,13287.98
D011,2026-04-24,P002240,804.35,19806.48
D011,2026-05-09,P002240,1654.23,16973.51
D011,2026-06-16,P002240,877.74,21104.24
D011,2025-11-09,P002241,805.52,14587.72
D011,2025-12-25,P002241,859.14,16557.41
D011,2026-01-25,P002241,1008.38,21529.55
D011,2026-02-12,P002241,609.68,14048.55
D011,2026-03-14,P002241,961.31,14775.47
D011,2026-04-06,P002241,540.33,12938.38
D011,2026-06-14,P002241,1588.09,21816.46
D011,2025-12-22,P002242,699.75,7155.51
D011,2026-01-14,P002242,277.26,4509.36
D011,2026-02-19,P002242,380.08,6113.43
D011,2026-03-12,P002242,185.85,3540.87
D011,2026-04-19,P002242,212.51,4343.82
D011,2026-05-25,P002242,252.34,5163.11
D011,2026-06-22,P002242,503.0,5665.86
D011,2025-11-08,P002243,570.4,7068.74
D011,2026-01-19,P002243,218.85,4005.17
D011,2026-04-16,P002243,329.52,3297.94
D011,2026-05-06,P002243,308.43,5337.02
D011,2026-06-13,P002243,440.09,6337.7
D011,2025-12-27,P002244,654.12,15528.62
D011,2026-01-13,P002244,862.58,13649.37
D011,2026-03-08,P002244,254.88,5966.47
D011,2026-04-21,P002244,1921.41,15434.2
D011,2026-05-10,P002244,625.95,11586.98
D011,2026-06-25,P002244,730.45,14340.47
D011,2025-12-20,P002245,81.9,1044.69
D011,2026-03-27,P002245,97.69,1542.16
D011,2026-04-21,P002245,125.85,1555.2
D011,2026-05-14,P002245,101.45,2096.31
D011,2026-06-16,P002245,62.74,1431.61
D011,2025-11-02,P002246,331.93,5339.44
D011,2025-12-04,P002246,89.1,1952.84
D011,2026-01-22,P002246,505.17,4241.99
D011,2026-02-25,P002246,301.32,4771.4
D011,2026-03-11,P002246,338.34,2831.1
D011,2026-04-20,P002246,506.58,4330.67
D011,2026-05-13,P002246,303.43,3782.05
D011,2026-06-13,P002246,205.99,4137.8
D011,2025-11-08,P002247,286.1,5368.13
D011,2025-12-09,P002247,830.85,9919.29
D011,2026-04-18,P002247,678.85,14051.45
D011,2026-05-11,P002247,772.8,9946.21
D011,2026-06-12,P002247,1721.16,14530.63
D011,2025-11-22,P002248,37.17,594.99
D011,2025-12-13,P002248,127.82,1428.22
D011,2026-01-10,P002248,71.34,880.51
D011,2026-02-20,P002248,69.0,1393.03
D011,2026-03-15,P002248,115.49,1185.53
D011,2026-04-02,P002248,189.13,1992.63
D011,2026-05-17,P002248,64.82,1466.96
D011,2025-11-26,P002249,346.5,8044.13
D011,2025-12-27,P002249,549.78,11733.43
D011,2026-01-27,P002249,430.11,6888.55
D011,2026-02-11,P002249,1081.34,10038.33
D011,2026-03-24,P002249,244.79,5636.29
D011,2026-05-01,P002249,409.89,6836.19
D011,2026-06-16,P002249,635.9,7364.71
D011,2025-11-01,P002250,94.12,1425.64
D011,2025-12-07,P002250,424.22,3427.23
D011,2026-02-27,P002250,188.04,4307.58
D011,2026-04-07,P002250,90.25,1028.18
D011,2026-05-21,P002250,162.17,2716.95
D011,2026-06-22,P002250,198.41,3223.28
D011,2025-11-09,P002251,389.63,7113.89
D011,2025-12-20,P002251,326.03,6414.67
D011,2026-01-16,P002251,574.37,7207.71
D011,2026-02-21,P002251,496.33,5586.57
D011,2026-03-03,P002251,305.04,5175.37
D011,2026-05-05,P002251,288.43,5850.63
D011,2025-11-15,P002252,4217.4,44564.17
D011,2025-12-16,P002252,3933.98,84481.1
D011,2026-02-03,P002252,4646.03,100540.89
D011,2026-04-17,P002252,5930.0,102710.03
D011,2026-05-19,P002252,8854.87,84229.12
D011,2026-06-02,P002252,4192.68,56738.31
D011,2025-12-15,P002253,1966.29,19470.13
D011,2026-01-09,P002253,1108.22,27546.19
D011,2026-03-02,P002253,557.46,13338.66
D011,2026-04-17,P002253,1572.81,20534.66
D011,2026-05-02,P002253,1096.0,24248.32
D011,2026-06-20,P002253,1009.33,20094.55
D011,2025-11-16,P002254,146.33,2005.05
D011,2025-12-19,P002254,225.87,3864.27
D011,2026-01-19,P002254,408.26,5151.16
D011,2026-02-17,P002254,171.04,3635.88
D011,2026-04-26,P002254,328.57,5539.5
D011,2026-05-20,P002254,171.02,2925.61
D011,2026-06-05,P002254,360.3,3361.85
D011,2025-11-16,P002255,76.56,1789.01
D011,2025-12-06,P002255,182.54,4251.7
D011,2026-01-23,P002255,236.59,4546.1
D011,2026-02-01,P002255,497.9,4592.07
D011,2026-03-12,P002255,258.33,4336.27
D011,2026-04-01,P002255,271.27,5403.32
D011,2026-05-16,P002255,89.27,1860.67
D011,2026-06-07,P002255,306.78,4473.03
D011,2025-12-22,P002256,147.92,2708.59
D011,2026-01-17,P002256,197.99,3752.27
D011,2026-03-19,P002256,171.05,2536.87
D011,2026-04-04,P002256,378.55,5923.72
D011,2026-05-04,P002256,233.63,2963.05
D011,2026-06-12,P002256,373.14,3626.5
D011,2025-11-08,P002257,1168.87,15992.6
D011,2025-12-23,P002257,718.8,7147.61
D011,2026-01-07,P002257,476.78,8841.7
D011,2026-02-27,P002257,579.98,13922.47
D011,2026-03-03,P002257,149.86,3241.98
D011,2026-05-10,P002257,707.93,14796.35
D011,2026-06-06,P002257,488.56,11949.74
D011,2025-11-20,P002258,848.29,19520.75
D011,2025-12-20,P002258,2259.42,40433.0
D011,2026-01-25,P002258,1948.44,39862.26
D011,2026-02-08,P002258,1522.41,24444.16
D011,2026-03-22,P002258,1783.52,32785.28
D011,2026-04-17,P002258,2322.84,32917.96
D011,2026-05-19,P002258,1393.04,29726.87
D011,2026-06-04,P002258,1538.06,29648.77
D011,2025-11-13,P002259,210.19,2212.15
D011,2025-12-17,P002259,153.2,2376.45
D011,2026-01-02,P002259,119.03,2466.36
D011,2026-02-03,P002259,200.17,2019.93
D011,2026-03-23,P002259,151.15,2074.13
D011,2026-04-27,P002259,223.79,2470.34
D011,2026-06-16,P002259,150.13,2726.89
D011,2025-11-26,P002260,1040.22,18633.17
D011,2025-12-19,P002260,771.55,12688.73
D011,2026-04-15,P002260,1205.77,18415.3
D011,2026-06-07,P002260,1280.41,15702.96
D011,2025-11-06,P002261,637.63,7268.52
D011,2025-12-09,P002261,472.03,4725.64
D011,2026-01-21,P002261,331.08,4363.42
D011,2026-02-16,P002261,293.02,6138.93
D011,2026-03-20,P002261,272.52,4793.49
D011,2026-04-19,P002261,346.31,6832.27
D011,2026-05-17,P002261,273.72,5976.84
D011,2026-06-10,P002261,462.45,5421.41
D011,2025-12-20,P002262,199.51,2205.41
D011,2026-01-01,P002262,223.66,3153.47
D011,2026-02-03,P002262,110.14,1921.51
D011,2026-03-02,P002262,228.12,3766.26
D011,2026-04-07,P002262,129.3,2794.47
D011,2026-05-21,P002262,105.29,1552.63
D011,2026-06-25,P002262,107.77,2447.89
D011,2025-12-09,P002263,94.04,2305.12
D011,2026-01-07,P002263,140.91,3501.87
D011,2026-02-05,P002263,194.75,2749.33
D011,2026-03-15,P002263,314.1,2998.27
D011,2026-04-22,P002263,241.51,4048.76
D011,2026-05-20,P002263,178.35,3795.64
D011,2026-06-05,P002263,231.75,4142.24
D011,2025-11-12,P002264,1764.17,28251.16
D011,2026-01-09,P002264,2741.62,52567.72
D011,2026-02-13,P002264,7499.78,61970.21
D011,2026-04-03,P002264,1090.85,17298.91
D011,2026-05-03,P002264,1834.3,25960.61
D011,2026-06-20,P002264,3765.07,30304.02
D011,2025-11-20,P002265,373.61,6931.01
D011,2025-12-19,P002265,261.64,4960.09
D011,2026-01-27,P002265,296.29,5661.4
D011,2026-02-03,P002265,414.7,5969.4
D011,2026-03-02,P002265,159.84,3708.42
D011,2026-04-10,P002265,237.18,4443.95
D011,2026-05-27,P002265,617.88,8632.44
D011,2026-06-25,P002265,354.54,6889.68
D011,2025-11-07,P002266,176.02,2410.54
D011,2025-12-11,P002266,90.81,2174.22
D011,2026-01-27,P002266,219.83,2661.91
D011,2026-03-01,P002266,211.7,1885.29
D011,2026-04-13,P002266,102.22,1718.12
D011,2025-11-17,P002267,357.66,3813.82
D011,2025-12-19,P002267,540.72,5175.35
D011,2026-01-20,P002267,338.04,5088.87
D011,2026-03-06,P002267,185.51,4116.62
D011,2026-04-22,P002267,191.98,3988.15
D011,2026-05-10,P002267,445.84,5431.98
D011,2026-06-05,P002267,288.43,5954.66
D011,2025-12-26,P002268,1871.91,29835.17
D011,2026-01-08,P002268,1755.03,33119.21
D011,2026-05-12,P002268,1254.33,30402.3
D011,2026-06-12,P002268,2242.6,42152.48
D011,2025-11-18,P002269,1899.76,18394.22
D011,2025-12-21,P002269,665.38,14364.86
D011,2026-01-07,P002269,1174.78,23781.65
D011,2026-02-25,P002269,1091.37,26432.71
D011,2026-03-04,P002269,586.43,13301.17
D011,2026-04-03,P002269,1533.16,21507.03
D011,2026-05-11,P002269,1167.31,25060.29
D011,2026-06-07,P002269,608.5,13007.91
D011,2025-11-16,P002270,2142.56,43692.88
D011,2026-01-02,P002270,5891.43,85737.6
D011,2026-02-23,P002270,3978.1,51068.62
D011,2026-03-10,P002270,4448.4,79917.56
D011,2026-04-21,P002270,1909.26,39853.36
D011,2026-05-26,P002270,1433.93,24827.11
D011,2025-11-27,P002271,283.92,2540.3
D011,2025-12-08,P002271,200.23,3392.0
D011,2026-01-09,P002271,100.24,2387.12
D011,2026-03-23,P002271,72.64,1804.55
D011,2026-04-26,P002271,91.19,1643.6
D011,2026-05-20,P002271,162.48,1868.12
D011,2026-06-22,P002271,186.67,2579.19
D011,2025-11-06,P002272,1141.36,11994.3
D011,2025-12-22,P002272,551.05,7043.32
D011,2026-03-13,P002272,512.12,11081.14
D011,2026-05-25,P002272,202.38,4835.95
D011,2026-06-25,P002272,1096.84,10566.87
D011,2025-11-08,P002273,603.19,10111.16
D011,2025-12-03,P002273,290.59,6397.63
D011,2026-01-07,P002273,1323.61,16825.91
D011,2026-02-26,P002273,1653.6,15779.12
D011,2026-03-08,P002273,2210.03,30036.39
D011,2026-04-21,P002273,1673.77,27205.89
D011,2026-05-18,P002273,2904.3,28362.84
D011,2026-06-04,P002273,1381.12,24375.23
D011,2025-11-11,P002274,218.74,2847.34
D011,2025-12-17,P002274,231.82,2120.72
D011,2026-01-23,P002274,132.59,2847.21
D011,2026-03-20,P002274,168.37,3342.62
D011,2026-04-23,P002274,276.86,5824.3
D011,2026-06-06,P002274,175.36,3281.18
D011,2025-11-10,P002275,1033.4,17549.32
D011,2025-12-02,P002275,692.34,16450.35
D011,2026-01-25,P002275,409.65,8516.47
D011,2026-02-27,P002275,542.84,11924.0
D011,2026-03-15,P002275,877.39,14397.86
D011,2026-05-07,P002275,989.11,14717.23
D011,2026-06-08,P002275,894.12,11719.21
D011,2025-11-20,P002276,2253.69,30951.99
D011,2025-12-08,P002276,2605.4,27150.3
D011,2026-01-13,P002276,1978.09,28079.04
D011,2026-02-24,P002276,3903.69,36927.77
D011,2026-03-26,P002276,1611.56,28196.75
D011,2026-04-24,P002276,1974.16,32723.36
D011,2026-05-08,P002276,2506.63,30161.4
D011,2026-06-04,P002276,1079.5,23738.88
D011,2025-11-23,P002277,1274.79,10864.3
D011,2025-12-03,P002277,847.96,11417.67
D011,2026-01-18,P002277,557.04,10200.16
D011,2026-02-19,P002277,822.78,12654.76
D011,2026-04-20,P002277,683.21,8804.17
D011,2025-11-11,P002278,220.01,2963.46
D011,2025-12-21,P002278,87.84,1584.49
D011,2026-01-12,P002278,117.3,2237.86
D011,2026-02-16,P002278,151.69,2679.99
D011,2026-03-25,P002278,91.23,1480.31
D011,2026-04-25,P002278,88.64,1600.87
D011,2026-05-12,P002278,131.49,2226.37
D011,2026-06-01,P002278,113.66,2360.53
D011,2025-11-03,P002279,1211.8,21543.14
D011,2025-12-20,P002279,902.83,13983.3
D011,2026-01-07,P002279,868.33,21241.07
D011,2026-02-26,P002279,779.2,18665.33
D011,2026-03-13,P002279,2332.24,18806.93
D011,2026-04-23,P002279,1556.15,16694.36
D011,2026-05-13,P002279,1628.0,22142.08
D011,2026-06-18,P002279,834.84,13546.82
D011,2025-11-15,P002280,1613.25,23507.21
D011,2025-12-10,P002280,4511.74,42135.66
D011,2026-01-12,P002280,2827.45,47281.79
D011,2026-02-15,P002280,1966.3,48007.98
D011,2026-03-22,P002280,1642.04,33261.85
D011,2026-04-23,P002280,2522.77,45144.63
D011,2026-05-27,P002280,624.72,15133.37
D011,2026-06-07,P002280,1264.94,12766.95
D011,2025-11-11,P002281,2609.77,44717.89
D011,2025-12-08,P002281,894.68,17068.82
D011,2026-01-16,P002281,1782.98,25683.87
D011,2026-02-18,P002281,1566.59,28830.89
D011,2026-03-08,P002281,1177.27,28442.2
D011,2026-04-22,P002281,3651.74,33983.37
D011,2026-05-04,P002281,2242.08,29096.88
D011,2026-06-06,P002281,2446.34,32272.53
D011,2025-11-05,P002282,141.49,2972.28
D011,2025-12-21,P002282,235.7,5392.18
D011,2026-01-02,P002282,243.83,3279.28
D011,2026-02-20,P002282,344.7,4360.03
D011,2026-03-17,P002282,331.62,3664.27
D011,2026-04-08,P002282,173.77,3539.21
D011,2026-05-10,P002282,353.49,3482.63
D011,2026-06-18,P002282,231.35,2878.84
D011,2025-11-12,P002283,2404.1,35281.26
D011,2025-12-24,P002283,972.28,11009.89
D011,2026-02-02,P002283,2056.06,21521.88
D011,2026-04-19,P002283,1474.71,31374.44
D011,2026-05-21,P002283,1649.59,21097.99
D011,2026-06-21,P002283,764.82,14005.5
D011,2025-11-13,P002284,345.51,7277.45
D011,2025-12-25,P002284,976.46,15620.66
D011,2026-01-12,P002284,940.26,10988.79
D011,2026-02-14,P002284,451.18,9647.81
D011,2026-03-01,P002284,914.99,13903.01
D011,2026-04-05,P002284,1331.65,11855.26
D011,2026-05-04,P002284,597.6,13354.47
D011,2025-11-24,P002285,218.36,5131.31
D011,2026-01-18,P002285,206.99,4928.28
D011,2026-02-09,P002285,361.32,8122.16
D011,2026-03-27,P002285,546.94,5408.65
D011,2026-04-02,P002285,332.57,3281.82
D011,2026-05-08,P002285,218.86,3898.36
D011,2026-06-02,P002285,467.47,3847.66
D011,2025-11-23,P002286,698.22,7233.83
D011,2026-01-11,P002286,793.36,6372.39
D011,2026-02-25,P002286,285.56,4439.54
D011,2026-04-27,P002286,304.82,2492.47
D011,2026-06-06,P002286,171.61,3798.68
D011,2025-12-24,P002287,158.65,3656.59
D011,2026-01-04,P002287,510.57,4884.27
D011,2026-02-02,P002287,235.29,4290.38
D011,2026-03-24,P002287,219.71,4109.17
D011,2026-04-09,P002287,213.9,4741.78
D011,2026-05-06,P002287,350.56,5322.65
D011,2026-06-16,P002287,1016.63,9977.61
D011,2025-11-01,P002288,1194.51,16650.33
D011,2025-12-09,P002288,1072.3,13627.14
D011,2026-01-17,P002288,937.17,13349.98
D011,2026-02-04,P002288,1197.56,10771.73
D011,2026-03-24,P002288,478.47,11496.67
D011,2026-04-17,P002288,1337.61,13295.16
D011,2026-05-20,P002288,194.6,4435.69
D011,2026-06-24,P002288,618.71,7426.0
D011,2025-11-05,P002289,258.3,5948.69
D011,2026-01-02,P002289,369.55,5533.61
D011,2026-02-15,P002289,459.74,8877.86
D011,2026-03-04,P002289,210.95,4788.63
D011,2026-04-27,P002289,451.82,7541.68
D011,2026-05-04,P002289,431.18,5851.64
D011,2025-12-24,P002290,2817.9,59192.33
D011,2026-01-21,P002290,3019.82,31801.22
D011,2026-02-09,P002290,4999.12,70760.19
D011,2026-03-15,P002290,3477.34,53415.16
D011,2026-04-01,P002290,5427.95,90083.1
D011,2026-05-20,P002290,2787.16,27310.6
D011,2026-06-22,P002290,2145.62,52811.12
D011,2025-11-20,P002291,146.31,3071.99
D011,2025-12-01,P002291,298.94,2645.62
D011,2026-01-17,P002291,248.73,3187.24
D011,2026-02-16,P002291,228.75,4587.12
D011,2026-03-11,P002291,143.98,2595.34
D011,2026-05-09,P002291,194.68,1682.45
D011,2026-06-22,P002291,126.85,3167.71
D011,2025-11-17,P002292,1088.62,19701.31
D011,2025-12-10,P002292,3053.29,29907.92
D011,2026-01-26,P002292,1836.79,14924.3
D011,2026-02-23,P002292,1644.32,30273.05
D011,2026-03-09,P002292,2223.84,23768.82
D011,2026-04-19,P002292,1208.6,18656.01
D011,2026-05-02,P002292,2625.0,34954.49
D011,2026-06-13,P002292,2578.0,25599.36
D011,2025-11-26,P002293,1317.37,20827.19
D011,2025-12-10,P002293,821.66,19127.53
D011,2026-01-10,P002293,1576.52,24628.75
D011,2026-02-05,P002293,2150.87,34019.63
D011,2026-03-01,P002293,998.08,20144.76
D011,2026-04-09,P002293,636.93,10276.07
D011,2026-05-10,P002293,918.11,17164.44
D011,2026-06-15,P002293,1151.27,23283.25
D011,2025-11-09,P002294,291.65,5686.5
D011,2025-12-09,P002294,862.75,8354.12
D011,2026-01-13,P002294,285.51,6374.02
D011,2026-02-01,P002294,299.2,5805.92
D011,2026-03-16,P002294,239.65,5380.12
D011,2026-04-19,P002294,427.9,7357.8
D011,2026-05-24,P002294,291.82,6464.1
D011,2026-06-26,P002294,330.85,5841.75
D011,2025-11-15,P002295,269.83,4442.27
D011,2025-12-13,P002295,289.26,3030.66
D011,2026-01-23,P002295,34.5,793.98
D011,2026-02-22,P002295,194.1,3004.9
D011,2026-03-18,P002295,155.09,2908.71
D011,2026-04-06,P002295,218.41,4285.51
D011,2026-05-19,P002295,86.03,2114.79
D011,2026-06-02,P002295,160.43,2450.2
D011,2025-12-13,P002296,732.93,6773.43
D011,2026-01-05,P002296,306.86,5587.07
D011,2026-02-22,P002296,380.01,6980.2
D011,2026-03-04,P002296,799.17,8808.9
D011,2026-04-20,P002296,406.27,9581.39
D011,2026-05-17,P002296,344.27,7441.11
D011,2026-06-18,P002296,221.29,4731.59
D011,2025-11-11,P002297,447.02,10188.59
D011,2026-02-23,P002297,489.46,5489.15
D011,2026-03-06,P002297,318.12,7099.23
D011,2026-04-23,P002297,429.18,8109.87
D011,2026-05-15,P002297,262.9,5701.72
D011,2026-06-22,P002297,600.38,8917.87
D011,2025-12-27,P002298,446.65,5790.08
D011,2026-01-12,P002298,195.06,3259.09
D011,2026-02-11,P002298,461.4,4453.73
D011,2026-03-15,P002298,297.79,3013.95
D011,2026-04-10,P002298,419.66,6453.8
D011,2026-05-12,P002298,233.83,4738.23
D011,2025-11-13,P002299,721.44,9436.56
D011,2025-12-10,P002299,1067.99,8961.47
D011,2026-01-03,P002299,899.52,11347.42
D011,2026-02-13,P002299,483.89,10170.69
D011,2026-04-13,P002299,699.16,9018.87
D011,2026-05-13,P002299,522.2,8273.44
D011,2026-06-22,P002299,692.54,10486.33
D011,2025-11-05,P002300,1085.21,15486.55
D011,2025-12-26,P002300,790.15,15159.69
D011,2026-01-25,P002300,747.58,13162.19
D011,2026-02-03,P002300,426.7,6458.63
D011,2026-03-03,P002300,750.61,15162.54
D011,2026-04-17,P002300,257.21,4222.23
D011,2026-05-04,P002300,371.89,6823.08
D011,2026-06-23,P002300,565.43,13370.13
D011,2025-11-24,P002301,410.87,6579.05
D011,2025-12-02,P002301,216.77,4349.3
D011,2026-01-26,P002301,724.42,6289.67
D011,2026-02-19,P002301,578.94,5994.98
D011,2026-03-02,P002301,290.2,6817.45
D011,2026-04-22,P002301,176.21,3442.31
D011,2026-05-13,P002301,357.33,4807.79
D011,2026-06-11,P002301,395.82,8447.86
D011,2025-11-09,P002302,106.84,2583.81
D011,2025-12-04,P002302,192.93,1812.28
D011,2026-01-16,P002302,385.57,7830.88
D011,2026-02-08,P002302,422.16,7327.73
D011,2026-03-25,P002302,210.31,4810.53
D011,2026-04-09,P002302,478.36,7206.95
D011,2026-05-12,P002302,287.48,6309.48
D011,2026-06-25,P002302,596.41,5814.63
D011,2025-11-14,P002303,163.67,3153.56
D011,2025-12-03,P002303,349.52,3444.34
D011,2026-01-16,P002303,146.43,3253.37
D011,2026-02-15,P002303,209.57,2894.24
D011,2026-03-26,P002303,166.18,3089.55
D011,2026-06-02,P002303,153.02,2389.09
D011,2025-11-26,P002304,2126.12,42648.21
D011,2025-12-08,P002304,1863.98,38222.87
D011,2026-01-06,P002304,3434.9,36446.89
D011,2026-02-13,P002304,2185.47,37363.43
D011,2026-03-25,P002304,1341.53,23517.53
D011,2026-04-21,P002304,2862.21,55232.48
D011,2026-05-01,P002304,3989.85,46490.65
D011,2026-06-23,P002304,3148.96,59402.13
D011,2025-11-17,P002305,305.82,3890.56
D011,2025-12-05,P002305,413.12,5994.17
D011,2026-01-21,P002305,679.11,7209.71
D011,2026-02-17,P002305,436.67,5004.73
D011,2026-03-08,P002305,588.51,8036.66
D011,2026-04-16,P002305,589.61,7357.96
D011,2026-06-02,P002305,199.5,4108.5
D011,2025-11-14,P002306,1678.27,15505.99
D011,2025-12-01,P002306,709.78,15002.22
D011,2026-01-23,P002306,862.09,15807.14
D011,2026-02-04,P002306,1014.88,9842.02
D011,2026-03-13,P002306,1230.19,24119.12
D011,2026-04-25,P002306,1445.6,20757.53
D011,2026-05-17,P002306,761.59,13503.7
D011,2026-06-17,P002306,1250.74,20838.04
D011,2025-11-14,P002307,223.85,3061.83
D011,2025-12-04,P002307,376.77,4369.91
D011,2026-01-22,P002307,230.19,3310.32
D011,2026-02-26,P002307,243.41,4518.23
D011,2026-03-10,P002307,250.18,4145.4
D011,2026-04-13,P002307,355.7,5490.19
D011,2026-05-01,P002307,363.65,4382.9
D011,2026-06-16,P002307,254.66,4373.38
D011,2025-11-02,P002308,564.7,7286.78
D011,2025-12-19,P002308,857.6,11357.23
D011,2026-01-14,P002308,1160.51,14162.42
D011,2026-02-08,P002308,495.85,12056.47
D011,2026-03-17,P002308,847.45,14219.66
D011,2026-04-11,P002308,690.94,16509.95
D011,2026-05-09,P002308,639.76,9156.82
D011,2026-06-06,P002308,729.57,11003.13
D011,2025-12-18,P002309,854.4,19413.81
D011,2026-01-26,P002309,1051.69,20572.68
D011,2026-02-18,P002309,436.59,10109.85
D011,2026-04-18,P002309,710.31,12764.22
D011,2026-05-18,P002309,624.33,13455.2
D011,2025-11-16,P002310,460.66,8452.61
D011,2025-12-11,P002310,812.98,7156.33
D011,2026-01-23,P002310,568.61,12089.26
D011,2026-02-25,P002310,566.19,11822.49
D011,2026-03-17,P002310,992.04,19107.0
D011,2026-04-08,P002310,596.87,9199.82
D011,2026-05-15,P002310,446.89,10634.51
D011,2026-06-01,P002310,320.73,7705.73
D011,2025-11-26,P002311,833.43,18070.37
D011,2026-01-27,P002311,3233.59,32343.88
D011,2026-02-13,P002311,2268.22,38117.22
D011,2026-05-19,P002311,1268.68,22192.31
D011,2026-06-20,P002311,2739.18,29520.08
D011,2025-11-19,P002312,152.67,3712.11
D011,2026-01-16,P002312,464.35,4304.52
D011,2026-02-06,P002312,306.25,6080.24
D011,2026-03-15,P002312,114.72,2263.05
D011,2026-04-16,P002312,154.5,3414.14
D011,2026-05-09,P002312,515.48,8469.05
D011,2026-06-17,P002312,98.62,1760.86
D011,2025-11-16,P002313,369.47,5909.45
D011,2025-12-19,P002313,324.47,7620.69
D011,2026-01-03,P002313,119.03,2645.25
D011,2026-02-27,P002313,353.48,5036.22
D011,2026-03-14,P002313,122.21,2622.61
D011,2026-04-20,P002313,140.67,2901.85
D011,2026-05-25,P002313,285.13,6148.61
D011,2025-11-15,P002314,316.69,4194.69
D011,2025-12-25,P002314,695.29,8062.52
D011,2026-01-22,P002314,499.32,11908.74
D011,2026-02-22,P002314,862.87,7061.05
D011,2026-04-10,P002314,641.45,14444.56
D011,2026-05-06,P002314,695.31,10982.46
D011,2025-11-16,P002315,2889.81,46114.41
D011,2025-12-12,P002315,3283.22,35222.71
D011,2026-01-18,P002315,9522.6,86663.71
D011,2026-03-14,P002315,3908.95,40836.53
D011,2026-04-08,P002315,5393.76,89505.11
D011,2026-06-20,P002315,4058.8,48173.91
D011,2025-11-09,P002316,3454.27,45563.85
D011,2026-02-03,P002316,3480.63,44731.34
D011,2026-03-18,P002316,2724.12,32593.36
D011,2026-04-19,P002316,2750.12,65466.04
D011,2026-05-15,P002316,2383.95,52645.96
D011,2026-06-12,P002316,3491.86,57682.65
D011,2025-11-13,P002317,64.18,613.75
D011,2026-01-25,P002317,249.49,5982.2
D011,2026-02-18,P002317,172.17,3053.94
D011,2026-03-15,P002317,289.77,6439.36
D011,2026-04-02,P002317,278.13,4659.93
D011,2026-05-23,P002317,233.39,5179.38
D011,2025-11-24,P002318,2190.1,42321.19
D011,2026-01-19,P002318,2348.86,33775.98
D011,2026-02-13,P002318,1771.04,22932.04
D011,2026-03-17,P002318,2500.03,21524.1
D011,2026-04-17,P002318,1452.18,21638.21
D011,2026-05-01,P002318,3980.14,47378.83
D011,2026-06-08,P002318,1801.5,33682.07
D011,2025-11-21,P002319,282.53,6901.86
D011,2025-12-14,P002319,214.55,5314.41
D011,2026-01-02,P002319,544.54,6639.58
D011,2026-03-07,P002319,476.35,6487.48
D011,2026-05-05,P002319,377.71,5047.0
D011,2026-06-20,P002319,477.63,5958.6
D011,2025-11-25,P002320,305.24,4400.01
D011,2025-12-09,P002320,325.12,6266.97
D011,2026-01-04,P002320,601.77,6211.71
D011,2026-02-16,P002320,107.34,1929.85
D011,2026-05-18,P002320,537.43,6578.06
D011,2026-06-13,P002320,218.16,4769.65
D011,2025-11-13,P002321,442.69,11013.56
D011,2025-12-22,P002321,1282.39,12912.0
D011,2026-01-15,P002321,187.07,4076.8
D011,2026-03-11,P002321,245.76,3685.23
D011,2026-04-13,P002321,672.09,8304.18
D011,2026-05-15,P002321,779.93,11426.34
D011,2026-06-05,P002321,272.21,4602.5
D011,2025-11-11,P002322,2032.81,36888.8
D011,2025-12-27,P002322,1206.78,25454.78
D011,2026-01-23,P002322,1612.07,17213.48
D011,2026-02-27,P002322,2020.03,42287.13
D011,2026-03-09,P002322,3147.88,31544.97
D011,2026-04-14,P002322,2292.96,35590.06
D011,2026-05-17,P002322,1254.07,27042.44
D011,2026-06-04,P002322,1352.31,33706.74
D011,2025-11-22,P002323,399.27,5839.69
D011,2025-12-26,P002323,221.28,4968.23
D011,2026-01-13,P002323,103.47,1094.62
D011,2026-03-24,P002323,269.24,6301.33
D011,2026-04-11,P002323,201.25,4009.55
D011,2026-05-02,P002323,299.61,3459.84
D011,2026-06-07,P002323,238.92,4047.22
D011,2025-11-13,P002324,81.68,2013.08
D011,2025-12-27,P002324,89.67,2229.51
D011,2026-01-19,P002324,206.05,2354.05
D011,2026-02-23,P002324,91.52,1246.68
D011,2026-03-08,P002324,114.92,1647.89
D011,2026-04-20,P002324,99.99,1546.87
D011,2026-05-12,P002324,93.26,2304.87
D011,2026-06-22,P002324,136.23,1890.77
D011,2025-11-24,P002325,194.84,4328.63
D011,2026-01-20,P002325,175.41,3859.34
D011,2026-02-16,P002325,110.97,2744.14
D011,2026-04-19,P002325,158.5,2643.7
D011,2026-05-08,P002325,401.36,3375.99
D011,2026-06-23,P002325,168.86,3031.41
D011,2025-11-21,P002326,222.47,4100.67
D011,2025-12-15,P002326,237.25,4261.79
D011,2026-01-18,P002326,82.17,1267.02
D011,2026-02-18,P002326,224.99,5335.29
D011,2026-03-19,P002326,117.04,2287.02
D011,2026-04-20,P002326,206.63,3326.12
D011,2026-05-21,P002326,206.55,3368.39
D011,2026-06-17,P002326,262.14,4849.75
D011,2025-11-11,P002327,3136.62,38674.74
D011,2026-01-23,P002327,2239.8,22668.14
D011,2026-02-07,P002327,2614.71,31986.94
D011,2026-04-15,P002327,1281.4,30534.37
D011,2026-05-22,P002327,2260.8,25479.33
D011,2026-06-01,P002327,2031.59,42712.34
D011,2025-11-14,P002328,990.68,14221.59
D011,2025-12-03,P002328,977.67,20894.41
D011,2026-01-17,P002328,963.09,19256.11
D011,2026-02-13,P002328,1387.52,26547.05
D011,2026-03-17,P002328,938.71,8294.11
D011,2026-04-02,P002328,1330.1,11824.72
D011,2026-05-09,P002328,1284.22,18699.1
D011,2026-06-19,P002328,1246.27,12556.78
D011,2025-11-27,P002329,424.37,6070.59
D011,2026-02-22,P002329,949.62,19695.4
D011,2026-03-10,P002329,536.45,11442.71
D011,2026-04-03,P002329,778.01,13059.12
D011,2026-05-14,P002329,531.2,10694.52
D011,2026-06-09,P002329,1172.45,17109.4
D011,2025-11-11,P002330,438.43,6144.21
D011,2025-12-13,P002330,316.82,7630.65
D011,2026-01-03,P002330,268.19,5486.01
D011,2026-02-18,P002330,269.48,3278.05
D011,2026-04-12,P002330,408.27,5262.92
D011,2026-05-04,P002330,204.94,4673.46
D011,2026-06-17,P002330,411.99,9322.36
D011,2025-12-10,P002331,4708.15,53794.63
D011,2026-01-10,P002331,3005.33,42352.31
D011,2026-02-03,P002331,2650.35,63592.2
D011,2026-03-21,P002331,1873.3,44292.54
D011,2026-04-08,P002331,4142.72,45645.2
D011,2026-05-22,P002331,5355.2,49918.87
D011,2026-06-02,P002331,4066.72,57719.43
D011,2025-12-04,P002332,1317.15,14580.94
D011,2026-01-10,P002332,496.29,11461.21
D011,2026-02-01,P002332,561.37,10925.68
D011,2026-03-10,P002332,645.97,11997.95
D011,2026-04-27,P002332,266.07,6273.2
D011,2026-05-12,P002332,608.64,6701.17
D011,2026-06-09,P002332,309.57,4327.03
D011,2025-11-20,P002333,495.28,5404.68
D011,2025-12-26,P002333,400.79,5443.62
D011,2026-01-08,P002333,183.12,4062.0
D011,2026-02-16,P002333,200.62,4005.98
D011,2026-03-10,P002333,252.33,5424.51
D011,2026-04-18,P002333,287.47,4313.86
D011,2026-05-04,P002333,293.84,5664.18
D011,2026-06-07,P002333,631.68,7144.53
D011,2025-11-25,P002334,1475.67,27314.96
D011,2025-12-25,P002334,1771.81,18190.87
D011,2026-01-08,P002334,918.08,21347.41
D011,2026-02-20,P002334,1577.69,30199.41
D011,2026-03-17,P002334,912.78,20207.89
D011,2026-04-14,P002334,1525.42,26892.23
D011,2026-05-22,P002334,1727.36,22830.0
D011,2026-06-11,P002334,2091.02,46219.06
D011,2025-11-09,P002335,373.42,4122.97
D011,2025-12-22,P002335,661.65,13778.93
D011,2026-02-06,P002335,355.86,7941.14
D011,2026-03-24,P002335,1834.16,20570.39
D011,2026-04-22,P002335,1808.66,16511.18
D011,2026-05-25,P002335,1194.23,17226.44
D011,2026-06-14,P002335,613.52,14858.87
D011,2025-11-05,P002336,4762.18,77459.93
D011,2025-12-23,P002336,4495.03,50891.31
D011,2026-01-02,P002336,2159.95,48486.74
D011,2026-02-14,P002336,5291.99,72920.11
D011,2026-03-20,P002336,2868.79,51745.73
D011,2026-04-26,P002336,3327.09,51161.56
D011,2026-05-27,P002336,2023.51,35256.57
D011,2026-06-11,P002336,1861.75,45965.01
D011,2025-11-04,P002337,224.41,5222.4
D011,2026-01-05,P002337,223.43,4659.66
D011,2026-04-27,P002337,380.13,3904.76
D011,2026-05-23,P002337,643.31,5585.02
D011,2026-06-19,P002337,409.41,3866.36
D011,2026-03-22,P002338,429.68,4989.42
D011,2026-04-07,P002338,437.54,6796.59
D011,2026-05-25,P002338,516.81,6646.19
D011,2026-06-21,P002338,532.21,8288.71
D011,2025-11-16,P002339,143.75,1886.84
D011,2025-12-19,P002339,85.58,1681.99
D011,2026-01-13,P002339,131.57,2622.94
D011,2026-02-08,P002339,184.12,2982.77
D011,2026-03-16,P002339,135.99,1694.26
D011,2026-04-27,P002339,77.35,1049.24
D011,2026-06-19,P002339,212.05,2306.0
D011,2025-11-21,P002340,2677.41,63324.03
D011,2025-12-22,P002340,6458.74,77290.27
D011,2026-01-18,P002340,6514.07,65729.18
D011,2026-02-08,P002340,2777.52,65676.81
D011,2026-04-03,P002340,4380.45,87530.66
D011,2026-05-19,P002340,4617.61,76514.21
D011,2026-06-08,P002340,3825.48,56603.82
D011,2025-11-01,P002341,5275.0,44419.47
D011,2025-12-14,P002341,3545.66,54338.85
D011,2026-01-09,P002341,1594.18,21651.16
D011,2026-03-02,P002341,2710.51,47730.31
D011,2026-04-25,P002341,2651.95,48499.47
D011,2026-06-24,P002341,3015.97,47598.35
D011,2026-01-16,P002342,3267.73,29804.19
D011,2026-02-08,P002342,1587.55,32755.62
D011,2026-04-14,P002342,2253.42,37172.36
D011,2026-05-12,P002342,1652.03,34131.51
D011,2026-06-18,P002342,2506.47,29285.84
D011,2025-11-21,P002343,1146.15,22122.95
D011,2026-01-26,P002343,3475.37,36725.95
D011,2026-02-18,P002343,2667.89,36552.3
D011,2026-03-24,P002343,1588.55,27623.89
D011,2026-04-19,P002343,3519.83,37801.56
D011,2026-05-06,P002343,578.02,14217.23
D011,2025-11-25,P002344,2302.32,20791.51
D011,2025-12-24,P002344,2239.12,49990.46
D011,2026-02-16,P002344,2358.61,41051.36
D011,2026-03-12,P002344,2156.42,42684.4
D011,2026-04-17,P002344,1599.51,39193.22
D011,2026-05-03,P002344,2330.48,45753.88
D011,2026-06-15,P002344,1828.58,21896.78
D011,2025-12-17,P002345,2117.56,26091.83
D011,2026-01-23,P002345,2277.44,25569.33
D011,2026-02-26,P002345,3281.48,42631.14
D011,2026-03-13,P002345,3507.84,42728.67
D011,2026-05-08,P002345,1110.63,21725.06
D011,2026-06-03,P002345,1888.03,30287.98
D011,2025-11-17,P002346,5777.38,47488.29
D011,2026-02-04,P002346,2750.15,66262.95
D011,2026-03-23,P002346,5198.76,59639.15
D011,2026-04-03,P002346,1569.25,37361.45
D011,2026-05-22,P002346,4029.02,57764.63
D011,2026-06-24,P002346,4476.0,57539.66
D011,2025-11-05,P002347,543.61,11302.48
D011,2025-12-19,P002347,444.75,6539.2
D011,2026-01-06,P002347,553.37,9215.23
D011,2026-02-10,P002347,420.88,10202.02
D011,2026-03-04,P002347,355.91,8357.17
D011,2026-04-12,P002347,516.84,10147.91
D011,2026-05-23,P002347,1079.67,11196.36
D011,2026-06-10,P002347,1201.99,9751.5
D011,2025-12-01,P002348,125.41,2873.5
D011,2026-01-12,P002348,312.28,4483.46
D011,2026-02-10,P002348,304.99,2570.89
D011,2026-03-06,P002348,151.47,1382.43
D011,2026-04-09,P002348,145.66,3435.93
D011,2026-05-02,P002348,333.0,3114.81
D011,2025-11-06,P002349,1820.99,18252.18
D011,2026-01-26,P002349,1402.79,17765.15
D011,2026-02-26,P002349,2034.01,17003.27
D011,2026-03-10,P002349,460.66,7731.66
D011,2026-05-01,P002349,856.57,12962.17
D011,2026-06-24,P002349,892.53,11336.55
D011,2025-11-27,P002350,2141.21,49862.66
D011,2026-01-19,P002350,2375.84,54228.18
D011,2026-02-17,P002350,7865.02,121686.95
D011,2026-03-14,P002350,3856.24,76851.99
D011,2026-05-18,P002350,7556.53,113806.38
D011,2026-06-22,P002350,4899.87,119832.69
D011,2025-11-08,P002351,299.38,5695.76
D011,2025-12-02,P002351,93.19,1429.77
D011,2026-02-24,P002351,251.95,4902.47
D011,2026-03-21,P002351,204.22,4157.33
D011,2026-04-05,P002351,89.15,2153.01
D011,2026-06-25,P002351,201.46,4782.72
D011,2025-11-18,P002352,721.65,6243.49
D011,2025-12-05,P002352,685.0,5647.45
D011,2026-01-23,P002352,278.18,6116.61
D011,2026-02-18,P002352,347.99,4844.39
D011,2026-03-01,P002352,432.52,6245.35
D011,2026-04-14,P002352,450.81,5245.8
D011,2026-05-01,P002352,286.67,6677.39
D011,2026-06-05,P002352,275.92,4778.72
D011,2025-11-14,P002353,508.04,6567.94
D011,2025-12-01,P002353,149.57,3630.2
D011,2026-01-21,P002353,316.16,5111.51
D011,2026-02-09,P002353,316.02,6280.02
D011,2026-03-02,P002353,819.22,7213.42
D011,2026-05-13,P002353,99.95,2008.27
D011,2026-06-04,P002353,288.36,6948.27
D011,2025-11-23,P002354,1079.09,10464.74
D011,2025-12-16,P002354,864.15,11501.5
D011,2026-01-23,P002354,538.81,8878.4
D011,2026-02-10,P002354,653.95,15179.48
D011,2026-03-02,P002354,988.25,21523.46
D011,2026-04-01,P002354,1214.93,11388.84
D011,2026-06-14,P002354,911.08,19880.82
D011,2025-11-23,P002355,4876.48,70453.62
D011,2026-02-14,P002355,5098.13,113369.44
D011,2026-03-21,P002355,2828.93,65035.29
D011,2026-05-24,P002355,6366.14,140408.83
D011,2026-06-26,P002355,4863.5,77732.0
D011,2025-11-19,P002356,2129.63,19509.94
D011,2025-12-06,P002356,751.8,15616.12
D011,2026-01-11,P002356,444.68,9025.6
D011,2026-02-19,P002356,1174.7,22535.11
D011,2026-03-26,P002356,2295.41,27030.52
D011,2026-05-12,P002356,1092.57,17270.3
D011,2025-11-13,P002357,533.41,6629.94
D011,2025-12-19,P002357,282.73,6279.42
D011,2026-01-27,P002357,756.2,8338.46
D011,2026-02-09,P002357,667.17,6828.75
D011,2026-03-17,P002357,251.4,5560.61
D011,2026-04-18,P002357,337.51,8003.68
D011,2026-05-20,P002357,212.74,4676.22
D011,2026-06-23,P002357,312.72,5406.66
D011,2025-11-03,P002358,377.52,7583.71
D011,2025-12-24,P002358,5081.79,60544.05
D011,2026-01-15,P002358,3259.25,69443.31
D011,2026-02-09,P002358,10233.97,93627.22
D011,2026-04-23,P002358,4105.67,62313.55
D011,2026-05-23,P002358,5202.39,69391.31
D011,2026-06-25,P002358,1161.51,26101.66
D011,2025-11-10,P002359,220.86,2848.83
D011,2026-01-05,P002359,154.16,3347.98
D011,2026-02-24,P002359,326.02,4631.68
D011,2026-03-10,P002359,287.02,4182.54
D011,2026-04-24,P002359,236.14,4790.11
D011,2026-06-27,P002359,274.74,4744.87
D011,2025-12-10,P002360,165.52,3994.83
D011,2026-01-10,P002360,280.39,4667.11
D011,2026-02-04,P002360,319.84,3437.06
D011,2026-03-11,P002360,119.44,2702.75
D011,2026-04-03,P002360,376.13,5064.29
D011,2026-05-04,P002360,158.91,3872.5
D011,2026-06-21,P002360,209.3,3652.9
D011,2025-12-24,P002361,834.17,15637.39
D011,2026-01-26,P002361,767.51,17704.16
D011,2026-02-15,P002361,490.01,11601.11
D011,2026-03-01,P002361,833.07,12824.72
D011,2026-05-21,P002361,763.59,9650.05
D011,2026-06-21,P002361,780.98,15251.88
D011,2025-11-25,P002362,493.47,11081.96
D011,2026-01-03,P002362,528.27,11383.43
D011,2026-02-14,P002362,1012.8,17604.4
D011,2026-03-15,P002362,968.64,16227.06
D011,2026-04-11,P002362,577.86,13752.3
D011,2026-06-16,P002362,808.73,10704.01
D011,2025-11-13,P002363,414.28,5378.94
D011,2025-12-16,P002363,251.5,5852.79
D011,2026-01-06,P002363,350.44,5077.32
D011,2026-02-05,P002363,498.13,11343.24
D011,2026-03-24,P002363,403.42,9180.04
D011,2026-04-22,P002363,377.31,5714.34
D011,2026-05-25,P002363,204.89,3723.08
D011,2026-06-26,P002363,425.05,6285.92
D011,2025-11-19,P002364,95.69,1915.79
D011,2025-12-24,P002364,185.66,2429.16
D011,2026-01-24,P002364,74.72,1235.11
D011,2026-02-08,P002364,156.36,1990.22
D011,2026-04-16,P002364,60.16,1471.46
D011,2026-05-04,P002364,80.83,1329.58
D011,2026-06-10,P002364,111.63,2463.23
D011,2025-11-20,P002365,298.75,7368.11
D011,2025-12-09,P002365,164.59,3977.86
D011,2026-01-22,P002365,241.47,5920.2
D011,2026-02-16,P002365,333.41,5397.61
D011,2026-03-02,P002365,324.32,7096.46
D011,2026-04-24,P002365,400.38,8590.96
D011,2026-05-06,P002365,375.69,6503.84
D011,2026-06-09,P002365,391.19,7401.45
D011,2025-11-19,P002366,569.53,6871.86
D011,2025-12-25,P002366,1018.65,10305.21
D011,2026-01-25,P002366,280.21,6180.78
D011,2026-02-14,P002366,601.23,9823.04
D011,2026-03-16,P002366,398.84,8920.05
D011,2026-05-20,P002366,265.83,4661.24
D011,2025-11-21,P002367,373.79,6226.92
D011,2026-02-17,P002367,443.25,7254.44
D011,2026-03-20,P002367,726.67,9267.28
D011,2026-04-03,P002367,555.68,7257.81
D011,2026-05-15,P002367,198.74,4408.29
D011,2026-06-20,P002367,222.0,5440.68
D011,2025-11-12,P002368,538.66,6883.93
D011,2025-12-13,P002368,205.65,4250.14
D011,2026-01-09,P002368,115.51,2337.58
D011,2026-02-22,P002368,434.75,8003.18
D011,2026-03-19,P002368,377.61,6762.24
D011,2026-04-21,P002368,121.26,2760.77
D011,2026-05-15,P002368,337.73,5648.48
D011,2026-06-27,P002368,269.16,4525.37
D011,2025-11-10,P002369,336.44,5157.58
D011,2025-12-22,P002369,584.04,4992.82
D011,2026-01-12,P002369,796.78,7389.53
D011,2026-02-25,P002369,347.25,6898.35
D011,2026-03-13,P002369,361.09,6837.3
D011,2026-04-09,P002369,374.58,6634.61
D011,2026-05-07,P002369,397.1,4230.65
D011,2026-06-26,P002369,343.84,7903.04
D011,2025-11-12,P002370,1178.73,25224.65
D011,2025-12-20,P002370,3120.82,28019.35
D011,2026-01-10,P002370,982.74,23694.62
D011,2026-02-21,P002370,2405.29,22244.68
D011,2026-03-20,P002370,1035.66,21723.15
D011,2026-04-20,P002370,498.58,10833.41
D011,2026-05-27,P002370,1721.38,16407.51
D011,2026-06-15,P002370,803.89,16716.53
D011,2025-11-22,P002371,3859.66,46790.51
D011,2025-12-16,P002371,2213.98,42661.49
D011,2026-01-02,P002371,2271.24,53408.37
D011,2026-02-26,P002371,978.69,23011.87
D011,2026-03-12,P002371,7558.09,70773.86
D011,2026-04-12,P002371,2482.9,43327.07
D011,2026-05-12,P002371,2939.98,63791.62
D011,2026-06-07,P002371,3961.35,62169.7
D011,2025-11-04,P002372,264.84,4766.86
D011,2025-12-04,P002372,247.16,5686.7
D011,2026-02-26,P002372,163.14,2228.7
D011,2026-03-17,P002372,274.42,3048.87
D011,2026-04-01,P002372,120.82,1790.64
D011,2026-05-06,P002372,201.1,3600.55
D011,2026-06-26,P002372,468.81,5005.79
D011,2025-11-27,P002373,1092.42,19139.58
D011,2025-12-07,P002373,1963.95,17384.57
D011,2026-01-02,P002373,757.77,15829.58
D011,2026-02-21,P002373,2307.13,26426.7
D011,2026-03-24,P002373,538.55,13415.34
D011,2026-05-24,P002373,1209.34,16020.34
D011,2026-06-23,P002373,940.63,20373.29
D011,2025-12-27,P002374,133.08,2345.83
D011,2026-01-22,P002374,298.2,3616.59
D011,2026-02-06,P002374,635.93,5179.25
D011,2026-03-09,P002374,428.97,4280.05
D011,2026-04-24,P002374,200.52,4454.88
D011,2026-05-16,P002374,285.5,4657.12
D011,2026-06-06,P002374,116.92,2606.69
D011,2026-01-17,P002375,1461.33,34772.01
D011,2026-02-10,P002375,4679.8,43789.2
D011,2026-03-26,P002375,4838.58,48600.75
D011,2026-04-14,P002375,3303.59,28339.79
D011,2026-05-06,P002375,2767.39,47032.07
D011,2026-06-25,P002375,1603.94,33194.03
D011,2026-01-01,P002376,646.46,13320.18
D011,2026-02-24,P002376,332.43,3942.66
D011,2026-03-16,P002376,589.55,13049.26
D011,2026-04-16,P002376,629.6,8861.34
D011,2026-05-25,P002376,1438.58,16061.92
D011,2026-06-12,P002376,808.63,11051.03
D011,2025-11-09,P002377,758.55,18679.75
D011,2026-02-08,P002377,1884.76,26797.58
D011,2026-04-06,P002377,1685.27,20368.56
D011,2026-05-17,P002377,1093.16,24257.8
D011,2026-06-11,P002377,1212.61,24792.8
D011,2025-11-22,P002378,3869.91,51405.03
D011,2025-12-17,P002378,4652.41,57522.19
D011,2026-02-24,P002378,4073.17,53201.9
D011,2026-03-08,P002378,4488.96,47224.98
D011,2026-04-22,P002378,3338.65,31115.88
D011,2026-05-25,P002378,4692.64,44209.01
D011,2026-06-23,P002378,5193.45,65383.65
D011,2025-11-13,P002379,1987.06,44204.0
D011,2025-12-18,P002379,1228.94,24196.94
D011,2026-01-22,P002379,5290.95,53214.68
D011,2026-02-05,P002379,1397.61,31726.14
D011,2026-03-18,P002379,4392.88,65857.73
D011,2026-04-10,P002379,5376.25,67558.26
D011,2026-05-11,P002379,2015.1,47249.58
D011,2026-06-14,P002379,5649.09,60744.94
D011,2025-11-27,P002380,195.87,3373.56
D011,2025-12-17,P002380,333.61,4387.37
D011,2026-02-07,P002380,148.93,3119.41
D011,2026-03-27,P002380,455.97,8150.15
D011,2026-04-06,P002380,455.16,8354.02
D011,2026-05-12,P002380,1051.4,9741.29
D011,2026-06-23,P002380,382.06,6801.69
D011,2025-11-16,P002381,279.07,5418.02
D011,2025-12-17,P002381,683.12,11093.59
D011,2026-01-02,P002381,186.75,3844.06
D011,2026-02-14,P002381,286.35,5627.95
D011,2026-03-07,P002381,1129.65,10348.72
D011,2026-04-10,P002381,615.54,13263.58
D011,2026-05-21,P002381,576.86,13450.91
D011,2026-06-03,P002381,857.62,14128.19
D011,2025-11-01,P002382,1743.54,26092.86
D011,2025-12-03,P002382,1087.12,22067.59
D011,2026-01-22,P002382,5624.06,54500.89
D011,2026-02-23,P002382,3435.0,57999.91
D011,2026-03-19,P002382,948.45,23683.13
D011,2026-04-07,P002382,3631.97,40880.04
D011,2026-05-15,P002382,1765.58,43891.79
D011,2026-06-22,P002382,1553.86,30581.22
D011,2025-11-07,P002383,197.57,3751.44
D011,2025-12-14,P002383,133.06,2576.22
D011,2026-01-05,P002383,279.67,4569.23
D011,2026-02-12,P002383,98.66,2428.25
D011,2026-03-03,P002383,198.32,4621.58
D011,2026-05-26,P002383,195.75,2898.98
D011,2026-06-24,P002383,112.27,2498.13
D011,2025-11-24,P002384,1808.18,44527.9
D011,2025-12-19,P002384,1659.16,40377.58
D011,2026-01-23,P002384,3261.18,58534.19
D011,2026-03-11,P002384,2017.76,36442.85
D011,2026-04-27,P002384,4639.12,43608.43
D011,2026-05-03,P002384,3150.17,63230.12
D011,2026-06-23,P002384,3215.18,53224.62
D011,2025-11-23,P002385,181.9,3143.23
D011,2025-12-14,P002385,82.97,1515.25
D011,2026-01-02,P002385,161.82,3918.52
D011,2026-02-22,P002385,265.94,3837.14
D011,2026-04-26,P002385,207.13,2175.04
D011,2026-06-06,P002385,145.54,2393.6
D011,2025-11-27,P002386,271.51,3446.45
D011,2026-01-12,P002386,544.93,5551.42
D011,2026-02-06,P002386,325.58,4633.72
D011,2026-03-16,P002386,188.69,4040.97
D011,2026-04-27,P002386,290.58,3008.58
D011,2026-05-01,P002386,173.29,3623.14
D011,2025-11-13,P002387,770.17,8867.91
D011,2025-12-16,P002387,529.0,6918.93
D011,2026-01-15,P002387,505.15,10101.76
D011,2026-02-11,P002387,426.16,5054.57
D011,2026-03-09,P002387,428.38,6498.41
D011,2026-04-04,P002387,645.91,10280.47
D011,2026-05-05,P002387,414.9,7443.08
D011,2026-06-12,P002387,758.99,9442.0
D011,2025-11-13,P002388,633.98,13189.67
D011,2025-12-16,P002388,2797.47,40298.14
D011,2026-01-24,P002388,2759.35,49920.91
D011,2026-02-14,P002388,3853.84,65521.12
D011,2026-03-10,P002388,1606.95,32276.2
D011,2026-04-27,P002388,2491.5,59724.39
D011,2026-05-18,P002388,2181.85,34927.68
D011,2026-06-16,P002388,2495.43,41344.54
D011,2025-11-09,P002389,158.55,3473.98
D011,2025-12-02,P002389,151.66,3564.45
D011,2026-01-18,P002389,200.11,3691.72
D011,2026-02-21,P002389,294.51,4850.83
D011,2026-03-08,P002389,523.64,5295.34
D011,2026-04-24,P002389,334.85,4050.5
D011,2026-05-27,P002389,197.29,3917.78
D011,2026-06-18,P002389,556.5,4962.34
D011,2025-11-09,P002390,335.2,4536.93
D011,2025-12-12,P002390,380.41,7182.36
D011,2026-01-08,P002390,401.42,9993.77
D011,2026-03-12,P002390,303.79,7090.86
D011,2026-04-19,P002390,465.37,5181.57
D011,2026-05-20,P002390,273.38,6051.97
D011,2025-11-10,P002391,493.34,11355.08
D011,2026-01-07,P002391,1242.45,16505.19
D011,2026-02-16,P002391,943.93,12070.62
D011,2026-03-25,P002391,1147.42,21441.31
D011,2026-05-19,P002391,1688.59,22877.28
D011,2026-06-06,P002391,224.14,5085.44
D011,2025-11-26,P002392,784.18,12789.76
D011,2025-12-17,P002392,590.26,9186.45
D011,2026-01-15,P002392,1111.27,9827.79
D011,2026-02-10,P002392,905.71,10931.55
D011,2026-03-14,P002392,968.5,12463.52
D011,2026-04-09,P002392,1593.66,13867.63
D011,2026-05-17,P002392,431.12,8919.41
D011,2026-06-16,P002392,1702.03,16161.32
D011,2025-11-19,P002393,1542.77,32986.41
D011,2025-12-06,P002393,1349.59,23027.06
D011,2026-01-21,P002393,1697.16,36413.33
D011,2026-02-06,P002393,2604.18,37464.45
D011,2026-03-21,P002393,1983.0,35302.83
D011,2026-04-16,P002393,2080.0,43978.85
D011,2026-05-13,P002393,4223.39,53881.3
D011,2026-06-16,P002393,1943.45,33840.26
D011,2025-11-20,P002394,91.57,1211.84
D011,2025-12-22,P002394,207.5,1895.33
D011,2026-01-14,P002394,97.03,2262.73
D011,2026-04-24,P002394,272.78,2376.75
D011,2026-06-21,P002394,153.67,2081.99
D011,2025-11-16,P002395,267.19,3542.19
D011,2025-12-05,P002395,208.51,3623.04
D011,2026-01-15,P002395,407.87,5753.46
D011,2026-02-11,P002395,348.49,5320.2
D011,2026-04-08,P002395,161.93,3209.55
D011,2026-05-24,P002395,102.7,2028.72
D011,2026-06-04,P002395,343.47,6389.79
D011,2025-11-23,P002396,3284.53,77836.71
D011,2025-12-22,P002396,3056.5,44873.2
D011,2026-01-22,P002396,2601.77,63085.74
D011,2026-02-16,P002396,5986.38,89289.31
D011,2026-03-09,P002396,2783.97,56444.95
D011,2026-04-21,P002396,6675.68,74090.32
D011,2026-05-03,P002396,4428.08,109327.25
D011,2026-06-10,P002396,3250.49,79614.02
D011,2025-11-07,P002397,121.56,2897.45
D011,2025-12-15,P002397,124.85,1234.84
D011,2026-01-21,P002397,168.91,3774.48
D011,2026-02-04,P002397,216.25,1935.59
D011,2026-03-15,P002397,224.03,2507.73
D011,2026-04-09,P002397,311.79,2510.97
D011,2026-05-03,P002397,128.55,2726.09
D011,2025-11-11,P002398,1444.64,19953.83
D011,2025-12-08,P002398,562.07,10828.64
D011,2026-02-01,P002398,896.29,13123.82
D011,2026-04-13,P002398,2189.0,42136.8
D011,2026-05-08,P002398,1214.08,28332.71
D011,2026-06-19,P002398,1996.34,40713.95
D011,2025-11-02,P002399,6596.12,148933.08
D011,2025-12-14,P002399,3913.21,75687.21
D011,2026-01-13,P002399,5895.0,106159.97
D011,2026-02-03,P002399,5393.43,97167.03
D011,2026-03-12,P002399,4512.43,111255.4
D011,2026-04-13,P002399,3779.32,92431.91
D011,2026-06-27,P002399,5514.38,44694.19
D011,2025-11-14,P002400,1136.68,12700.34
D011,2025-12-25,P002400,1069.43,11428.84
D011,2026-01-23,P002400,1031.85,12651.36
D011,2026-02-07,P002400,142.76,3433.58
D011,2026-03-08,P002400,1473.42,17304.2
D011,2026-04-13,P002400,585.89,12382.38
D011,2026-05-23,P002400,1475.67,16511.82
D011,2026-06-02,P002400,1980.88,15893.06
D011,2025-11-24,P002401,137.08,1588.66
D011,2026-02-18,P002401,282.06,3321.83
D011,2026-03-03,P002401,159.37,2873.97
D011,2026-04-11,P002401,179.31,2674.99
D011,2026-06-08,P002401,151.06,3609.65
D011,2025-11-18,P002402,197.64,4738.09
D011,2025-12-14,P002402,995.04,11406.87
D011,2026-01-26,P002402,739.74,13303.09
D011,2026-02-14,P002402,681.37,14269.52
D011,2026-03-10,P002402,934.35,22317.19
D011,2026-05-21,P002402,1543.58,18249.54
D011,2026-06-11,P002402,680.0,15682.97
D011,2025-11-12,P002403,1595.11,15004.38
D011,2026-01-21,P002403,1015.35,9557.35
D011,2026-02-22,P002403,0.0,0.0
D011,2026-03-07,P002403,284.91,6682.51
D011,2026-04-12,P002403,736.89,13258.6
D011,2026-05-20,P002403,715.04,10484.38
D011,2026-06-20,P002403,1212.56,14328.02
D011,2025-11-18,P002404,675.51,8687.82
D011,2025-12-10,P002404,392.12,8442.74
D011,2026-01-08,P002404,610.28,11588.88
D011,2026-02-21,P002404,389.44,9676.36
D011,2026-03-27,P002404,1262.29,11103.55
D011,2026-04-15,P002404,948.16,9438.56
D011,2026-05-15,P002404,454.45,11239.89
D011,2026-06-11,P002404,616.04,9665.33
D011,2025-11-02,P002405,397.75,4893.23
D011,2025-12-11,P002405,272.57,3516.9
D011,2026-01-27,P002405,91.96,1648.74
D011,2026-02-19,P002405,255.83,4290.68
D011,2026-03-07,P002405,535.06,6434.49
D011,2026-04-22,P002405,328.08,7430.58
D011,2026-05-23,P002405,449.58,5560.82
D011,2026-06-15,P002405,152.03,2300.42
D011,2025-11-25,P002406,124.8,2684.87
D011,2025-12-26,P002406,106.37,2610.77
D011,2026-01-19,P002406,197.51,2609.33
D011,2026-02-04,P002406,147.59,2278.62
D011,2026-03-08,P002406,114.13,2566.76
D011,2026-04-11,P002406,229.67,2459.42
D011,2026-06-13,P002406,170.09,3534.96
D011,2025-11-11,P002407,673.91,7083.22
D011,2025-12-11,P002407,441.46,9589.5
D011,2026-01-26,P002407,475.32,10325.38
D011,2026-03-12,P002407,922.63,9782.66
D011,2026-05-26,P002407,354.35,5178.15
D011,2025-11-09,P002408,180.21,3191.7
D011,2025-12-01,P002408,74.05,1733.86
D011,2026-01-15,P002408,526.07,4389.73
D011,2026-02-16,P002408,417.73,4547.48
D011,2026-03-20,P002408,193.43,4085.49
D011,2026-04-12,P002408,89.92,2183.39
D011,2026-05-06,P002408,129.27,3202.82
D011,2026-06-16,P002408,103.81,1523.02
D011,2025-11-18,P002409,445.66,6013.28
D011,2025-12-06,P002409,195.73,4117.58
D011,2026-01-24,P002409,473.22,4858.37
D011,2026-02-07,P002409,276.69,3097.65
D011,2026-03-24,P002409,363.08,7368.33
D011,2026-04-02,P002409,679.35,5750.88
D011,2026-05-19,P002409,502.18,4456.69
D011,2025-11-08,P002410,1105.25,11264.63
D011,2025-12-02,P002410,1047.68,21359.82
D011,2026-01-08,P002410,1852.87,17682.08
D011,2026-02-14,P002410,1276.59,19342.2
D011,2026-03-10,P002410,628.67,13336.57
D011,2026-04-17,P002410,912.49,13393.8
D011,2026-06-12,P002410,779.99,15711.0
D011,2025-11-21,P002411,493.57,6509.58
D011,2025-12-21,P002411,746.49,16421.41
D011,2026-01-19,P002411,1443.93,16887.82
D011,2026-02-01,P002411,775.69,13328.24
D011,2026-03-24,P002411,1086.04,18254.92
D011,2026-04-08,P002411,483.39,10058.95
D011,2026-06-17,P002411,1290.24,11096.62
D011,2025-11-09,P002412,363.44,7302.7
D011,2025-12-11,P002412,427.51,5653.23
D011,2026-01-19,P002412,305.39,6031.52
D011,2026-02-01,P002412,295.33,4387.32
D011,2026-03-23,P002412,708.12,7976.5
D011,2026-04-25,P002412,339.01,6611.11
D011,2026-05-17,P002412,423.38,7149.35
D011,2026-06-25,P002412,877.84,8385.93
D011,2025-11-24,P002413,3842.64,53650.85
D011,2025-12-18,P002413,3062.02,58770.95
D011,2026-02-23,P002413,3408.38,76530.29
D011,2026-03-16,P002413,1822.79,38519.53
D011,2026-05-19,P002413,6777.12,61377.32
D011,2026-06-22,P002413,1982.31,45025.78
D011,2025-11-16,P002414,707.86,11153.93
D011,2026-01-25,P002414,917.92,12404.47
D011,2026-02-13,P002414,793.66,8102.63
D011,2026-03-08,P002414,452.79,11159.92
D011,2026-04-27,P002414,293.66,3337.0
D011,2026-05-27,P002414,869.0,9498.37
D011,2026-06-09,P002414,219.94,4877.2
D011,2025-11-22,P002415,912.17,14313.05
D011,2025-12-08,P002415,890.64,8404.63
D011,2026-02-05,P002415,1582.01,21797.83
D011,2026-03-10,P002415,1315.9,20323.2
D011,2026-04-27,P002415,2196.58,27879.41
D011,2026-05-18,P002415,2244.38,21731.67
D011,2025-11-19,P002416,2817.83,43368.84
D011,2025-12-14,P002416,2120.52,25811.17
D011,2026-02-07,P002416,2210.29,36884.77
D011,2026-03-18,P002416,3344.09,34520.93
D011,2026-04-27,P002416,1790.2,33493.01
D011,2026-06-03,P002416,3639.47,35327.74
D011,2025-11-01,P002417,484.88,7825.7
D011,2025-12-10,P002417,150.57,2031.78
D011,2026-01-03,P002417,278.3,6652.32
D011,2026-02-25,P002417,277.03,5000.48
D011,2026-03-27,P002417,117.82,1232.64
D011,2026-04-11,P002417,658.82,5739.87
D011,2026-06-12,P002417,403.72,6587.76
D011,2025-11-18,P002418,1219.79,13504.89
D011,2025-12-27,P002418,1523.5,24293.43
D011,2026-01-21,P002418,766.13,14456.15
D011,2026-02-15,P002418,1755.65,26192.95
D011,2026-03-22,P002418,1335.89,11426.9
D011,2026-04-03,P002418,4438.59,36017.63
D011,2026-05-03,P002418,2263.12,23543.34
D011,2025-11-06,P002419,93.17,2299.94
D011,2025-12-23,P002419,202.05,3070.74
D011,2026-01-17,P002419,136.11,3199.4
D011,2026-02-27,P002419,135.29,3373.52
D011,2026-04-16,P002419,307.98,3458.7
D011,2026-05-24,P002419,69.37,1665.22
D011,2026-06-20,P002419,163.55,2351.78
D011,2025-11-12,P002420,126.03,2431.3
D011,2025-12-12,P002420,76.61,1063.05
D011,2026-02-18,P002420,128.89,1985.81
D011,2026-03-01,P002420,143.99,2220.98
D011,2026-04-07,P002420,235.72,2974.97
D011,2026-05-08,P002420,36.94,750.38
D011,2026-06-13,P002420,69.31,1240.26
D011,2025-12-19,P002421,3097.21,52197.02
D011,2026-02-18,P002421,5797.15,52592.77
D011,2026-03-16,P002421,2886.62,36722.59
D011,2026-04-19,P002421,1682.66,29689.71
D011,2026-05-14,P002421,1394.53,32333.9
D011,2026-06-23,P002421,2658.83,29627.82
D011,2025-11-03,P002422,295.19,4113.95
D011,2025-12-27,P002422,182.49,4408.35
D011,2026-01-11,P002422,585.93,4865.63
D011,2026-02-06,P002422,206.02,4396.38
D011,2026-03-15,P002422,253.68,5856.99
D011,2026-04-14,P002422,201.48,4611.77
D011,2026-05-13,P002422,70.73,1158.54
D011,2026-06-04,P002422,310.13,2855.67
D011,2025-11-19,P002423,66.87,1597.68
D011,2026-02-22,P002423,248.0,2686.57
D011,2026-03-15,P002423,199.03,3973.88
D011,2026-04-09,P002423,166.72,4145.65
D011,2026-05-09,P002423,196.03,4236.94
D011,2026-06-08,P002423,104.96,2247.85
D011,2025-12-24,P002424,139.34,2060.3
D011,2026-02-07,P002424,152.66,1573.43
D011,2026-03-16,P002424,22.89,252.6
D011,2026-04-23,P002424,109.87,1317.7
D011,2026-05-14,P002424,171.16,2309.45
D011,2026-06-22,P002424,125.39,2502.81
D011,2025-11-26,P002425,11212.2,143329.15
D011,2025-12-05,P002425,6136.43,110550.71
D011,2026-01-16,P002425,3769.95,88698.17
D011,2026-03-11,P002425,2015.43,47294.67
D011,2026-04-19,P002425,4469.88,94349.36
D011,2026-05-15,P002425,4718.3,99999.92
D011,2026-06-24,P002425,3030.43,60205.14
D011,2025-11-10,P002426,320.24,3298.04
D011,2025-12-20,P002426,123.49,2430.51
D011,2026-02-16,P002426,210.61,2362.4
D011,2026-03-05,P002426,66.95,1667.93
D011,2026-05-22,P002426,144.95,2838.7
D011,2026-06-19,P002426,99.62,1791.01
D011,2025-11-27,P002427,205.62,4142.56
D011,2026-01-25,P002427,292.99,5871.75
D011,2026-02-21,P002427,205.79,4522.97
D011,2026-03-03,P002427,170.73,4231.54
D011,2026-04-06,P002427,348.66,6948.32
D011,2026-05-09,P002427,235.18,3210.97
D011,2026-06-03,P002427,266.16,4539.67
D011,2025-11-25,P002428,339.84,5380.72
D011,2025-12-23,P002428,635.48,12004.93
D011,2026-01-11,P002428,2715.71,23555.01
D011,2026-02-06,P002428,666.15,11679.08
D011,2026-04-06,P002428,748.83,15015.62
D011,2026-05-01,P002428,478.39,10247.25
D011,2026-06-11,P002428,645.84,13989.58
D011,2025-11-19,P002429,296.61,4916.18
D011,2025-12-24,P002429,371.24,8214.75
D011,2026-01-12,P002429,242.76,5639.44
D011,2026-02-07,P002429,299.55,6808.93
D011,2026-03-22,P002429,610.77,7660.23
D011,2026-04-17,P002429,327.06,5351.03
D011,2026-05-08,P002429,327.92,6061.99
D011,2026-06-19,P002429,423.12,6523.59
D011,2025-11-25,P002430,573.82,8945.73
D011,2025-12-17,P002430,1098.66,12134.14
D011,2026-01-19,P002430,887.77,9703.1
D011,2026-03-01,P002430,1018.31,8200.8
D011,2026-05-24,P002430,814.76,9443.06
D011,2025-11-07,P002431,230.91,4881.37
D011,2025-12-01,P002431,328.62,3481.28
D011,2026-01-10,P002431,329.75,3765.58
D011,2026-02-23,P002431,351.0,6692.42
D011,2026-03-19,P002431,526.2,7786.7
D011,2026-04-16,P002431,448.5,4788.56
D011,2026-05-06,P002431,229.78,3630.44
D011,2026-06-12,P002431,331.91,5799.17
D011,2025-12-05,P002432,236.47,3228.1
D011,2026-01-20,P002432,294.52,4624.73
D011,2026-02-08,P002432,342.19,4434.2
D011,2026-03-09,P002432,200.19,4723.33
D011,2026-04-13,P002432,204.64,4410.76
D011,2026-05-23,P002432,160.97,3884.01
D012,2025-11-01,P002433,321.16,5131.38
D012,2025-12-07,P002433,320.47,6802.42
D012,2026-01-13,P002433,1174.32,10030.53
D012,2026-02-24,P002433,861.3,9459.09
D012,2026-03-25,P002433,567.93,11342.48
D012,2026-04-16,P002433,686.87,8450.15
D012,2026-05-13,P002433,882.03,11063.5
D012,2026-06-25,P002433,299.69,7224.34
D012,2025-11-08,P002434,303.7,4062.37
D012,2025-12-11,P002434,330.55,3442.28
D012,2026-02-24,P002434,187.46,3725.83
D012,2026-03-20,P002434,121.88,1569.94
D012,2026-04-25,P002434,132.29,2773.29
D012,2026-05-04,P002434,83.05,1525.11
D012,2026-06-24,P002434,176.25,4012.28
D012,2025-11-20,P002435,435.0,5248.45
D012,2026-01-23,P002435,850.31,7100.91
D012,2026-02-07,P002435,238.27,5897.87
D012,2026-04-06,P002435,522.59,8694.9
D012,2026-05-08,P002435,823.92,8339.55
D012,2026-06-18,P002435,612.97,6181.84
D012,2025-11-19,P002436,3203.86,33634.78
D012,2025-12-04,P002436,1115.86,21699.04
D012,2026-01-25,P002436,1032.53,16563.75
D012,2026-02-05,P002436,1194.31,19838.1
D012,2026-05-08,P002436,1142.87,15790.31
D012,2026-06-11,P002436,996.36,23814.96
D012,2025-11-25,P002437,1147.77,27013.93
D012,2025-12-20,P002437,2131.37,42133.84
D012,2026-01-27,P002437,1448.95,20649.3
D012,2026-02-26,P002437,2028.72,32194.76
D012,2026-03-07,P002437,2820.09,41119.47
D012,2025-11-16,P002438,316.06,5744.43
D012,2025-12-01,P002438,210.02,4766.88
D012,2026-02-02,P002438,515.78,7655.02
D012,2026-03-09,P002438,475.32,3969.05
D012,2026-04-05,P002438,427.86,4443.95
D012,2026-06-07,P002438,265.59,5057.88
D012,2025-11-10,P002439,624.26,5969.05
D012,2025-12-15,P002439,622.93,5888.5
D012,2026-01-25,P002439,608.75,7375.42
D012,2026-02-23,P002439,418.26,7290.97
D012,2026-03-06,P002439,397.82,6289.12
D012,2026-05-27,P002439,281.22,4690.08
D012,2025-11-21,P002440,142.67,2122.83
D012,2025-12-16,P002440,114.95,1467.61
D012,2026-01-11,P002440,82.67,1929.61
D012,2026-02-09,P002440,82.8,1222.31
D012,2026-03-27,P002440,127.78,2115.38
D012,2026-04-07,P002440,304.09,2622.13
D012,2026-05-25,P002440,177.45,1447.84
D012,2026-06-25,P002440,242.16,2167.78
D012,2025-11-04,P002441,2087.49,32669.22
D012,2025-12-13,P002441,1657.52,29447.75
D012,2026-01-16,P002441,953.44,17879.85
D012,2026-02-03,P002441,2154.11,35903.28
D012,2026-03-03,P002441,2396.02,36616.56
D012,2026-04-20,P002441,1173.28,20594.1
D012,2026-05-12,P002441,1609.05,37763.87
D012,2026-06-25,P002441,1403.59,33569.39
D012,2025-11-15,P002442,339.87,7496.22
D012,2025-12-17,P002442,400.12,6474.5
D012,2026-01-11,P002442,295.71,3694.11
D012,2026-02-02,P002442,147.75,2212.46
D012,2026-04-23,P002442,264.6,4217.63
D012,2026-05-21,P002442,546.26,5162.14
D012,2026-06-20,P002442,233.99,5145.64
D012,2025-11-26,P002443,193.86,3572.76
D012,2025-12-15,P002443,231.44,4073.66
D012,2026-01-25,P002443,217.95,3826.93
D012,2026-02-26,P002443,193.09,4333.6
D012,2026-03-10,P002443,119.38,1892.15
D012,2026-04-26,P002443,238.95,4352.72
D012,2026-05-03,P002443,519.4,4546.19
D012,2026-06-17,P002443,179.95,4067.54
D012,2025-11-10,P002444,176.34,3289.09
D012,2025-12-06,P002444,425.38,4777.59
D012,2026-01-03,P002444,163.14,2505.84
D012,2026-02-05,P002444,111.87,2766.13
D012,2026-03-04,P002444,75.81,1894.09
D012,2026-04-27,P002444,390.34,4410.96
D012,2026-05-10,P002444,106.95,2273.26
D012,2026-06-10,P002444,286.25,4630.43
D012,2025-12-19,P002445,257.29,4706.49
D012,2026-01-21,P002445,245.99,2962.65
D012,2026-02-13,P002445,33.76,631.41
D012,2026-03-06,P002445,374.55,7054.94
D012,2026-04-26,P002445,275.55,5105.66
D012,2026-05-22,P002445,231.67,2995.04
D012,2026-06-11,P002445,621.78,6261.77
D012,2025-12-02,P002446,263.73,3708.68
D012,2026-01-12,P002446,455.79,5068.55
D012,2026-02-22,P002446,562.46,7438.89
D012,2026-03-13,P002446,311.21,5563.04
D012,2026-04-25,P002446,848.18,7571.92
D012,2026-05-23,P002446,299.53,6574.29
D012,2026-06-06,P002446,217.66,4647.72
D012,2025-11-04,P002447,187.61,3936.95
D012,2025-12-19,P002447,517.68,6535.22
D012,2026-01-15,P002447,287.94,4899.01
D012,2026-02-05,P002447,272.8,5833.41
D012,2026-03-20,P002447,207.83,5036.21
D012,2026-04-17,P002447,301.23,7192.29
D012,2026-05-03,P002447,145.9,3007.12
D012,2026-06-10,P002447,393.56,3920.9
D012,2025-12-17,P002448,2980.21,63933.32
D012,2026-01-06,P002448,1993.22,46089.64
D012,2026-02-06,P002448,4857.85,70751.66
D012,2026-03-07,P002448,3054.02,56837.94
D012,2026-04-14,P002448,3617.11,56763.51
D012,2026-06-27,P002448,4414.73,88456.03
D012,2025-11-18,P002449,318.02,7756.27
D012,2025-12-12,P002449,208.64,4017.63
D012,2026-01-26,P002449,237.37,3925.11
D012,2026-02-18,P002449,313.24,3600.57
D012,2026-03-02,P002449,265.51,3808.54
D012,2026-04-26,P002449,433.31,6014.91
D012,2026-05-12,P002449,139.81,2568.88
D012,2026-06-10,P002449,228.2,3870.86
D012,2025-12-02,P002450,192.15,3797.73
D012,2026-01-19,P002450,174.98,4253.94
D012,2026-04-11,P002450,238.37,4024.91
D012,2026-05-21,P002450,431.31,4280.84
D012,2026-06-09,P002450,576.32,4953.67
D012,2025-11-16,P002451,119.88,1722.98
D012,2025-12-06,P002451,473.81,4596.66
D012,2026-01-20,P002451,107.55,2133.82
D012,2026-02-16,P002451,114.79,1997.55
D012,2026-03-01,P002451,109.37,2733.49
D012,2026-04-01,P002451,120.07,2416.41
D012,2026-05-14,P002451,199.31,2124.2
D012,2026-06-09,P002451,103.3,1271.56
D012,2025-11-23,P002452,551.82,12533.99
D012,2025-12-04,P002452,299.66,6937.79
D012,2026-01-05,P002452,424.65,5107.09
D012,2026-02-22,P002452,1149.42,14139.89
D012,2026-03-20,P002452,347.34,7903.95
D012,2026-04-05,P002452,957.06,9110.77
D012,2026-05-15,P002452,538.6,11678.38
D012,2026-06-25,P002452,818.83,10236.26
D012,2025-11-23,P002453,649.01,7460.15
D012,2025-12-19,P002453,636.67,7343.23
D012,2026-01-08,P002453,221.46,5027.23
D012,2026-02-14,P002453,508.84,10040.37
D012,2026-03-02,P002453,389.09,5647.71
D012,2026-04-04,P002453,572.3,6693.65
D012,2026-05-24,P002453,657.53,11520.19
D012,2026-06-26,P002453,589.0,6493.47
D012,2025-11-13,P002454,189.41,3032.46
D012,2025-12-06,P002454,436.27,5823.33
D012,2026-01-09,P002454,274.64,3906.38
D012,2026-02-17,P002454,157.41,3805.68
D012,2026-03-03,P002454,193.06,4149.7
D012,2026-04-03,P002454,530.31,4465.27
D012,2026-05-27,P002454,450.08,4574.03
D012,2026-06-08,P002454,366.27,6016.27
D012,2025-11-06,P002455,2970.04,35295.45
D012,2026-01-01,P002455,3441.66,28953.57
D012,2026-02-24,P002455,1944.89,30191.87
D012,2026-03-20,P002455,1123.29,21642.44
D012,2026-05-20,P002455,1499.56,23097.56
D012,2025-11-27,P002456,463.39,7960.4
D012,2025-12-11,P002456,163.58,3867.54
D012,2026-01-12,P002456,545.63,5427.56
D012,2026-03-12,P002456,232.8,2371.93
D012,2026-04-19,P002456,534.61,5132.92
D012,2026-05-15,P002456,481.3,4743.13
D012,2026-06-21,P002456,220.2,3256.41
D012,2025-11-27,P002457,2290.25,22492.09
D012,2025-12-22,P002457,626.26,9741.09
D012,2026-01-06,P002457,1540.17,25087.36
D012,2026-02-12,P002457,992.58,23323.43
D012,2026-03-09,P002457,1631.41,20933.26
D012,2026-05-26,P002457,725.24,13551.38
D012,2026-06-17,P002457,2248.78,23019.48
D012,2025-11-23,P002458,111.05,2058.12
D012,2025-12-19,P002458,422.67,3698.83
D012,2026-01-03,P002458,108.47,1988.51
D012,2026-02-13,P002458,200.49,3424.48
D012,2026-03-21,P002458,149.23,2558.98
D012,2026-04-22,P002458,99.65,1894.35
D012,2026-05-20,P002458,250.17,3641.74
D012,2026-06-09,P002458,338.21,3901.28
D012,2025-11-26,P002459,1030.53,23950.13
D012,2025-12-18,P002459,1543.71,31336.94
D012,2026-01-20,P002459,1018.53,16320.1
D012,2026-03-01,P002459,1478.24,25296.7
D012,2026-04-17,P002459,2690.76,26805.74
D012,2026-05-01,P002459,2396.45,24558.47
D012,2026-06-05,P002459,1684.98,34499.87
D012,2026-01-10,P002460,252.73,5277.56
D012,2026-02-04,P002460,190.45,4556.26
D012,2026-03-06,P002460,452.48,4647.1
D012,2026-04-10,P002460,293.5,6334.97
D012,2026-05-05,P002460,145.46,2462.92
D012,2026-06-15,P002460,315.92,4995.6
D012,2025-11-08,P002461,4832.05,51357.63
D012,2025-12-08,P002461,3892.53,84216.12
D012,2026-01-13,P002461,2725.58,57689.39
D012,2026-03-23,P002461,2565.26,51888.48
D012,2026-04-27,P002461,4851.49,39102.54
D012,2026-06-18,P002461,4708.86,46238.29
D012,2025-11-02,P002462,364.69,3486.1
D012,2025-12-11,P002462,169.23,2408.55
D012,2026-01-14,P002462,218.73,4010.92
D012,2026-02-12,P002462,135.04,3340.95
D012,2026-04-09,P002462,195.09,4413.77
D012,2026-05-12,P002462,197.28,3508.48
D012,2026-06-27,P002462,397.96,3935.08
D012,2025-11-13,P002463,352.04,3558.96
D012,2025-12-07,P002463,353.63,7142.53
D012,2026-01-26,P002463,338.64,5240.17
D012,2026-02-25,P002463,492.43,5228.6
D012,2026-05-07,P002463,233.75,4589.71
D012,2026-06-01,P002463,317.95,6350.39
D012,2025-11-24,P002464,817.1,13027.9
D012,2025-12-12,P002464,1774.24,18403.5
D012,2026-01-08,P002464,678.18,10700.15
D012,2026-02-25,P002464,508.65,11196.97
D012,2026-03-10,P002464,539.38,12938.12
D012,2026-04-17,P002464,1487.81,15359.98
D012,2026-05-16,P002464,1366.16,13676.66
D012,2026-06-20,P002464,549.45,10915.86
D012,2025-11-05,P002465,660.63,9446.42
D012,2025-12-04,P002465,440.34,10548.27
D012,2026-01-13,P002465,538.79,10972.24
D012,2026-02-22,P002465,952.8,19357.06
D012,2026-04-23,P002465,424.21,5177.98
D012,2026-05-11,P002465,2731.13,22334.99
D012,2026-06-13,P002465,1277.88,11200.89
D012,2025-11-05,P002466,4043.33,34173.33
D012,2025-12-21,P002466,1951.6,22425.05
D012,2026-01-01,P002466,3621.56,37263.78
D012,2026-02-09,P002466,2361.48,21220.96
D012,2026-03-08,P002466,2391.75,40276.26
D012,2026-04-22,P002466,718.74,17652.46
D012,2026-06-05,P002466,2762.91,44168.59
D012,2025-11-25,P002467,153.81,1790.37
D012,2026-01-17,P002467,177.49,2221.2
D012,2026-02-06,P002467,95.57,1433.49
D012,2026-03-18,P002467,179.62,3180.74
D012,2026-04-20,P002467,197.27,3135.89
D012,2026-05-12,P002467,128.27,1431.23
D012,2026-06-20,P002467,108.29,2089.7
D012,2025-12-15,P002468,110.28,2017.86
D012,2026-01-15,P002468,120.55,2195.46
D012,2026-02-09,P002468,73.45,1113.03
D012,2026-03-06,P002468,110.77,2163.57
D012,2026-04-09,P002468,371.05,3196.3
D012,2026-06-14,P002468,140.88,2598.61
D012,2025-11-02,P002469,292.23,5378.52
D012,2026-01-17,P002469,303.88,7206.94
D012,2026-02-07,P002469,533.83,6858.58
D012,2026-03-11,P002469,160.06,3438.88
D012,2026-04-25,P002469,223.76,4646.57
D012,2026-05-25,P002469,281.85,6156.66
D012,2026-06-21,P002469,327.5,3551.58
D012,2025-11-03,P002470,1201.56,26561.0
D012,2026-01-12,P002470,1527.95,27022.54
D012,2026-02-01,P002470,1857.75,24310.6
D012,2026-04-19,P002470,1451.08,32493.78
D012,2026-05-22,P002470,2936.56,23914.83
D012,2026-06-06,P002470,1597.56,14647.17
D012,2025-11-24,P002471,977.48,24311.66
D012,2026-01-27,P002471,2420.33,37803.88
D012,2026-02-04,P002471,1200.01,23795.53
D012,2026-03-03,P002471,1274.4,23433.89
D012,2026-05-07,P002471,1261.19,25038.0
D012,2026-06-10,P002471,2398.73,41215.7
D012,2025-11-20,P002472,490.58,10636.82
D012,2025-12-21,P002472,844.55,14645.03
D012,2026-01-20,P002472,1559.61,16299.79
D012,2026-02-10,P002472,537.32,12807.36
D012,2026-03-04,P002472,888.73,17850.5
D012,2026-04-21,P002472,611.54,13012.91
D012,2026-05-08,P002472,1132.15,10399.88
D012,2026-06-15,P002472,926.22,18080.2
D012,2025-11-20,P002473,496.93,11693.65
D012,2026-01-02,P002473,642.5,6622.74
D012,2026-02-15,P002473,1029.39,9316.67
D012,2026-03-07,P002473,552.25,13007.48
D012,2026-04-10,P002473,624.6,14256.47
D012,2025-11-25,P002474,460.05,6748.04
D012,2025-12-01,P002474,767.18,11728.08
D012,2026-01-26,P002474,755.86,8774.74
D012,2026-02-02,P002474,956.98,12378.58
D012,2026-03-18,P002474,605.5,9731.71
D012,2026-04-05,P002474,172.72,3694.63
D012,2026-05-02,P002474,591.87,9154.23
D012,2026-06-24,P002474,490.85,8383.91
D012,2025-11-09,P002475,72.46,1633.91
D012,2025-12-18,P002475,232.68,3760.49
D012,2026-01-01,P002475,96.29,2338.21
D012,2026-02-25,P002475,135.14,1870.62
D012,2026-03-11,P002475,193.71,3683.48
D012,2026-04-03,P002475,165.8,3109.65
D012,2026-05-24,P002475,165.63,3181.37
D012,2026-06-12,P002475,189.61,2175.18
D012,2025-12-01,P002476,1000.52,13290.89
D012,2026-01-17,P002476,1519.0,16932.21
D012,2026-02-19,P002476,373.99,8774.32
D012,2026-03-12,P002476,361.46,7866.64
D012,2026-04-18,P002476,577.79,10011.49
D012,2026-05-11,P002476,366.84,7841.14
D012,2026-06-03,P002476,618.73,9540.48
D012,2025-12-14,P002477,1714.87,29211.46
D012,2026-01-25,P002477,2426.01,35909.47
D012,2026-02-09,P002477,614.49,6926.24
D012,2026-03-22,P002477,2414.52,25970.7
D012,2026-04-02,P002477,1067.32,20428.99
D012,2026-06-25,P002477,2489.9,40236.01
D012,2025-11-20,P002478,128.59,2808.81
D012,2025-12-14,P002478,493.38,4834.8
D012,2026-01-01,P002478,173.83,4222.75
D012,2026-02-13,P002478,329.21,3809.78
D012,2026-03-02,P002478,337.76,4267.41
D012,2026-04-10,P002478,301.15,3639.29
D012,2026-05-08,P002478,147.28,3021.89
D012,2026-06-04,P002478,402.71,4687.33
D012,2025-11-02,P002479,611.64,11214.37
D012,2025-12-03,P002479,2515.94,25817.32
D012,2026-03-01,P002479,2939.37,24096.86
D012,2026-04-22,P002479,1958.2,32156.04
D012,2026-05-24,P002479,1603.25,34185.32
D012,2026-06-06,P002479,758.88,18913.49
D012,2025-11-02,P002480,404.56,7818.73
D012,2025-12-03,P002480,632.8,10882.33
D012,2026-01-13,P002480,665.39,6406.32
D012,2026-02-25,P002480,588.08,11481.69
D012,2026-03-01,P002480,643.09,11661.51
D012,2026-05-18,P002480,1526.51,14308.78
D012,2026-06-19,P002480,514.84,12433.31
D012,2025-11-16,P002481,289.71,4241.46
D012,2025-12-06,P002481,166.64,3590.1
D012,2026-01-21,P002481,332.48,4631.07
D012,2026-02-18,P002481,175.12,3690.95
D012,2026-03-25,P002481,157.41,3481.34
D012,2026-04-25,P002481,333.37,7188.45
D012,2026-05-02,P002481,265.74,2849.99
D012,2026-06-21,P002481,278.35,4029.67
D012,2025-11-26,P002482,3421.04,32999.89
D012,2025-12-08,P002482,1712.89,40556.23
D012,2026-01-13,P002482,2927.19,30669.69
D012,2026-02-03,P002482,2415.23,44951.9
D012,2026-03-09,P002482,1696.08,33734.6
D012,2026-05-10,P002482,1724.64,29127.15
D012,2026-06-26,P002482,3134.61,66511.91
D012,2025-11-04,P002483,1751.07,17882.68
D012,2025-12-03,P002483,1050.02,20431.61
D012,2026-01-26,P002483,1091.28,21022.13
D012,2026-02-24,P002483,459.16,8436.51
D012,2026-03-22,P002483,1335.77,14292.66
D012,2026-04-23,P002483,697.66,9534.76
D012,2026-05-26,P002483,636.2,11632.81
D012,2025-11-14,P002484,215.44,5192.79
D012,2025-12-05,P002484,334.4,4323.16
D012,2026-01-25,P002484,427.08,5883.14
D012,2026-02-27,P002484,262.8,4777.49
D012,2026-03-02,P002484,246.36,3760.76
D012,2026-04-12,P002484,256.9,5051.05
D012,2026-05-24,P002484,278.61,4222.36
D012,2026-06-27,P002484,581.98,4873.76
D012,2025-11-18,P002485,160.5,3794.7
D012,2025-12-27,P002485,192.53,4140.83
D012,2026-01-13,P002485,154.52,3731.02
D012,2026-02-06,P002485,238.02,3381.81
D012,2026-03-18,P002485,173.22,3250.98
D012,2026-04-06,P002485,224.39,3251.76
D012,2026-05-20,P002485,214.28,3781.7
D012,2026-06-08,P002485,206.37,3888.65
D012,2025-11-25,P002486,725.36,16508.6
D012,2025-12-07,P002486,1136.8,21541.09
D012,2026-01-22,P002486,878.49,17107.89
D012,2026-02-19,P002486,1077.67,14100.3
D012,2026-03-13,P002486,758.27,13073.37
D012,2026-05-05,P002486,900.8,18361.99
D012,2026-06-06,P002486,839.79,14064.85
D012,2025-11-18,P002487,6390.14,65933.23
D012,2025-12-24,P002487,3028.26,50110.38
D012,2026-02-26,P002487,1890.64,37802.96
D012,2026-03-01,P002487,7127.92,74603.86
D012,2026-04-24,P002487,3158.56,62507.82
D012,2026-05-05,P002487,4770.38,59122.89
D012,2026-06-07,P002487,4801.01,77239.16
D012,2025-11-10,P002488,400.59,8083.87
D012,2025-12-13,P002488,1043.74,9469.1
D012,2026-01-01,P002488,425.24,4140.61
D012,2026-02-01,P002488,781.7,12338.16
D012,2026-03-15,P002488,586.9,8002.59
D012,2026-04-16,P002488,420.06,6496.63
D012,2026-05-13,P002488,622.04,8873.3
D012,2026-06-24,P002488,445.52,10273.46
D012,2025-11-24,P002489,1535.38,19432.16
D012,2025-12-25,P002489,1235.24,17201.7
D012,2026-02-05,P002489,1201.69,24298.12
D012,2026-03-01,P002489,1727.75,18441.81
D012,2026-05-06,P002489,1292.8,18938.54
D012,2026-06-25,P002489,2597.23,24936.53
D012,2025-12-08,P002490,132.17,3022.83
D012,2026-01-03,P002490,353.64,4301.6
D012,2026-02-24,P002490,210.81,3122.48
D012,2026-03-06,P002490,253.28,5640.21
D012,2026-04-12,P002490,144.22,1504.32
D012,2026-05-17,P002490,220.93,4016.87
D012,2026-06-06,P002490,349.03,5590.25
D012,2025-11-13,P002491,27.43,551.03
D012,2025-12-20,P002491,230.18,2166.16
D012,2026-01-18,P002491,144.72,1773.67
D012,2026-03-18,P002491,222.58,2561.94
D012,2026-04-03,P002491,84.82,1465.77
D012,2026-06-25,P002491,264.63,2869.7
D012,2025-11-06,P002492,1403.66,26843.32
D012,2025-12-23,P002492,1003.44,12683.46
D012,2026-01-11,P002492,1005.33,18464.43
D012,2026-02-25,P002492,2750.54,24554.64
D012,2026-03-04,P002492,1768.64,14987.49
D012,2026-04-18,P002492,1665.61,20301.88
D012,2026-05-13,P002492,486.12,9092.43
D012,2026-06-06,P002492,871.55,8845.86
D012,2025-11-16,P002493,2571.43,23609.09
D012,2026-03-05,P002493,2228.22,22667.05
D012,2026-04-17,P002493,1001.97,13981.2
D012,2026-05-05,P002493,3222.73,30742.89
D012,2026-06-13,P002493,1250.55,21867.25
D012,2025-11-06,P002494,412.48,4433.37
D012,2025-12-14,P002494,280.49,4765.56
D012,2026-01-16,P002494,530.87,5337.02
D012,2026-03-25,P002494,277.34,3309.08
D012,2026-04-21,P002494,201.1,4594.38
D012,2026-06-01,P002494,226.17,3778.35
D012,2025-11-16,P002495,1895.23,43278.35
D012,2025-12-23,P002495,782.76,18296.16
D012,2026-01-17,P002495,1291.27,31457.84
D012,2026-02-27,P002495,3681.75,32386.75
D012,2026-03-17,P002495,1632.04,33352.41
D012,2026-05-17,P002495,1266.38,24721.06
D012,2026-06-01,P002495,2587.71,37843.21
D012,2025-11-05,P002496,294.07,4636.58
D012,2025-12-18,P002496,219.7,4459.8
D012,2026-01-02,P002496,304.31,5980.01
D012,2026-02-27,P002496,584.0,4858.25
D012,2026-03-18,P002496,193.6,4094.91
D012,2026-04-18,P002496,366.74,3557.93
D012,2026-05-07,P002496,522.32,6790.67
D012,2026-06-04,P002496,333.59,3934.59
D012,2025-11-10,P002497,609.41,9998.76
D012,2025-12-11,P002497,383.8,9064.92
D012,2026-01-24,P002497,522.81,6420.53
D012,2026-03-08,P002497,355.73,5894.83
D012,2026-04-15,P002497,513.47,7533.27
D012,2026-06-02,P002497,287.8,7093.4
D012,2025-11-11,P002498,10232.17,113618.28
D012,2025-12-21,P002498,3167.9,46703.42
D012,2026-01-27,P002498,6216.87,83850.13
D012,2026-03-04,P002498,13103.82,106598.19
D012,2026-04-20,P002498,3502.59,68960.82
D012,2026-06-11,P002498,7538.29,143265.55
D012,2025-11-07,P002499,1485.07,18543.3
D012,2025-12-08,P002499,1645.83,16068.06
D012,2026-02-17,P002499,422.47,8251.11
D012,2026-03-23,P002499,1049.42,12011.08
D012,2026-04-10,P002499,608.08,10276.11
D012,2026-05-05,P002499,522.25,10918.31
D012,2026-06-09,P002499,886.39,17002.97
D012,2025-11-06,P002500,9567.33,85861.09
D012,2025-12-02,P002500,6489.45,58197.1
D012,2026-02-19,P002500,3658.45,46223.39
D012,2026-03-08,P002500,2733.98,56947.52
D012,2026-04-13,P002500,3434.65,46164.37
D012,2026-05-26,P002500,3932.22,74245.05
D012,2026-06-02,P002500,2926.13,55222.61
D012,2025-11-12,P002501,380.44,6660.15
D012,2025-12-08,P002501,296.04,4776.37
D012,2026-01-07,P002501,342.68,7197.11
D012,2026-02-14,P002501,206.31,3790.68
D012,2026-03-09,P002501,714.64,5844.69
D012,2026-04-21,P002501,676.21,8221.56
D012,2026-05-01,P002501,719.08,8351.89
D012,2026-06-01,P002501,689.51,7276.14
D012,2025-11-09,P002502,279.84,4051.53
D012,2026-02-03,P002502,301.03,7351.85
D012,2026-03-27,P002502,427.89,4967.35
D012,2026-05-18,P002502,172.58,3607.57
D012,2026-06-03,P002502,381.29,7521.68
D012,2025-11-15,P002503,266.59,4020.9
D012,2025-12-14,P002503,202.44,3673.23
D012,2026-01-14,P002503,184.94,3401.59
D012,2026-02-22,P002503,282.97,4180.2
D012,2026-03-20,P002503,214.67,3853.4
D012,2026-04-21,P002503,239.34,4362.47
D012,2026-05-18,P002503,479.83,4756.9
D012,2026-06-27,P002503,452.51,5353.78
D012,2025-11-19,P002504,203.02,2964.32
D012,2025-12-06,P002504,748.52,6727.72
D012,2026-01-23,P002504,281.55,6005.36
D012,2026-02-15,P002504,439.71,6233.2
D012,2026-03-23,P002504,223.54,3207.76
D012,2026-04-14,P002504,560.18,5713.17
D012,2026-05-04,P002504,320.7,5526.94
D012,2026-06-16,P002504,419.65,5407.75
D012,2025-11-14,P002505,1505.99,14253.01
D012,2025-12-07,P002505,562.13,10370.91
D012,2026-01-14,P002505,476.93,7878.39
D012,2026-03-23,P002505,1386.35,18397.44
D012,2026-04-26,P002505,500.8,9427.77
D012,2026-05-07,P002505,1571.45,15817.66
D012,2026-06-02,P002505,454.47,9863.46
D012,2026-01-12,P002506,909.3,12692.99
D012,2026-03-20,P002506,698.54,10917.48
D012,2026-01-07,P002507,1819.0,31630.61
D012,2026-02-08,P002507,942.7,16210.3
D012,2026-03-14,P002507,1572.94,30691.35
D012,2026-04-02,P002507,1020.04,23317.04
D012,2026-05-04,P002507,691.9,14266.55
D012,2026-06-12,P002507,1663.97,27380.43
D012,2025-11-03,P002508,1075.9,16965.73
D012,2026-01-01,P002508,780.11,10641.12
D012,2026-02-23,P002508,943.29,21268.36
D012,2026-03-20,P002508,949.68,18030.51
D012,2026-04-11,P002508,1678.0,27336.25
D012,2026-05-22,P002508,961.17,23779.03
D012,2025-11-13,P002509,1033.21,16606.51
D012,2025-12-04,P002509,658.39,11009.14
D012,2026-02-05,P002509,915.24,10954.52
D012,2026-03-17,P002509,678.59,14264.42
D012,2026-04-14,P002509,1043.78,20016.63
D012,2026-06-11,P002509,2296.79,20703.37
D012,2025-11-09,P002510,5029.69,77479.62
D012,2025-12-16,P002510,1147.13,26943.75
D012,2026-01-12,P002510,1732.36,32740.28
D012,2026-02-04,P002510,3041.62,65745.61
D012,2026-03-09,P002510,6637.73,78402.98
D012,2026-04-11,P002510,2162.44,50545.91
D012,2026-05-09,P002510,3308.7,79474.44
D012,2026-06-05,P002510,5180.39,66095.01
D012,2025-11-03,P002511,616.22,14169.89
D012,2026-01-25,P002511,845.49,15233.92
D012,2026-03-16,P002511,1019.02,9277.27
D012,2026-04-03,P002511,192.92,4501.68
D012,2026-05-11,P002511,659.48,14866.95
D012,2026-06-15,P002511,890.25,19061.42
D012,2025-12-13,P002512,1836.63,24158.51
D012,2026-01-07,P002512,1667.11,24669.11
D012,2026-02-15,P002512,1011.56,24965.17
D012,2026-03-16,P002512,1529.67,18881.64
D012,2026-04-24,P002512,2635.09,35667.9
D012,2026-06-06,P002512,1870.42,38415.99
D012,2025-11-12,P002513,94.57,1934.38
D012,2025-12-09,P002513,337.37,4336.42
D012,2026-01-22,P002513,437.65,8961.8
D012,2026-02-12,P002513,214.67,4311.45
D012,2026-03-18,P002513,327.2,3909.69
D012,2026-04-17,P002513,462.74,4138.81
D012,2026-05-11,P002513,261.77,5532.7
D012,2026-06-21,P002513,568.37,8301.11
D012,2025-11-06,P002514,1034.01,20634.8
D012,2025-12-15,P002514,1743.22,31916.84
D012,2026-02-18,P002514,1916.18,32530.69
D012,2026-03-16,P002514,3397.75,31092.35
D012,2026-04-16,P002514,1827.77,37145.84
D012,2026-05-01,P002514,1954.0,31043.68
D012,2026-06-17,P002514,1408.3,20931.35
D012,2025-12-12,P002515,898.28,9960.8
D012,2026-01-18,P002515,1494.95,33391.45
D012,2026-02-09,P002515,951.5,18429.45
D012,2026-03-11,P002515,1853.37,20591.22
D012,2026-05-21,P002515,878.19,16191.53
D012,2026-06-27,P002515,726.68,16641.53
D012,2025-12-13,P002516,282.1,3212.51
D012,2026-02-10,P002516,182.79,4171.97
D012,2026-03-01,P002516,207.48,3863.27
D012,2026-04-12,P002516,290.81,3011.58
D012,2026-05-01,P002516,206.71,2642.33
D012,2026-06-12,P002516,83.51,1569.63
D012,2025-11-24,P002517,496.03,9959.84
D012,2026-01-06,P002517,963.2,11774.83
D012,2026-02-15,P002517,294.12,6260.22
D012,2026-03-09,P002517,634.53,7808.0
D012,2026-05-14,P002517,329.86,8203.92
D012,2026-06-10,P002517,460.79,9045.06
D012,2025-11-04,P002518,611.99,9854.16
D012,2025-12-25,P002518,223.96,3729.05
D012,2026-01-17,P002518,348.73,8574.4
D012,2026-02-14,P002518,320.89,5220.87
D012,2026-03-25,P002518,547.23,6884.22
D012,2026-04-08,P002518,745.79,10209.36
D012,2026-05-06,P002518,453.6,7403.47
D012,2026-06-20,P002518,162.02,3570.99
D012,2025-11-07,P002519,395.69,9347.6
D012,2026-01-22,P002519,572.27,5929.7
D012,2026-02-13,P002519,479.28,4700.7
D012,2026-03-17,P002519,594.19,10832.2
D012,2026-04-10,P002519,289.57,6213.91
D012,2026-05-06,P002519,409.33,9767.88
D012,2026-06-02,P002519,260.61,5315.28
D012,2025-11-20,P002520,2238.76,20866.17
D012,2025-12-01,P002520,608.85,12123.19
D012,2026-01-22,P002520,1865.32,26867.66
D012,2026-02-09,P002520,1122.25,22760.42
D012,2026-03-09,P002520,1356.74,22150.84
D012,2026-04-01,P002520,1151.17,18987.86
D012,2026-05-08,P002520,1279.09,24918.33
D012,2026-06-17,P002520,893.15,19451.86
D012,2025-11-16,P002521,253.42,3813.51
D012,2025-12-11,P002521,185.23,4596.33
D012,2026-02-17,P002521,98.28,2160.8
D012,2026-03-25,P002521,236.05,5326.29
D012,2026-04-04,P002521,186.13,4520.52
D012,2026-05-08,P002521,232.77,3941.17
D012,2026-06-05,P002521,203.11,3422.78
D012,2025-12-19,P002522,89.53,2105.13
D012,2026-02-21,P002522,434.96,4201.71
D012,2026-03-20,P002522,196.62,3070.8
D012,2026-04-10,P002522,182.13,3135.02
D012,2026-05-24,P002522,200.28,4929.46
D012,2026-06-01,P002522,609.95,5434.02
D012,2025-11-25,P002523,4089.25,47048.69
D012,2025-12-13,P002523,3640.18,73821.28
D012,2026-01-18,P002523,4312.04,78835.69
D012,2026-02-05,P002523,2334.5,48985.8
D012,2026-03-06,P002523,1723.62,42082.04
D012,2026-04-16,P002523,5859.14,65950.96
D012,2026-05-26,P002523,3993.25,60565.36
D012,2026-06-26,P002523,4411.33,60996.15
D012,2025-11-20,P002524,198.03,4138.45
D012,2025-12-13,P002524,225.49,4510.64
D012,2026-01-16,P002524,347.33,7563.02
D012,2026-02-03,P002524,369.0,4687.19
D012,2026-03-08,P002524,236.34,5457.06
D012,2026-04-16,P002524,498.96,5214.83
D012,2026-05-24,P002524,294.18,5514.94
D012,2026-06-12,P002524,253.68,6124.2
D012,2025-11-05,P002525,209.89,2332.37
D012,2025-12-23,P002525,198.48,3395.24
D012,2026-01-25,P002525,305.78,3534.48
D012,2026-04-13,P002525,142.66,3356.15
D012,2026-05-15,P002525,375.05,3878.13
D012,2026-06-20,P002525,265.33,3056.72
D012,2025-11-14,P002526,263.15,5725.24
D012,2025-12-10,P002526,182.38,1966.27
D012,2026-01-20,P002526,211.63,4937.59
D012,2026-02-09,P002526,328.17,6125.82
D012,2026-03-14,P002526,186.52,4276.43
D012,2026-04-09,P002526,338.49,6117.03
D012,2026-05-23,P002526,418.8,7504.1
D012,2026-06-07,P002526,206.76,4310.78
D012,2025-11-06,P002527,320.84,7511.56
D012,2026-01-21,P002527,521.94,9284.43
D012,2026-02-07,P002527,446.64,9084.23
D012,2026-03-26,P002527,350.36,5045.35
D012,2026-04-07,P002527,276.36,6635.53
D012,2026-05-06,P002527,451.31,7172.69
D012,2026-06-16,P002527,269.48,3173.13
D012,2025-11-21,P002528,1819.55,33814.88
D012,2025-12-06,P002528,2033.15,37055.03
D012,2026-01-11,P002528,2333.46,32789.64
D012,2026-02-14,P002528,1148.12,19784.74
D012,2026-03-12,P002528,2171.91,40330.95
D012,2026-04-14,P002528,2191.39,35027.86
D012,2026-06-25,P002528,1900.9,39148.74
D012,2025-11-12,P002529,467.54,7702.21
D012,2025-12-17,P002529,435.5,7671.25
D012,2026-01-17,P002529,683.74,9191.11
D012,2026-02-02,P002529,301.61,6725.57
D012,2026-03-02,P002529,279.87,6441.88
D012,2026-04-15,P002529,441.85,7899.74
D012,2026-05-24,P002529,697.33,11245.43
D012,2026-06-06,P002529,769.02,8648.87
D012,2025-12-09,P002530,226.48,3528.15
D012,2026-01-21,P002530,427.65,6265.03
D012,2026-02-09,P002530,306.27,5047.61
D012,2026-03-18,P002530,91.23,1531.96
D012,2026-04-25,P002530,341.27,6410.59
D012,2026-05-08,P002530,467.93,4012.53
D012,2026-06-04,P002530,312.88,3019.33
D012,2025-11-10,P002531,2882.97,49712.04
D012,2025-12-22,P002531,3414.49,77727.57
D012,2026-04-18,P002531,7275.33,110417.11
D012,2026-06-06,P002531,2724.98,64420.35
D012,2025-11-04,P002532,404.64,9004.68
D012,2025-12-14,P002532,469.88,9076.03
D012,2026-01-16,P002532,512.36,8122.99
D012,2026-02-02,P002532,287.37,4327.84
D012,2026-03-13,P002532,459.56,8589.86
D012,2026-04-23,P002532,546.32,7215.07
D012,2026-05-22,P002532,716.55,7865.77
D012,2026-06-14,P002532,248.83,4704.99
D012,2025-11-22,P002533,1788.25,40323.35
D012,2025-12-27,P002533,1572.18,25464.87
D012,2026-01-26,P002533,1613.05,22682.01
D012,2026-02-04,P002533,5599.46,49088.56
D012,2026-03-02,P002533,6731.12,61177.3
D012,2026-04-26,P002533,2424.17,48837.94
D012,2026-05-11,P002533,777.01,18619.92
D012,2026-06-07,P002533,3485.74,48645.91
D012,2025-11-07,P002534,110.8,2631.85
D012,2025-12-16,P002534,245.88,2295.63
D012,2026-02-09,P002534,152.84,2805.56
D012,2026-04-21,P002534,96.76,1433.89
D012,2026-05-27,P002534,135.44,2607.23
D012,2026-06-24,P002534,94.76,1840.9
D012,2025-11-22,P002535,286.72,2647.98
D012,2025-12-15,P002535,231.29,5275.77
D012,2026-01-24,P002535,190.89,3307.64
D012,2026-02-10,P002535,233.32,5197.36
D012,2026-03-14,P002535,487.81,6300.18
D012,2026-04-19,P002535,318.54,4771.35
D012,2026-05-01,P002535,366.42,3068.05
D012,2026-06-20,P002535,122.01,1595.9
D012,2025-11-22,P002536,439.91,6408.67
D012,2025-12-04,P002536,537.51,7684.53
D012,2026-01-06,P002536,442.6,8502.71
D012,2026-02-10,P002536,816.79,11583.3
D012,2026-03-25,P002536,806.22,6993.81
D012,2026-05-07,P002536,897.47,9140.72
D012,2026-06-11,P002536,341.98,7518.1
D012,2025-11-02,P002537,573.72,14005.62
D012,2025-12-25,P002537,279.99,4847.5
D012,2026-01-07,P002537,887.73,12687.22
D012,2026-02-06,P002537,1151.3,10468.83
D012,2026-03-19,P002537,733.49,9009.42
D012,2026-04-08,P002537,841.46,17806.88
D012,2026-05-17,P002537,777.28,18237.7
D012,2026-06-22,P002537,544.51,10753.7
D012,2025-11-15,P002538,309.02,6799.66
D012,2025-12-07,P002538,633.89,13506.02
D012,2026-01-19,P002538,424.98,7130.13
D012,2026-02-07,P002538,773.56,17335.62
D012,2026-05-23,P002538,1037.04,14883.45
D012,2026-06-06,P002538,467.57,11613.83
D012,2025-12-17,P002539,302.35,4906.22
D012,2026-02-05,P002539,541.15,4895.22
D012,2026-03-20,P002539,362.5,4703.54
D012,2026-04-16,P002539,341.28,6072.83
D012,2026-05-17,P002539,754.37,6135.94
D012,2026-06-18,P002539,207.96,4006.82
D012,2025-12-02,P002540,1056.0,17038.28
D012,2026-02-24,P002540,1004.22,20212.0
D012,2026-03-18,P002540,738.24,15097.54
D012,2026-04-17,P002540,561.3,11924.3
D012,2026-05-20,P002540,809.05,18520.84
D012,2026-06-08,P002540,750.64,12871.81
D012,2025-11-15,P002541,207.91,4502.52
D012,2026-01-13,P002541,328.58,6997.6
D012,2026-02-03,P002541,188.27,4308.62
D012,2026-03-20,P002541,473.14,8326.66
D012,2026-04-17,P002541,374.87,7714.06
D012,2026-05-08,P002541,561.16,5846.88
D012,2026-06-27,P002541,430.69,7622.52
D012,2025-11-21,P002542,1577.08,22452.78
D012,2025-12-21,P002542,896.8,8366.08
D012,2026-01-27,P002542,1297.76,13276.39
D012,2026-02-06,P002542,1212.38,22128.97
D012,2026-03-06,P002542,1310.33,26015.42
D012,2026-04-14,P002542,1140.63,18881.14
D012,2026-05-03,P002542,1105.54,18299.7
D012,2026-06-10,P002542,1153.52,16923.6
D012,2025-12-18,P002543,406.91,8471.66
D012,2026-01-03,P002543,852.75,9069.53
D012,2026-02-18,P002543,455.12,4736.86
D012,2026-03-19,P002543,174.38,2684.53
D012,2026-04-02,P002543,360.72,6853.31
D012,2026-05-24,P002543,297.76,4149.19
D012,2026-06-13,P002543,345.34,7559.78
D012,2025-11-22,P002544,487.51,5345.23
D012,2025-12-22,P002544,896.02,10841.12
D012,2026-01-05,P002544,401.48,6563.11
D012,2026-02-18,P002544,655.29,6939.83
D012,2026-03-23,P002544,785.69,11777.97
D012,2026-04-13,P002544,294.0,3397.61
D012,2026-06-18,P002544,320.83,7486.62
D012,2025-12-09,P002545,166.96,2323.63
D012,2026-01-12,P002545,172.21,3002.62
D012,2026-02-26,P002545,437.29,3693.51
D012,2026-03-13,P002545,295.19,3494.74
D012,2026-04-25,P002545,259.47,3070.38
D012,2026-05-07,P002545,249.47,3180.96
D012,2026-06-08,P002545,248.8,3481.78
D012,2025-11-27,P002546,677.36,7927.82
D012,2025-12-03,P002546,230.77,2612.54
D012,2026-01-17,P002546,793.02,8286.88
D012,2026-02-04,P002546,432.17,6814.51
D012,2026-03-27,P002546,288.68,5427.5
D012,2026-04-16,P002546,355.21,4175.29
D012,2026-05-24,P002546,167.22,3814.13
D012,2026-06-23,P002546,208.72,4416.21
D012,2025-11-19,P002547,233.11,2253.82
D012,2025-12-17,P002547,304.23,2962.56
D012,2026-01-12,P002547,122.71,1999.61
D012,2026-02-27,P002547,97.47,2356.0
D012,2026-03-08,P002547,135.4,3067.95
D012,2026-05-23,P002547,267.39,2806.05
D012,2026-06-23,P002547,121.73,1827.78
D012,2025-11-05,P002548,148.37,3611.47
D012,2026-01-19,P002548,174.31,3807.33
D012,2026-02-24,P002548,548.95,5845.15
D012,2026-03-09,P002548,87.08,1974.3
D012,2026-04-08,P002548,201.28,3704.02
D012,2026-05-18,P002548,135.44,2228.29
D012,2026-06-18,P002548,526.63,4360.33
D012,2025-11-01,P002549,724.07,10540.41
D012,2025-12-22,P002549,624.47,10397.77
D012,2026-01-25,P002549,729.34,16122.4
D012,2026-02-05,P002549,1129.21,11344.61
D012,2026-03-10,P002549,927.83,19182.06
D012,2026-04-01,P002549,882.6,17668.7
D012,2026-05-15,P002549,1055.48,17022.97
D012,2026-06-08,P002549,622.23,11099.4
D012,2025-11-08,P002550,341.51,3121.7
D012,2025-12-06,P002550,138.15,2308.02
D012,2026-01-15,P002550,225.52,2815.53
D012,2026-02-21,P002550,135.22,2090.41
D012,2026-03-25,P002550,96.18,2187.63
D012,2026-04-12,P002550,226.04,2471.06
D012,2026-05-21,P002550,136.34,1456.47
D012,2026-06-17,P002550,99.26,1816.6
D012,2025-11-03,P002551,1608.5,35331.31
D012,2025-12-09,P002551,1750.14,15731.36
D012,2026-01-19,P002551,1643.69,35604.61
D012,2026-02-13,P002551,1654.17,39562.88
D012,2026-04-05,P002551,1905.8,35920.0
D012,2026-05-11,P002551,2582.4,60324.91
D012,2026-06-10,P002551,2884.39,57002.73
D012,2025-11-22,P002552,599.47,11538.59
D012,2025-12-14,P002552,1251.51,17043.56
D012,2026-01-22,P002552,1467.23,17221.46
D012,2026-02-04,P002552,731.4,7025.44
D012,2026-03-11,P002552,453.59,9085.86
D012,2026-05-03,P002552,456.49,10032.84
D012,2026-06-07,P002552,1419.47,13194.73
D012,2025-11-23,P002553,947.66,16697.43
D012,2025-12-04,P002553,670.82,16614.46
D012,2026-01-06,P002553,963.62,19665.77
D012,2026-02-15,P002553,528.31,8767.31
D012,2026-03-23,P002553,528.43,9912.62
D012,2026-04-07,P002553,473.71,9074.65
D012,2026-05-07,P002553,591.0,10771.46
D012,2026-06-13,P002553,467.22,11224.97
D012,2025-11-22,P002554,2248.93,37525.04
D012,2026-01-02,P002554,2342.89,43489.2
D012,2026-02-22,P002554,1776.46,31089.39
D012,2026-03-20,P002554,2797.56,64749.2
D012,2026-04-09,P002554,2055.75,31549.84
D012,2026-05-21,P002554,1347.41,26209.2
D012,2026-06-21,P002554,1231.76,30051.25
D012,2025-11-22,P002555,259.79,5450.84
D012,2025-12-17,P002555,305.0,5101.06
D012,2026-01-22,P002555,111.38,2361.58
D012,2026-02-21,P002555,168.9,3757.16
D012,2026-03-09,P002555,376.46,4886.21
D012,2026-04-27,P002555,169.72,4129.42
D012,2026-05-11,P002555,373.82,5950.21
D012,2026-06-18,P002555,263.58,5159.73
D012,2025-11-25,P002556,302.39,3238.39
D012,2025-12-24,P002556,331.43,4583.11
D012,2026-02-23,P002556,275.18,3786.74
D012,2026-04-18,P002556,247.33,4997.0
D012,2026-05-13,P002556,350.35,2980.09
D012,2026-06-13,P002556,133.31,1937.39
D012,2025-12-18,P002557,311.67,3066.46
D012,2026-01-12,P002557,84.47,1481.13
D012,2026-02-27,P002557,367.58,5684.36
D012,2026-03-20,P002557,229.31,2909.78
D012,2026-04-07,P002557,129.86,3034.97
D012,2026-06-06,P002557,151.63,2613.61
D012,2025-12-09,P002558,212.17,2699.08
D012,2026-01-06,P002558,220.67,3202.47
D012,2026-02-12,P002558,78.43,1500.46
D012,2026-03-26,P002558,88.47,2121.54
D012,2026-05-12,P002558,109.9,2284.18
D012,2026-06-13,P002558,183.17,1613.15
D012,2025-11-10,P002559,127.4,1122.3
D012,2025-12-16,P002559,51.41,1231.98
D012,2026-01-04,P002559,84.11,1789.93
D012,2026-02-17,P002559,128.88,2127.53
D012,2026-04-14,P002559,99.55,1320.56
D012,2026-05-03,P002559,67.76,1521.4
D012,2026-06-13,P002559,98.81,2455.16
D012,2025-12-12,P002560,609.52,12152.37
D012,2026-01-21,P002560,950.68,8057.91
D012,2026-02-14,P002560,515.58,11243.15
D012,2026-03-13,P002560,461.8,7982.21
D012,2026-04-06,P002560,679.3,8384.18
D012,2026-05-04,P002560,516.95,11591.48
D012,2026-06-12,P002560,904.0,11934.65
D012,2025-11-16,P002561,2514.5,43193.23
D012,2025-12-07,P002561,1150.82,27122.25
D012,2026-01-24,P002561,2880.06,29622.96
D012,2026-02-05,P002561,2136.36,37072.87
D012,2026-03-26,P002561,4284.8,66194.67
D012,2026-04-26,P002561,1605.78,39259.01
D012,2026-05-27,P002561,2446.96,49587.21
D012,2026-06-03,P002561,6537.46,67831.4
D012,2025-11-07,P002562,478.75,11577.87
D012,2025-12-23,P002562,635.77,15018.37
D012,2026-01-01,P002562,759.83,11875.64
D012,2026-02-24,P002562,926.11,20137.7
D012,2026-03-14,P002562,1590.87,16729.0
D012,2026-04-20,P002562,157.73,2605.61
D012,2026-05-14,P002562,2549.05,21102.55
D012,2026-06-25,P002562,468.14,11494.14
D012,2025-11-19,P002563,230.87,3499.59
D012,2025-12-02,P002563,194.71,1944.3
D012,2026-01-01,P002563,225.57,3968.62
D012,2026-02-18,P002563,123.45,2362.74
D012,2026-03-01,P002563,319.31,2797.87
D012,2026-04-24,P002563,148.75,2526.0
D012,2026-05-04,P002563,166.28,2306.67
D012,2026-06-07,P002563,116.66,2326.7
D012,2025-11-16,P002564,509.04,4711.16
D012,2025-12-15,P002564,145.93,3142.78
D012,2026-02-24,P002564,258.07,4562.39
D012,2026-03-11,P002564,396.48,5605.05
D012,2026-04-02,P002564,182.28,3914.32
D012,2026-05-14,P002564,248.39,3000.07
D012,2026-06-26,P002564,173.61,2447.3
D012,2025-11-03,P002565,1348.69,25659.34
D012,2025-12-23,P002565,857.18,13307.37
D012,2026-01-12,P002565,3493.13,38316.58
D012,2026-02-13,P002565,3876.7,34793.34
D012,2026-03-22,P002565,1483.09,24582.74
D012,2026-04-17,P002565,1907.83,16715.24
D012,2026-05-19,P002565,1946.37,41082.58
D012,2026-06-23,P002565,2500.64,36023.75
D012,2025-11-09,P002566,377.65,5690.86
D012,2025-12-20,P002566,467.27,8029.85
D012,2026-02-21,P002566,760.22,7576.06
D012,2026-03-15,P002566,195.98,4842.11
D012,2026-04-12,P002566,560.25,5664.26
D012,2026-05-24,P002566,899.24,8076.13
D012,2026-06-01,P002566,226.59,3901.22
D012,2025-11-23,P002567,151.62,2868.46
D012,2026-01-04,P002567,295.53,3353.93
D012,2026-02-16,P002567,129.3,3227.24
D012,2026-03-01,P002567,65.63,1393.38
D012,2026-04-23,P002567,377.93,3539.28
D012,2026-05-18,P002567,159.73,3057.1
D012,2026-06-06,P002567,231.23,3102.14
D012,2025-12-23,P002568,1798.88,42138.0
D012,2026-01-19,P002568,3852.06,60812.35
D012,2026-02-11,P002568,4504.22,52984.52
D012,2026-03-06,P002568,3213.48,35768.87
D012,2026-04-08,P002568,3891.23,36827.6
D012,2026-05-20,P002568,408.78,9084.73
D012,2025-11-06,P002569,310.28,4554.47
D012,2025-12-11,P002569,351.37,3233.09
D012,2026-02-21,P002569,376.17,3842.08
D012,2026-03-20,P002569,176.21,3986.29
D012,2026-05-04,P002569,239.04,4421.01
D012,2026-06-20,P002569,221.57,3213.65
D012,2025-11-04,P002570,969.59,10335.89
D012,2025-12-01,P002570,505.93,4417.25
D012,2026-01-17,P002570,349.34,4935.87
D012,2026-02-24,P002570,333.52,5357.24
D012,2026-03-06,P002570,325.86,5537.46
D012,2026-04-04,P002570,503.59,6718.72
D012,2026-05-22,P002570,191.91,4758.93
D012,2026-06-07,P002570,711.26,6097.42
D012,2025-11-08,P002571,68.2,1242.52
D012,2025-12-25,P002571,44.08,631.51
D012,2026-01-13,P002571,101.59,1177.32
D012,2026-03-16,P002571,110.04,1451.77
D012,2026-05-14,P002571,92.84,1771.19
D012,2026-06-25,P002571,125.24,1038.54
D012,2025-12-25,P002572,1982.3,37848.47
D012,2026-02-21,P002572,1888.11,23880.9
D012,2026-03-11,P002572,2654.81,28569.4
D012,2026-04-25,P002572,1638.63,34261.01
D012,2026-05-02,P002572,1527.72,24020.84
D012,2026-06-23,P002572,2938.49,57665.83
D012,2025-12-08,P002573,404.72,6738.89
D012,2026-01-27,P002573,597.83,13510.64
D012,2026-02-01,P002573,1105.29,26134.87
D012,2026-04-11,P002573,1741.61,18214.46
D012,2026-05-16,P002573,1219.76,12357.77
D012,2026-06-27,P002573,906.02,22245.16
D012,2025-11-12,P002574,310.12,5341.05
D012,2025-12-13,P002574,260.92,5764.99
D012,2026-02-15,P002574,501.2,7201.62
D012,2026-04-09,P002574,279.58,5841.72
D012,2026-06-23,P002574,590.22,6221.39
D012,2025-11-06,P002575,1784.54,44002.64
D012,2025-12-15,P002575,3124.14,45621.16
D012,2026-01-04,P002575,2065.1,50976.04
D012,2026-05-01,P002575,2616.71,42262.9
D012,2026-06-18,P002575,2500.41,37014.14
D012,2025-11-26,P002576,2175.54,39342.94
D012,2025-12-16,P002576,1443.4,22881.77
D012,2026-01-06,P002576,3731.0,36640.09
D012,2026-02-01,P002576,1393.33,23298.55
D012,2026-03-13,P002576,2204.59,39638.69
D012,2026-04-16,P002576,1370.87,29940.42
D012,2026-06-09,P002576,1302.2,23952.41
D012,2025-11-17,P002577,1943.75,23449.55
D012,2025-12-14,P002577,752.09,15080.65
D012,2026-01-07,P002577,956.32,13122.45
D012,2026-04-27,P002577,1583.04,26989.13
D012,2026-05-26,P002577,1995.07,21406.28
D012,2026-06-08,P002577,2223.69,23098.11
D012,2025-12-14,P002578,1034.42,10004.44
D012,2026-01-18,P002578,825.06,11106.69
D012,2026-02-18,P002578,207.07,2549.73
D012,2026-03-13,P002578,979.23,13713.41
D012,2026-05-07,P002578,689.81,11424.43
D012,2026-06-04,P002578,1174.39,9873.77
D012,2025-12-04,P002579,1268.89,23299.65
D012,2026-01-16,P002579,981.41,23462.15
D012,2026-02-24,P002579,756.72,16981.97
D012,2026-03-26,P002579,1372.74,23244.19
D012,2026-04-02,P002579,1337.39,21642.97
D012,2026-05-21,P002579,1941.25,24110.11
D012,2026-06-17,P002579,2564.22,22930.22
D012,2025-11-09,P002580,766.53,12116.07
D012,2025-12-16,P002580,837.79,15259.53
D012,2026-01-15,P002580,671.53,9006.71
D012,2026-02-21,P002580,839.73,14970.09
D012,2026-03-16,P002580,386.0,9318.59
D012,2026-04-01,P002580,609.06,10133.76
D012,2026-05-22,P002580,1052.14,14856.05
D012,2026-06-19,P002580,482.57,9279.67
D012,2025-11-15,P002581,319.33,6497.02
D012,2025-12-15,P002581,514.43,11971.12
D012,2026-02-02,P002581,464.04,8511.46
D012,2026-03-06,P002581,587.73,8488.99
D012,2026-04-26,P002581,583.56,12311.14
D012,2026-05-24,P002581,852.06,10641.85
D012,2026-06-17,P002581,507.18,8776.88
D012,2025-11-14,P002582,690.82,15048.46
D012,2026-02-14,P002582,1548.14,17370.18
D012,2026-03-07,P002582,1123.7,18438.47
D012,2026-04-27,P002582,334.67,7819.44
D012,2026-05-07,P002582,1285.54,14919.64
D012,2026-06-10,P002582,1031.83,11155.02
D012,2025-11-03,P002583,73.26,962.44
D012,2025-12-17,P002583,264.56,6302.35
D012,2026-01-05,P002583,665.3,6819.12
D012,2026-02-01,P002583,410.34,7459.77
D012,2026-06-20,P002583,207.49,3777.95
D012,2025-12-13,P002584,286.39,5759.28
D012,2026-01-08,P002584,188.36,4697.75
D012,2026-02-18,P002584,276.37,4934.44
D012,2026-03-21,P002584,310.5,4179.7
D012,2026-05-02,P002584,46.54,972.68
D012,2026-06-14,P002584,438.3,5507.88
D012,2025-11-27,P002585,153.67,2434.73
D012,2025-12-19,P002585,378.08,3533.88
D012,2026-01-18,P002585,77.32,1368.74
D012,2026-02-16,P002585,110.78,2010.73
D012,2026-03-26,P002585,165.03,3255.27
D012,2026-04-23,P002585,161.05,2661.51
D012,2026-05-11,P002585,139.13,2035.14
D012,2026-06-08,P002585,316.5,2608.33
D012,2025-12-06,P002586,3005.43,58786.72
D012,2026-01-20,P002586,6949.22,77764.12
D012,2026-02-17,P002586,3888.88,67185.07
D012,2026-04-27,P002586,3121.42,43808.89
D012,2026-05-01,P002586,2534.44,39851.96
D012,2025-11-05,P002587,156.0,1815.98
D012,2025-12-12,P002587,210.54,1698.55
D012,2026-01-06,P002587,328.37,2735.85
D012,2026-03-27,P002587,122.04,2299.47
D012,2026-05-09,P002587,96.69,1874.91
D012,2026-06-03,P002587,108.48,2282.41
D012,2025-11-19,P002588,1608.52,15714.83
D012,2025-12-02,P002588,796.73,11296.9
D012,2026-02-02,P002588,532.88,10329.38
D012,2026-03-05,P002588,665.37,15890.83
D012,2026-04-03,P002588,426.04,9573.84
D012,2026-05-18,P002588,811.61,14233.93
D012,2026-06-04,P002588,528.61,11335.43
D012,2025-11-07,P002589,577.08,11043.2
D012,2025-12-05,P002589,1047.27,23810.16
D012,2026-01-25,P002589,852.24,12224.44
D012,2026-02-21,P002589,1195.67,14084.16
D012,2026-03-04,P002589,861.37,16845.98
D012,2026-05-12,P002589,1742.1,18698.45
D012,2026-06-26,P002589,496.64,11356.96
D012,2025-11-26,P002590,100.23,1449.73
D012,2025-12-15,P002590,135.53,2491.07
D012,2026-01-18,P002590,92.74,2099.74
D012,2026-02-20,P002590,93.49,2070.55
D012,2026-03-27,P002590,176.09,2725.39
D012,2026-04-18,P002590,228.87,2753.15
D012,2026-05-11,P002590,104.16,1686.03
D012,2026-06-22,P002590,108.33,1971.51
D012,2025-11-19,P002591,577.19,12546.87
D012,2025-12-08,P002591,539.06,13222.73
D012,2026-01-03,P002591,580.47,8225.51
D012,2026-02-11,P002591,1133.43,19260.86
D012,2026-03-06,P002591,1139.84,25311.55
D012,2026-04-03,P002591,976.71,18914.84
D012,2026-05-21,P002591,1444.49,25081.71
D012,2026-06-01,P002591,803.78,16416.41
D012,2025-11-17,P002592,1163.71,13189.3
D012,2025-12-16,P002592,430.46,8396.21
D012,2026-01-05,P002592,853.03,14812.72
D012,2026-02-09,P002592,738.14,8364.25
D012,2026-03-27,P002592,686.18,14868.76
D012,2026-04-27,P002592,528.51,7331.61
D012,2026-05-22,P002592,356.3,6207.83
D012,2026-06-11,P002592,752.26,15965.76
D012,2025-12-22,P002593,176.7,2600.37
D012,2026-01-01,P002593,236.84,4873.55
D012,2026-03-06,P002593,221.92,3388.72
D012,2026-04-03,P002593,315.4,4593.11
D012,2026-05-13,P002593,168.07,3942.86
D012,2026-06-21,P002593,202.41,3269.3
D012,2025-11-19,P002594,362.19,7768.14
D012,2025-12-22,P002594,408.72,9291.89
D012,2026-01-13,P002594,702.14,9778.98
D012,2026-02-26,P002594,405.02,8466.47
D012,2026-03-17,P002594,605.42,9011.45
D012,2026-04-01,P002594,378.76,9067.43
D012,2026-05-20,P002594,467.65,9049.9
D012,2026-06-26,P002594,741.9,6948.76
D012,2026-01-23,P002595,557.22,6381.36
D012,2026-02-14,P002595,306.69,4298.8
D012,2026-03-07,P002595,623.52,5148.03
D012,2026-04-22,P002595,277.64,6770.72
D012,2026-05-07,P002595,362.36,8977.27
D012,2026-06-23,P002595,485.52,6948.73
D012,2025-11-13,P002596,319.49,5982.32
D012,2025-12-22,P002596,276.58,6771.29
D012,2026-01-24,P002596,151.17,3592.18
D012,2026-02-13,P002596,355.39,5900.39
D012,2026-03-13,P002596,811.37,7067.07
D012,2026-05-13,P002596,251.18,4364.44
D012,2026-06-17,P002596,243.12,5616.4
D012,2025-11-23,P002597,558.89,11631.33
D012,2025-12-23,P002597,217.91,4488.55
D012,2026-03-15,P002597,939.25,8992.7
D012,2026-05-11,P002597,1059.91,10151.74
D012,2026-06-16,P002597,131.59,2575.12
D012,2025-11-09,P002598,372.04,4967.17
D012,2025-12-27,P002598,314.05,4391.5
D012,2026-01-15,P002598,502.9,6295.87
D012,2026-02-08,P002598,211.67,4337.44
D012,2026-03-18,P002598,151.02,2725.59
D012,2026-04-24,P002598,30.32,561.54
D012,2026-05-02,P002598,205.84,5058.93
D012,2026-06-26,P002598,351.18,4166.33
D012,2025-11-20,P002599,5067.99,51607.61
D012,2025-12-17,P002599,3838.16,83970.46
D012,2026-01-12,P002599,2357.17,53102.07
D012,2026-02-27,P002599,3059.01,39905.81
D012,2026-03-13,P002599,4841.59,72841.64
D012,2026-04-25,P002599,1345.32,16690.35
D012,2026-05-19,P002599,1938.14,33847.51
D012,2026-06-01,P002599,4804.64,56808.05
D012,2025-12-22,P002600,1229.18,18413.47
D012,2026-01-04,P002600,1999.75,18971.52
D012,2026-02-22,P002600,918.43,19349.4
D012,2026-03-11,P002600,731.08,17129.41
D012,2026-05-26,P002600,852.38,21245.96
D012,2025-11-15,P002601,276.54,4881.8
D012,2025-12-23,P002601,219.21,4425.95
D012,2026-01-06,P002601,424.94,7315.25
D012,2026-02-26,P002601,293.77,7271.17
D012,2026-03-21,P002601,264.4,2791.96
D012,2026-04-06,P002601,370.73,3116.26
D012,2026-05-22,P002601,425.69,10215.33
D012,2026-06-21,P002601,305.58,5776.78
D012,2025-11-26,P002602,419.58,7373.57
D012,2025-12-07,P002602,606.62,10418.92
D012,2026-01-20,P002602,1699.76,18495.81
D012,2026-02-01,P002602,1061.2,11572.53
D012,2026-03-18,P002602,633.3,9963.25
D012,2026-04-09,P002602,652.76,10190.17
D012,2026-06-21,P002602,901.53,12813.89
D012,2025-11-14,P002603,90.49,1374.48
D012,2025-12-07,P002603,204.62,4207.37
D012,2026-02-10,P002603,190.64,4453.16
D012,2026-03-23,P002603,185.35,4531.57
D012,2026-04-26,P002603,277.47,3677.24
D012,2026-05-13,P002603,264.32,2785.62
D012,2026-06-17,P002603,135.58,3076.79
D012,2025-11-22,P002604,122.02,2990.7
D012,2025-12-07,P002604,470.44,5203.66
D012,2026-01-23,P002604,185.41,4076.18
D012,2026-02-17,P002604,465.95,4137.22
D012,2026-03-15,P002604,162.0,3412.21
D012,2026-04-20,P002604,314.56,4958.67
D012,2026-05-12,P002604,170.59,2276.4
D012,2025-11-21,P002605,3937.77,55860.78
D012,2025-12-21,P002605,3413.74,49822.45
D012,2026-01-04,P002605,4526.51,76291.91
D012,2026-02-18,P002605,4908.64,76979.71
D012,2026-04-25,P002605,4715.34,55524.8
D012,2025-12-06,P002606,3950.19,46236.54
D012,2026-01-17,P002606,617.67,12403.03
D012,2026-02-23,P002606,2474.21,48167.66
D012,2026-03-22,P002606,1425.36,27210.96
D012,2026-04-27,P002606,1496.78,28844.88
D012,2026-06-27,P002606,1498.68,36457.74
D012,2025-11-08,P002607,389.27,3471.77
D012,2025-12-04,P002607,410.06,4142.63
D012,2026-01-13,P002607,108.23,2551.18
D012,2026-02-21,P002607,159.68,2701.91
D012,2026-03-05,P002607,250.54,4581.41
D012,2026-04-05,P002607,129.1,2927.74
D012,2026-06-27,P002607,361.42,3427.91
D012,2025-11-25,P002608,172.81,2036.27
D012,2025-12-07,P002608,201.88,2476.97
D012,2026-01-09,P002608,85.57,1851.47
D012,2026-02-17,P002608,64.05,1529.02
D012,2026-03-15,P002608,100.87,1716.62
D012,2026-04-10,P002608,265.14,3174.83
D012,2026-05-01,P002608,116.11,2711.64
D012,2026-06-19,P002608,161.87,2391.82
D012,2025-11-10,P002609,285.83,7051.96
D012,2025-12-20,P002609,500.49,5040.95
D012,2026-01-09,P002609,206.61,5113.74
D012,2026-02-08,P002609,247.02,4100.4
D012,2026-03-17,P002609,588.16,5501.17
D012,2026-04-07,P002609,212.5,3956.25
D012,2026-05-06,P002609,279.12,5834.22
D012,2025-11-16,P002610,249.16,2930.46
D012,2025-12-06,P002610,179.32,3222.71
D012,2026-01-11,P002610,146.01,3062.28
D012,2026-02-25,P002610,118.06,2939.36
D012,2026-03-02,P002610,222.5,3378.97
D012,2026-04-03,P002610,136.41,2743.07
D012,2026-05-04,P002610,414.11,3873.82
D012,2026-06-14,P002610,665.85,5331.26
D012,2025-11-27,P002611,2625.07,36310.16
D012,2025-12-19,P002611,1145.42,22898.25
D012,2026-01-07,P002611,4212.47,36423.13
D012,2026-02-09,P002611,2231.67,38762.68
D012,2026-03-02,P002611,1107.95,26900.92
D012,2026-04-02,P002611,1390.02,12846.18
D012,2026-05-04,P002611,2059.19,37328.55
D012,2026-06-27,P002611,4334.95,47602.51
D012,2025-11-26,P002612,2585.24,46215.73
D012,2025-12-01,P002612,3635.6,53814.49
D012,2026-01-26,P002612,7304.56,63795.09
D012,2026-02-22,P002612,6244.3,62539.98
D012,2026-03-08,P002612,2867.02,49454.67
D012,2026-04-07,P002612,4583.52,104072.22
D012,2026-05-05,P002612,4211.55,67844.45
D012,2026-06-03,P002612,3988.45,56490.01
D012,2025-12-19,P002613,4143.82,33817.01
D012,2026-01-25,P002613,1307.57,17924.7
D012,2026-02-26,P002613,1005.88,24954.42
D012,2026-03-15,P002613,858.5,18084.74
D012,2026-04-01,P002613,2266.06,26870.12
D012,2026-05-14,P002613,840.2,9426.18
D012,2026-06-22,P002613,520.89,10327.29
D012,2025-11-05,P002614,319.54,6138.94
D012,2026-01-04,P002614,290.88,2967.0
D012,2026-03-03,P002614,889.17,7421.87
D012,2026-05-24,P002614,836.29,7247.78
D012,2025-12-08,P002615,2119.02,51123.63
D012,2026-01-07,P002615,2812.49,48701.16
D012,2026-02-15,P002615,1464.62,31255.56
D012,2026-04-03,P002615,2312.81,53586.54
D012,2026-05-04,P002615,1596.88,33651.74
D012,2026-06-03,P002615,2662.14,44360.7
D012,2025-11-01,P002616,615.19,6768.4
D012,2025-12-05,P002616,899.4,9241.34
D012,2026-01-09,P002616,899.07,8669.65
D012,2026-02-05,P002616,869.65,8220.22
D012,2026-03-14,P002616,283.81,4780.32
D012,2026-04-05,P002616,381.13,8813.62
D012,2026-06-14,P002616,276.25,5853.45
D012,2025-11-05,P002617,1482.7,31469.79
D012,2025-12-26,P002617,1497.83,23260.01
D012,2026-01-17,P002617,1729.37,19051.22
D012,2026-02-07,P002617,2519.81,32665.36
D012,2026-03-18,P002617,3047.91,34031.79
D012,2026-04-01,P002617,1327.27,23885.89
D012,2026-05-05,P002617,1932.62,25811.06
D012,2026-06-12,P002617,1713.58,42745.26
D012,2025-11-20,P002618,209.36,2964.85
D012,2025-12-11,P002618,823.16,9416.61
D012,2026-01-07,P002618,293.12,6633.54
D012,2026-02-02,P002618,379.71,5795.29
D012,2026-04-17,P002618,403.07,3423.1
D012,2026-06-21,P002618,127.03,2730.97
D012,2025-11-14,P002619,732.44,6850.34
D012,2025-12-17,P002619,381.91,4761.3
D012,2026-01-20,P002619,597.72,7377.03
D012,2026-02-03,P002619,530.68,6414.39
D012,2026-03-14,P002619,610.47,6878.41
D012,2026-05-24,P002619,465.77,6528.86
D012,2026-06-15,P002619,199.9,4914.29
D012,2025-11-19,P002620,375.17,7168.34
D012,2025-12-05,P002620,477.15,7674.84
D012,2026-01-09,P002620,299.44,6293.74
D012,2026-02-10,P002620,242.61,5105.87
D012,2026-03-09,P002620,339.78,4777.18
D012,2026-04-23,P002620,90.52,2199.32
D012,2026-05-08,P002620,467.47,5295.18
D012,2026-06-07,P002620,643.88,6782.78
D012,2025-11-03,P002621,168.89,3306.21
D012,2025-12-18,P002621,100.52,2163.62
D012,2026-01-21,P002621,270.22,3829.87
D012,2026-02-13,P002621,183.89,3559.75
D012,2026-03-22,P002621,191.07,2697.84
D012,2026-04-23,P002621,235.89,2036.24
D012,2026-05-05,P002621,280.8,3163.31
D012,2026-06-06,P002621,124.13,2289.34
D012,2025-12-22,P002622,429.43,6085.73
D012,2026-01-09,P002622,194.84,2569.39
D012,2026-02-05,P002622,251.36,3110.93
D012,2026-03-08,P002622,170.25,3928.89
D012,2026-04-11,P002622,173.99,3692.0
D012,2026-05-13,P002622,207.82,3629.47
D012,2026-06-11,P002622,124.34,2776.17
D012,2025-11-10,P002623,573.18,7336.33
D012,2025-12-08,P002623,561.95,6209.6
D012,2026-01-14,P002623,170.14,3681.58
D012,2026-02-01,P002623,423.59,6535.38
D012,2026-03-14,P002623,446.68,4783.84
D012,2026-04-14,P002623,398.13,7841.16
D012,2026-05-18,P002623,602.96,6379.95
D012,2026-06-14,P002623,893.36,10721.99
D012,2025-11-06,P002624,113.53,2835.66
D012,2025-12-27,P002624,315.16,4524.14
D012,2026-01-01,P002624,186.2,3847.66
D012,2026-02-26,P002624,181.24,4153.16
D012,2026-03-04,P002624,53.16,697.87
D012,2026-04-15,P002624,590.45,5118.2
D012,2026-05-15,P002624,492.73,4489.12
D012,2026-06-22,P002624,123.33,2730.8
D012,2025-11-09,P002625,1587.32,27966.55
D012,2025-12-13,P002625,1168.74,10651.86
D012,2026-01-05,P002625,1140.05,15647.99
D012,2026-02-09,P002625,971.18,16478.57
D012,2026-03-27,P002625,2763.33,22544.74
D012,2026-04-16,P002625,764.17,14287.94
D012,2026-05-06,P002625,1290.04,19239.35
D012,2025-11-15,P002626,232.33,3041.62
D012,2025-12-09,P002626,257.72,3473.0
D012,2026-01-16,P002626,303.32,3829.0
D012,2026-02-05,P002626,170.66,2261.94
D012,2026-04-03,P002626,102.51,1739.07
D012,2026-05-11,P002626,115.26,2744.47
D012,2026-06-11,P002626,53.08,1289.31
D012,2025-12-26,P002627,1047.88,17847.47
D012,2026-01-08,P002627,1539.99,23432.88
D012,2026-02-17,P002627,501.66,9693.06
D012,2026-05-09,P002627,983.64,16540.97
D012,2026-06-25,P002627,763.26,18382.67
D012,2025-12-07,P002628,347.51,8457.04
D012,2026-01-17,P002628,262.83,5544.6
D012,2026-02-22,P002628,706.19,6496.58
D012,2026-03-26,P002628,249.57,3603.99
D012,2026-04-19,P002628,60.19,1095.4
D012,2026-05-02,P002628,261.13,5925.93
D012,2026-06-11,P002628,907.51,7480.52
D012,2025-11-15,P002629,443.14,5951.47
D012,2025-12-24,P002629,342.09,5220.57
D012,2026-01-25,P002629,444.12,5874.54
D012,2026-02-17,P002629,568.62,9801.86
D012,2026-03-16,P002629,580.76,8407.01
D012,2026-04-24,P002629,482.37,8180.12
D012,2026-05-17,P002629,426.22,6304.8
D012,2026-06-11,P002629,382.99,7705.95
D012,2025-12-27,P002630,544.13,9588.39
D012,2026-01-07,P002630,1200.51,12254.38
D012,2026-02-21,P002630,727.4,8674.16
D012,2026-03-27,P002630,1064.33,9848.47
D012,2026-04-14,P002630,437.01,10652.74
D012,2026-05-24,P002630,341.13,7859.72
D012,2026-06-10,P002630,433.79,10221.78
D012,2025-11-27,P002631,667.57,7930.3
D012,2026-01-26,P002631,568.91,11192.74
D012,2026-02-26,P002631,444.64,10324.12
D012,2026-03-21,P002631,362.91,8071.86
D012,2026-04-08,P002631,264.05,5881.44
D012,2026-05-02,P002631,364.78,8088.37
D012,2026-06-27,P002631,538.55,7189.49
D012,2025-11-26,P002632,1739.32,29890.68
D012,2025-12-16,P002632,3247.27,42344.21
D012,2026-01-17,P002632,1231.73,28714.12
D012,2026-02-20,P002632,3278.38,41769.94
D012,2026-03-12,P002632,1295.82,32364.3
D012,2026-05-09,P002632,2695.52,34423.29
D012,2026-06-11,P002632,2255.5,31945.82
D012,2025-11-27,P002633,2458.61,26092.04
D012,2025-12-25,P002633,1427.37,21544.92
D012,2026-01-16,P002633,1251.46,26885.75
D012,2026-02-09,P002633,1234.57,28943.42
D012,2026-03-14,P002633,1448.72,29901.36
D012,2026-05-24,P002633,1718.91,30423.02
D012,2025-11-25,P002634,2622.24,22983.25
D012,2025-12-03,P002634,1366.31,16556.41
D012,2026-01-16,P002634,1504.32,28885.37
D012,2026-02-07,P002634,2311.96,20401.95
D012,2026-03-09,P002634,1660.75,16198.75
D012,2026-04-07,P002634,858.59,13530.33
D012,2026-05-24,P002634,2271.67,28589.22
D012,2026-06-17,P002634,2977.92,30019.61
D012,2025-11-15,P002635,432.5,6111.63
D012,2025-12-22,P002635,582.21,6335.72
D012,2026-01-10,P002635,408.96,4620.54
D012,2026-02-12,P002635,172.96,3718.59
D012,2026-03-10,P002635,259.63,5644.38
D012,2026-05-06,P002635,273.96,6515.31
D012,2026-06-07,P002635,381.89,6170.64
D012,2025-11-15,P002636,435.44,5588.11
D012,2025-12-11,P002636,392.82,8301.15
D012,2026-01-01,P002636,217.48,4461.74
D012,2026-02-05,P002636,824.9,9023.38
D012,2026-03-14,P002636,191.03,4400.01
D012,2026-04-01,P002636,349.98,8036.96
D012,2026-05-24,P002636,316.12,4877.45
D012,2025-11-16,P002637,296.3,3131.84
D012,2025-12-13,P002637,242.55,2982.79
D012,2026-01-01,P002637,93.9,2056.32
D012,2026-02-01,P002637,205.89,2444.42
D012,2026-03-26,P002637,325.5,2897.23
D012,2026-04-13,P002637,108.99,2393.37
D012,2026-05-15,P002637,146.65,3297.21
D012,2026-06-04,P002637,226.84,3027.5
D012,2025-11-06,P002638,1182.44,23833.6
D012,2025-12-11,P002638,807.63,19510.67
D012,2026-01-18,P002638,945.28,19492.68
D012,2026-02-25,P002638,3680.8,30835.79
D012,2026-04-05,P002638,1254.36,28565.87
D012,2025-11-20,P002639,527.21,10450.61
D012,2025-12-10,P002639,579.53,9998.35
D012,2026-01-13,P002639,249.15,4413.11
D012,2026-02-05,P002639,434.26,5294.79
D012,2026-03-11,P002639,380.17,7658.32
D012,2026-04-02,P002639,372.2,6816.1
D012,2026-05-27,P002639,739.31,6517.09
D012,2026-06-22,P002639,222.94,3933.5
D012,2025-12-14,P002640,663.4,14654.64
D012,2026-01-06,P002640,1684.2,16981.96
D012,2026-02-04,P002640,2800.49,34273.83
D012,2026-03-08,P002640,2007.39,36054.91
D012,2026-04-23,P002640,3764.54,46563.17
D012,2026-05-26,P002640,3906.29,31456.79
D012,2026-06-25,P002640,2737.06,43625.57
D012,2025-12-09,P002641,318.82,4304.45
D012,2026-01-20,P002641,345.45,5169.97
D012,2026-02-08,P002641,470.29,6363.88
D012,2026-04-23,P002641,224.88,4187.7
D012,2026-05-18,P002641,178.83,3537.47
D012,2026-06-02,P002641,194.37,4163.32
D012,2025-11-21,P002642,712.01,16109.63
D012,2025-12-24,P002642,1091.19,21777.82
D012,2026-01-11,P002642,914.69,9651.33
D012,2026-02-10,P002642,611.4,15139.81
D012,2026-03-05,P002642,2534.14,30371.14
D012,2026-04-01,P002642,3203.23,39107.22
D012,2026-05-26,P002642,852.73,18890.39
D012,2026-06-02,P002642,2144.69,29849.3
D012,2025-11-01,P002643,153.99,2910.96
D012,2025-12-24,P002643,110.44,1540.12
D012,2026-01-04,P002643,96.99,2329.35
D012,2026-02-23,P002643,245.6,4156.74
D012,2026-03-17,P002643,161.48,3013.38
D012,2026-04-16,P002643,100.6,2081.49
D012,2026-05-19,P002643,146.64,2509.48
D012,2026-06-05,P002643,162.13,1937.12
D012,2025-11-10,P002644,1788.28,24839.34
D012,2025-12-11,P002644,1534.28,20231.82
D012,2026-01-20,P002644,1592.65,19321.7
D012,2026-03-12,P002644,2766.58,37248.15
D012,2026-04-05,P002644,2088.36,26825.25
D012,2026-05-09,P002644,1851.49,28178.57
D012,2026-06-21,P002644,3431.43,31357.93
D012,2025-11-14,P002645,411.2,4681.46
D012,2025-12-16,P002645,351.21,4255.03
D012,2026-01-16,P002645,419.49,4770.16
D012,2026-03-18,P002645,573.33,6101.12
D012,2026-05-26,P002645,294.53,5375.36
D012,2026-06-18,P002645,157.24,3885.42
D012,2025-12-21,P002646,529.52,10830.34
D012,2026-01-16,P002646,929.95,17083.32
D012,2026-02-22,P002646,590.19,14323.25
D012,2026-03-01,P002646,630.16,12980.83
D012,2026-04-03,P002646,1205.29,10537.59
D012,2026-05-08,P002646,1075.31,18764.53
D012,2025-12-02,P002647,3278.02,70874.17
D012,2026-02-10,P002647,10904.56,113686.01
D012,2026-03-14,P002647,12865.42,105513.68
D012,2026-04-12,P002647,3749.59,74265.27
D012,2026-05-15,P002647,3739.98,60474.69
D012,2026-06-12,P002647,6924.14,82098.75
D012,2025-11-18,P002648,99.76,1677.94
D012,2026-01-08,P002648,123.06,2716.75
D012,2026-02-04,P002648,140.78,2401.33
D012,2026-03-09,P002648,91.8,1675.92
D012,2026-04-04,P002648,110.22,2203.36
D012,2026-05-23,P002648,64.24,1327.82
D012,2026-06-02,P002648,238.72,1965.64
D012,2025-11-26,P002649,1677.12,14726.41
D012,2025-12-22,P002649,1030.5,16495.6
D012,2026-02-20,P002649,1381.35,12589.06
D012,2026-03-01,P002649,1069.06,14918.95
D012,2026-05-07,P002649,1259.99,15013.58
D012,2026-06-12,P002649,618.85,14305.81
D012,2025-12-03,P002650,708.36,10941.97
D012,2026-01-01,P002650,430.86,6381.91
D012,2026-02-12,P002650,267.72,4480.17
D012,2026-03-26,P002650,424.83,9028.3
D012,2026-04-20,P002650,587.06,5012.59
D012,2026-05-02,P002650,719.53,7045.76
D012,2026-06-23,P002650,520.13,9869.21
D012,2025-11-04,P002651,1069.94,10434.16
D012,2026-01-26,P002651,685.6,8662.92
D012,2026-02-14,P002651,877.74,10220.4
D012,2026-04-08,P002651,1565.05,12603.98
D012,2026-05-21,P002651,1678.45,21782.87
D012,2026-06-11,P002651,801.57,16718.49
D012,2025-11-10,P002652,300.22,6204.16
D012,2025-12-26,P002652,440.77,7066.9
D012,2026-01-24,P002652,381.21,6504.22
D012,2026-02-09,P002652,261.22,2547.56
D012,2026-03-08,P002652,461.55,9367.9
D012,2026-04-03,P002652,296.63,3626.89
D012,2026-05-19,P002652,456.69,7051.76
D012,2026-06-14,P002652,223.38,5345.69
D012,2025-11-10,P002653,2756.68,31232.52
D012,2025-12-18,P002653,1276.83,20794.07
D012,2026-01-20,P002653,1506.53,24084.8
D012,2026-02-17,P002653,1466.09,33167.74
D012,2026-03-25,P002653,2562.34,30505.64
D012,2026-04-01,P002653,1805.31,24971.48
D012,2026-05-27,P002653,2550.41,49277.57
D012,2026-06-15,P002653,2204.53,40384.1
D012,2025-11-27,P002654,636.39,10181.52
D012,2025-12-12,P002654,1207.47,10600.78
D012,2026-01-12,P002654,562.15,14031.31
D012,2026-02-08,P002654,436.3,8997.62
D012,2026-03-14,P002654,1465.64,15535.54
D012,2026-04-12,P002654,357.51,7540.04
D012,2026-05-09,P002654,555.93,9696.81
D012,2026-06-02,P002654,702.03,13117.73
D012,2025-11-20,P002655,1863.09,39435.66
D012,2025-12-03,P002655,1286.36,24714.11
D012,2026-02-07,P002655,2054.47,46213.04
D012,2026-03-22,P002655,1727.59,29791.09
D012,2026-04-11,P002655,4168.95,50049.79
D012,2026-05-09,P002655,2691.43,31754.2
D012,2026-06-21,P002655,3912.5,42578.66
D012,2025-11-07,P002656,533.39,4740.44
D012,2026-01-20,P002656,590.31,6715.7
D012,2026-02-15,P002656,588.66,12335.54
D012,2026-03-21,P002656,740.55,13114.36
D012,2026-06-11,P002656,640.19,6868.53
D012,2025-11-15,P002657,800.67,13698.97
D012,2025-12-09,P002657,369.5,5496.79
D012,2026-01-02,P002657,561.89,11691.12
D012,2026-02-14,P002657,853.55,13301.46
D012,2026-03-23,P002657,420.01,6275.71
D012,2026-04-13,P002657,828.04,14129.29
D012,2026-05-01,P002657,989.32,14609.28
D012,2025-11-22,P002658,479.13,9782.06
D012,2025-12-16,P002658,604.38,13376.65
D012,2026-02-03,P002658,544.97,8413.06
D012,2026-03-06,P002658,1494.24,11967.71
D012,2026-04-10,P002658,222.22,4985.32
D012,2026-05-01,P002658,394.77,9477.33
D012,2026-06-07,P002658,1010.19,16268.13
D012,2025-12-17,P002659,194.92,4864.19
D012,2026-02-01,P002659,184.45,4410.0
D012,2026-04-23,P002659,412.89,3422.58
D012,2026-05-16,P002659,257.95,6121.99
D012,2026-06-11,P002659,322.66,3875.82
D012,2025-11-01,P002660,2308.47,44704.36
D012,2026-01-13,P002660,7353.32,72655.88
D012,2026-02-08,P002660,2692.31,43423.28
D012,2026-03-16,P002660,920.52,20996.34
D012,2026-04-02,P002660,743.52,17944.74
D012,2026-05-19,P002660,2843.58,47164.0
D012,2026-06-14,P002660,1953.83,37985.65
D012,2025-11-16,P002661,2166.35,23202.42
D012,2025-12-02,P002661,1433.2,25854.34
D012,2026-01-10,P002661,2111.07,17745.48
D012,2026-03-11,P002661,1459.69,24489.5
D012,2026-04-03,P002661,1629.98,26961.67
D012,2026-05-01,P002661,1598.18,15706.34
D012,2026-06-11,P002661,2396.74,23024.13
D012,2025-11-05,P002662,666.16,7833.93
D012,2025-12-18,P002662,1671.36,37710.17
D012,2026-02-19,P002662,2649.0,54525.19
D012,2026-03-10,P002662,3807.89,64316.34
D012,2026-04-22,P002662,2002.23,45216.34
D012,2026-05-13,P002662,5499.45,51727.17
D012,2026-06-11,P002662,3237.42,27788.12
D012,2025-11-05,P002663,350.32,8167.6
D012,2025-12-25,P002663,454.8,5027.97
D012,2026-01-13,P002663,247.93,3690.81
D012,2026-02-16,P002663,195.55,3693.38
D012,2026-03-09,P002663,465.43,4946.46
D012,2026-04-25,P002663,225.96,4113.14
D012,2026-05-01,P002663,360.83,8861.56
D012,2026-06-09,P002663,443.05,4647.65
D012,2025-12-13,P002664,937.12,14214.97
D012,2026-01-11,P002664,693.15,13566.11
D012,2026-02-19,P002664,1061.07,13009.51
D012,2026-03-20,P002664,1492.75,19382.89
D012,2026-04-27,P002664,2628.53,25764.21
D012,2026-05-09,P002664,378.67,8791.31
D012,2026-06-14,P002664,477.27,11637.4
D012,2025-11-01,P002665,334.27,4270.24
D012,2025-12-24,P002665,438.83,4238.38
D012,2026-01-01,P002665,321.91,4366.84
D012,2026-02-27,P002665,628.84,6354.07
D012,2026-03-06,P002665,451.36,6945.18
D012,2026-04-22,P002665,239.67,5300.06
D012,2026-05-03,P002665,222.92,4297.4
D012,2025-12-06,P002666,137.91,3347.39
D012,2026-03-27,P002666,450.65,5334.62
D012,2026-04-12,P002666,109.32,1994.48
D012,2026-05-05,P002666,119.73,2241.94
D012,2026-06-24,P002666,172.82,3160.26
D012,2025-11-15,P002667,568.56,12067.82
D012,2025-12-25,P002667,239.88,5430.45
D012,2026-01-24,P002667,438.93,8688.66
D012,2026-02-11,P002667,273.34,3950.15
D012,2026-04-05,P002667,354.6,8275.13
D012,2026-06-05,P002667,399.95,6242.87
D012,2025-11-02,P002668,715.53,15641.09
D012,2025-12-16,P002668,1100.86,12452.83
D012,2026-01-06,P002668,720.4,9195.49
D012,2026-02-25,P002668,699.44,14706.48
D012,2026-03-17,P002668,608.74,14276.41
D012,2026-04-21,P002668,662.31,13904.02
D012,2026-05-23,P002668,595.99,10854.08
D012,2026-06-21,P002668,3000.64,24688.42
D012,2025-11-12,P002669,192.89,2705.64
D012,2026-01-08,P002669,244.4,3618.09
D012,2026-02-08,P002669,165.34,3775.67
D012,2026-03-12,P002669,258.34,2720.99
D012,2026-05-11,P002669,144.7,3535.95
D012,2026-06-05,P002669,277.5,3496.1
D012,2025-12-18,P002670,668.12,7667.88
D012,2026-01-13,P002670,464.18,5816.23
D012,2026-02-03,P002670,562.77,7925.9
D012,2026-03-20,P002670,564.94,4597.6
D012,2026-04-03,P002670,460.48,6366.41
D012,2026-06-07,P002670,239.23,4661.16
D012,2025-11-17,P002671,905.61,12274.86
D012,2025-12-17,P002671,940.68,22244.34
D012,2026-01-27,P002671,464.59,9012.49
D012,2026-02-25,P002671,850.21,13952.29
D012,2026-03-03,P002671,472.95,6323.88
D012,2026-04-21,P002671,1127.58,13595.85
D012,2026-06-07,P002671,1125.65,15372.33
D012,2025-11-16,P002672,1344.67,19629.21
D012,2025-12-22,P002672,1105.63,22038.29
D012,2026-01-02,P002672,2432.6,24540.69
D012,2026-02-01,P002672,1412.4,30914.0
D012,2026-03-24,P002672,967.94,17185.23
D012,2026-04-21,P002672,1127.61,24930.7
D012,2026-05-11,P002672,1147.54,22054.33
D012,2026-06-01,P002672,1200.68,29337.36
D012,2025-11-20,P002673,212.31,3606.63
D012,2025-12-27,P002673,453.71,6500.5
D012,2026-01-01,P002673,275.19,4317.37
D012,2026-02-04,P002673,315.25,2685.59
D012,2026-03-26,P002673,150.85,3071.75
D012,2026-05-19,P002673,125.93,2427.86
D012,2026-06-11,P002673,441.51,4191.09
D012,2025-11-14,P002674,343.85,4605.74
D012,2025-12-24,P002674,449.73,8479.55
D012,2026-01-07,P002674,510.14,10541.27
D012,2026-02-21,P002674,695.05,13210.44
D012,2026-03-20,P002674,1046.17,9253.21
D012,2026-04-14,P002674,1381.46,11926.37
D012,2026-05-03,P002674,621.08,10248.19
D012,2026-06-23,P002674,409.74,8254.29
D012,2025-11-14,P002675,7088.64,75771.08
D012,2025-12-09,P002675,4521.48,79122.0
D012,2026-02-04,P002675,5790.51,65452.41
D012,2026-03-14,P002675,1226.58,25621.53
D012,2026-04-22,P002675,3863.31,63480.14
D012,2025-11-11,P002676,2083.55,27263.09
D012,2025-12-13,P002676,1657.11,25110.08
D012,2026-01-20,P002676,1522.23,29398.38
D012,2026-02-19,P002676,2625.0,34185.13
D012,2026-03-16,P002676,829.52,17730.16
D012,2026-04-14,P002676,1025.97,25152.13
D012,2026-05-18,P002676,2011.59,24616.13
D012,2026-06-08,P002676,1551.53,19360.16
D012,2025-11-17,P002677,2327.79,29205.35
D012,2025-12-08,P002677,1843.75,39816.31
D012,2026-02-24,P002677,2480.59,43642.19
D012,2026-03-24,P002677,1563.19,38661.08
D012,2026-04-26,P002677,2552.87,56664.63
D012,2026-06-12,P002677,3823.06,42408.16
D012,2025-11-09,P002678,97.89,1644.12
D012,2025-12-23,P002678,157.95,1594.53
D012,2026-01-12,P002678,159.7,2133.38
D012,2026-02-23,P002678,72.35,1240.66
D012,2026-04-06,P002678,126.04,3029.92
D012,2026-05-19,P002678,43.57,1061.92
D012,2026-06-18,P002678,241.29,2308.74
D012,2025-11-04,P002679,688.69,10618.68
D012,2025-12-10,P002679,348.37,8639.5
D012,2026-01-18,P002679,306.28,6895.4
D012,2026-02-12,P002679,982.17,11401.84
D012,2026-03-23,P002679,242.68,4657.46
D012,2026-04-05,P002679,457.74,4622.17
D012,2026-05-09,P002679,89.75,1995.24
D012,2025-11-18,P002680,266.64,6391.66
D012,2025-12-06,P002680,357.39,6360.63
D012,2026-01-10,P002680,252.89,3884.61
D012,2026-03-12,P002680,417.53,4532.82
D012,2026-04-17,P002680,559.36,4788.91
D012,2026-05-15,P002680,343.15,5837.75
D012,2026-06-08,P002680,374.52,4939.13
D012,2025-12-25,P002681,278.78,5047.97
D012,2026-01-12,P002681,491.83,8771.59
D012,2026-02-16,P002681,722.28,15787.76
D012,2026-03-06,P002681,709.0,8265.6
D012,2026-04-27,P002681,584.32,10823.69
D012,2026-05-12,P002681,713.79,11679.18
D012,2026-06-09,P002681,392.88,7264.53
D012,2025-12-22,P002682,109.87,2707.78
D012,2026-01-26,P002682,170.02,2298.99
D012,2026-03-23,P002682,60.47,1404.04
D012,2026-04-11,P002682,339.71,3304.98
D012,2026-05-09,P002682,165.14,3169.74
D012,2026-06-05,P002682,275.56,2767.36
D012,2026-01-17,P002683,399.86,7109.47
D012,2026-02-03,P002683,491.46,5325.25
D012,2026-03-17,P002683,359.51,8337.05
D012,2026-04-04,P002683,406.12,5149.68
D012,2026-06-05,P002683,331.47,4631.43
D012,2025-11-02,P002684,306.23,2850.52
D012,2025-12-23,P002684,306.03,4053.44
D012,2026-01-20,P002684,375.87,4064.95
D012,2026-02-14,P002684,112.56,910.47
D012,2026-04-13,P002684,107.79,2452.47
D012,2026-05-02,P002684,290.72,3696.99
D012,2026-06-10,P002684,165.79,3316.24
D012,2025-11-19,P002685,479.1,7119.07
D012,2025-12-01,P002685,115.74,1081.99
D012,2026-02-11,P002685,389.99,5112.2
D012,2026-03-09,P002685,247.63,4178.45
D012,2026-04-04,P002685,251.67,5242.03
D012,2026-06-20,P002685,390.77,5678.72
D012,2025-11-10,P002686,1086.11,10486.26
D012,2025-12-05,P002686,394.59,9529.5
D012,2026-01-18,P002686,1333.24,12745.45
D012,2026-02-04,P002686,465.82,10728.27
D012,2026-03-26,P002686,401.74,8888.05
D012,2026-04-21,P002686,512.78,4613.85
D012,2026-05-17,P002686,539.66,12905.16
D012,2026-06-14,P002686,823.04,11753.62
D012,2025-11-14,P002687,1291.49,21728.45
D012,2025-12-27,P002687,1357.92,29450.98
D012,2026-02-24,P002687,1518.19,34623.13
D012,2026-03-27,P002687,4091.5,35679.16
D012,2026-04-12,P002687,2891.61,50591.75
D012,2026-06-21,P002687,1710.17,37990.31
D012,2025-11-18,P002688,353.0,5061.44
D012,2025-12-26,P002688,454.57,4621.32
D012,2026-01-23,P002688,113.11,2610.29
D012,2026-02-20,P002688,149.51,3442.62
D012,2026-03-06,P002688,256.58,3680.12
D012,2026-04-19,P002688,173.39,3945.33
D012,2026-05-11,P002688,199.93,3628.53
D012,2026-06-07,P002688,211.49,2516.64
D012,2025-11-21,P002689,2657.5,34204.3
D012,2025-12-04,P002689,2060.5,29158.52
D012,2026-01-01,P002689,505.33,8611.5
D012,2026-02-09,P002689,1062.18,21081.54
D012,2026-03-25,P002689,1652.97,28753.05
D012,2026-04-19,P002689,1247.63,28580.85
D012,2026-06-04,P002689,848.96,13917.67
D012,2025-11-17,P002690,910.03,10377.74
D012,2025-12-21,P002690,878.73,21160.83
D012,2026-01-17,P002690,1262.42,19398.4
D012,2026-02-25,P002690,1029.74,25462.99
D012,2026-04-10,P002690,1638.36,26007.24
D012,2026-05-08,P002690,1659.0,29854.48
D012,2026-06-26,P002690,1820.21,29017.67
D012,2025-11-12,P002691,5676.49,71271.85
D012,2025-12-07,P002691,2832.26,44226.16
D012,2026-01-02,P002691,4239.76,61148.6
D012,2026-02-22,P002691,3870.98,53443.22
D012,2026-03-16,P002691,1548.52,37793.64
D012,2026-04-23,P002691,2267.62,54729.33
D012,2026-05-10,P002691,2379.78,43652.67
D012,2026-06-03,P002691,3007.57,64469.31
D012,2025-11-03,P002692,867.67,20117.56
D012,2025-12-21,P002692,1507.4,25425.28
D012,2026-01-17,P002692,779.22,17235.69
D012,2026-02-25,P002692,431.83,9654.6
D012,2026-04-02,P002692,355.06,5518.39
D012,2026-05-24,P002692,1448.2,26753.25
D012,2026-06-08,P002692,1483.42,26673.91
D012,2025-11-20,P002693,452.59,10594.84
D012,2026-02-17,P002693,507.93,9721.58
D012,2026-03-17,P002693,512.34,7072.09
D012,2026-04-27,P002693,837.97,13193.23
D012,2026-05-27,P002693,845.26,7011.87
D012,2026-06-18,P002693,434.21,10217.94
D012,2025-11-24,P002694,3848.15,32175.84
D012,2026-01-26,P002694,3047.59,54351.09
D012,2026-02-11,P002694,1783.17,32644.4
D012,2026-03-22,P002694,4658.93,59109.24
D012,2026-04-18,P002694,3496.41,58229.17
D012,2026-05-05,P002694,2607.11,59487.45
D012,2026-06-04,P002694,2031.44,43497.54
D012,2025-11-02,P002695,630.69,6067.74
D012,2025-12-17,P002695,363.54,5786.98
D012,2026-02-01,P002695,373.03,7034.11
D012,2026-03-24,P002695,199.36,3173.74
D012,2026-04-11,P002695,577.27,6846.84
D012,2026-05-23,P002695,402.42,3358.92
D012,2026-06-04,P002695,227.27,4965.65
D012,2025-12-27,P002696,293.24,6628.22
D012,2026-01-04,P002696,175.93,3169.73
D012,2026-02-06,P002696,152.59,2740.49
D012,2026-03-16,P002696,241.91,3802.36
D012,2026-04-19,P002696,563.35,5292.31
D012,2026-06-26,P002696,397.94,4965.2
D012,2025-11-09,P002697,380.34,8806.97
D012,2025-12-15,P002697,485.53,5894.58
D012,2026-01-22,P002697,580.32,8855.67
D012,2026-02-16,P002697,568.28,9834.68
D012,2026-04-14,P002697,474.83,10353.99
D012,2026-05-26,P002697,525.71,9110.19
D012,2025-11-04,P002698,3983.35,43248.3
D012,2026-01-20,P002698,1184.57,25777.52
D012,2026-02-26,P002698,2123.68,25030.88
D012,2026-03-16,P002698,1755.95,33215.78
D012,2026-05-24,P002698,4162.33,33551.83
D012,2026-06-23,P002698,2281.31,49442.47
D012,2025-11-26,P002699,136.85,2102.75
D012,2025-12-19,P002699,143.18,2225.24
D012,2026-01-18,P002699,128.78,2473.44
D012,2026-02-16,P002699,98.41,1552.33
D012,2026-03-15,P002699,136.95,3012.83
D012,2026-05-13,P002699,109.21,1538.89
D012,2025-11-17,P002700,858.2,11257.1
D012,2025-12-25,P002700,773.91,9936.43
D012,2026-01-17,P002700,348.86,8052.98
D012,2026-02-08,P002700,421.18,7074.79
D012,2026-03-08,P002700,431.63,9816.32
D012,2026-04-03,P002700,1078.2,12129.45
D012,2026-05-14,P002700,1309.51,11240.84
D012,2026-06-25,P002700,684.48,9512.69
D012,2025-11-22,P002701,713.08,15349.83
D012,2025-12-05,P002701,3259.31,31025.17
D012,2026-01-07,P002701,1315.74,29693.77
D012,2026-02-03,P002701,1597.94,16548.4
D012,2026-03-16,P002701,1383.88,31502.47
D012,2026-04-04,P002701,528.65,7383.5
D012,2026-05-07,P002701,1145.01,19806.0
D012,2026-06-04,P002701,1210.73,19507.98
D012,2025-11-19,P002702,1733.71,41636.08
D012,2025-12-27,P002702,683.51,16902.93
D012,2026-01-05,P002702,4304.6,37429.29
D012,2026-02-01,P002702,1461.35,33843.92
D012,2026-03-01,P002702,1703.72,41050.04
D012,2026-04-15,P002702,2083.63,25708.95
D012,2026-05-09,P002702,1532.58,29487.43
D012,2026-06-09,P002702,1376.61,32156.65
D012,2025-11-16,P002703,1267.19,15793.3
D012,2025-12-20,P002703,1594.84,23876.1
D012,2026-01-25,P002703,1918.27,45131.25
D012,2026-02-03,P002703,641.73,7923.81
D012,2026-03-22,P002703,2016.41,31821.69
D012,2026-04-27,P002703,2158.99,44736.98
D012,2026-05-01,P002703,1764.34,42095.34
D012,2025-11-27,P002704,335.71,4984.32
D012,2025-12-24,P002704,255.92,3232.47
D012,2026-01-18,P002704,294.89,4759.35
D012,2026-02-06,P002704,153.57,3777.46
D012,2026-03-22,P002704,336.71,5649.19
D012,2026-04-09,P002704,216.34,2753.85
D012,2026-05-13,P002704,264.97,2602.14
D012,2026-06-06,P002704,554.89,6126.71
D012,2025-11-25,P002705,570.99,9332.69
D012,2025-12-21,P002705,554.28,12179.2
D012,2026-01-04,P002705,277.14,4615.53
D012,2026-02-02,P002705,472.88,4907.78
D012,2026-05-12,P002705,1134.26,10543.43
D012,2026-06-03,P002705,528.14,9014.3
D012,2025-12-27,P002706,367.07,3937.09
D012,2026-01-15,P002706,432.78,8381.49
D012,2026-02-07,P002706,189.92,3415.69
D012,2026-03-27,P002706,244.74,4487.86
D012,2025-11-14,P002707,292.78,6568.17
D012,2025-12-20,P002707,629.48,8109.19
D012,2026-01-14,P002707,207.39,4697.51
D012,2026-03-04,P002707,347.84,7290.4
D012,2026-04-24,P002707,636.85,7635.8
D012,2026-05-07,P002707,182.54,4259.58
D012,2026-06-19,P002707,359.61,5816.69
D012,2025-11-11,P002708,697.11,15717.93
D012,2025-12-09,P002708,683.79,15277.26
D012,2026-01-05,P002708,1341.12,10739.31
D012,2026-02-16,P002708,662.6,8918.09
D012,2026-03-06,P002708,2479.42,24039.86
D012,2026-04-18,P002708,1864.88,18299.75
D012,2026-05-25,P002708,2279.06,22033.51
D012,2026-06-24,P002708,1562.61,17478.45
D012,2025-12-26,P002709,1064.75,18437.73
D012,2026-02-21,P002709,839.03,19920.2
D012,2026-03-26,P002709,957.53,20550.49
D012,2026-04-03,P002709,873.07,21454.49
D012,2026-05-19,P002709,1327.18,24619.88
D012,2026-06-24,P002709,1605.35,17370.35
D012,2025-11-17,P002710,651.31,13228.11
D012,2025-12-25,P002710,2525.01,42681.77
D012,2026-01-24,P002710,2311.23,34528.26
D012,2026-02-13,P002710,3215.51,38675.94
D012,2026-03-03,P002710,2236.64,41515.48
D012,2026-04-12,P002710,3429.39,41879.14
D012,2026-05-09,P002710,1823.64,42440.7
D012,2026-06-20,P002710,1956.58,25934.05
D012,2025-11-05,P002711,131.54,1117.28
D012,2025-12-10,P002711,236.33,2238.59
D012,2026-01-16,P002711,56.45,1373.81
D012,2026-02-04,P002711,93.61,2099.03
D012,2026-03-18,P002711,92.22,1909.74
D012,2026-05-11,P002711,154.1,1726.59
D012,2025-11-16,P002712,672.96,5930.79
D012,2026-01-03,P002712,520.93,7662.16
D012,2026-02-13,P002712,282.82,3291.95
D012,2026-05-03,P002712,414.1,6984.26
D012,2026-06-23,P002712,649.21,5424.7
D012,2025-11-20,P002713,1812.01,28305.36
D012,2025-12-12,P002713,2780.35,52815.13
D012,2026-01-06,P002713,1394.55,29943.97
D012,2026-02-07,P002713,1734.54,35713.43
D012,2026-03-15,P002713,3636.33,35491.39
D012,2026-04-12,P002713,3235.63,41343.63
D012,2026-05-16,P002713,1099.86,26933.79
D012,2026-06-09,P002713,2353.32,29477.61
D012,2025-11-01,P002714,129.87,2424.16
D012,2026-01-07,P002714,135.94,2953.15
D012,2026-02-20,P002714,172.97,3127.13
D012,2026-03-06,P002714,144.93,3533.21
D012,2026-04-06,P002714,148.63,3705.13
D012,2026-05-10,P002714,173.16,3320.35
D012,2026-06-21,P002714,132.14,2171.88
D012,2025-11-13,P002715,348.14,3067.63
D012,2025-12-20,P002715,197.46,4529.37
D012,2026-01-10,P002715,242.32,3766.99
D012,2026-02-20,P002715,78.27,1561.17
D012,2026-04-23,P002715,99.49,2177.76
D012,2026-05-12,P002715,152.51,3670.14
D012,2025-11-19,P002716,5577.94,62650.55
D012,2025-12-13,P002716,6328.6,67598.33
D012,2026-01-25,P002716,4752.6,107435.0
D012,2026-02-25,P002716,3036.4,73524.47
D012,2026-03-08,P002716,4414.03,95204.32
D012,2026-04-20,P002716,2602.77,56297.06
D012,2026-05-11,P002716,13468.52,109957.03
D012,2026-06-10,P002716,6447.19,106166.9
D012,2025-11-18,P002717,1766.24,19582.01
D012,2026-01-23,P002717,931.72,17257.23
D012,2026-02-14,P002717,792.46,12209.55
D012,2026-03-19,P002717,1019.92,15939.03
D012,2026-04-16,P002717,660.07,6758.17
D012,2026-05-07,P002717,278.38,5506.37
D012,2026-06-18,P002717,1116.06,16679.28
D012,2025-11-19,P002718,84.66,1891.31
D012,2025-12-11,P002718,222.87,4741.71
D012,2026-01-05,P002718,218.81,4620.16
D012,2026-02-13,P002718,415.62,5275.46
D012,2026-03-06,P002718,326.22,5029.7
D012,2026-04-21,P002718,224.49,5385.17
D012,2026-05-19,P002718,346.89,4648.64
D012,2026-06-26,P002718,121.21,2767.79
D012,2025-11-12,P002719,882.03,12978.03
D012,2025-12-05,P002719,1240.42,12208.87
D012,2026-01-02,P002719,783.38,13931.02
D012,2026-02-09,P002719,685.06,11394.71
D012,2026-04-20,P002719,157.52,3307.49
D012,2026-05-18,P002719,484.72,9093.38
D012,2026-06-25,P002719,356.44,7952.33
D012,2026-01-13,P002720,57.01,1337.73
D012,2026-03-11,P002720,119.17,1892.92
D012,2026-05-13,P002720,110.14,2241.55
D012,2026-06-21,P002720,82.03,1475.89
D012,2025-11-23,P002721,15752.87,144525.44
D012,2025-12-19,P002721,2871.81,64499.76
D012,2026-01-18,P002721,3192.27,71585.04
D012,2026-02-02,P002721,11851.2,103740.47
D012,2026-03-22,P002721,4948.54,120184.53
D012,2026-04-24,P002721,7297.6,76673.88
D012,2026-06-13,P002721,4187.05,103567.31
D012,2025-11-03,P002722,1938.5,21247.78
D012,2026-01-10,P002722,1150.96,15027.38
D012,2026-02-08,P002722,827.1,15472.32
D012,2026-03-03,P002722,840.35,13816.16
D012,2026-04-18,P002722,576.36,14027.48
D012,2026-05-26,P002722,1146.22,17840.73
D012,2026-06-20,P002722,626.5,12761.59
D012,2025-11-12,P002723,407.27,10063.91
D012,2026-01-05,P002723,864.07,8979.34
D012,2026-02-25,P002723,687.84,11461.31
D012,2026-03-26,P002723,1355.34,11063.48
D012,2026-04-11,P002723,700.89,8161.96
D012,2026-05-06,P002723,1152.13,10823.7
D012,2026-06-01,P002723,762.79,9059.14
D012,2025-11-15,P002724,3693.85,70611.81
D012,2025-12-05,P002724,881.65,19012.51
D012,2026-02-05,P002724,4204.33,68567.68
D012,2026-03-19,P002724,7753.93,95253.18
D012,2026-04-03,P002724,5652.87,72804.02
D012,2026-05-02,P002724,2516.76,28298.92
D012,2026-06-13,P002724,3617.0,29019.01
D012,2025-11-13,P002725,1310.13,23265.6
D012,2025-12-27,P002725,1041.96,15350.63
D012,2026-01-11,P002725,1354.56,33451.07
D012,2026-02-18,P002725,1536.77,33575.03
D012,2026-04-27,P002725,1044.98,25618.32
D012,2026-05-20,P002725,1598.92,33414.18
D013,2025-11-01,P002726,78.78,1876.65
D013,2025-12-26,P002726,127.99,2241.66
D013,2026-01-03,P002726,49.6,962.18
D013,2026-03-19,P002726,78.52,1888.95
D013,2026-04-20,P002726,67.08,1215.27
D013,2026-05-17,P002726,181.07,2008.82
D013,2026-06-13,P002726,64.15,1582.08
D013,2025-11-23,P002727,276.0,5322.55
D013,2025-12-18,P002727,237.43,4494.48
D013,2026-01-17,P002727,563.49,9187.23
D013,2026-02-18,P002727,609.2,5200.18
D013,2026-03-14,P002727,212.15,3005.21
D013,2026-04-25,P002727,172.92,4254.04
D013,2026-05-14,P002727,238.06,5862.23
D013,2026-06-01,P002727,175.4,2656.55
D013,2025-11-06,P002728,372.56,5833.41
D013,2025-12-09,P002728,260.41,3324.31
D013,2026-02-06,P002728,242.52,5231.95
D013,2026-03-03,P002728,170.59,3109.71
D013,2026-04-24,P002728,223.4,5040.14
D013,2026-05-10,P002728,956.16,8355.94
D013,2026-06-06,P002728,279.63,5411.45
D013,2025-11-25,P002729,653.9,15875.96
D013,2025-12-04,P002729,1872.33,19446.05
D013,2026-02-07,P002729,552.94,12172.26
D013,2026-03-27,P002729,1181.44,15315.3
D013,2026-04-17,P002729,901.87,12097.86
D013,2026-05-17,P002729,1629.61,20232.08
D013,2025-12-09,P002730,624.99,15344.86
D013,2026-01-01,P002730,2176.58,20759.41
D013,2026-02-18,P002730,1086.79,13169.47
D013,2026-03-26,P002730,1122.47,19425.68
D013,2026-04-14,P002730,976.72,15966.65
D013,2026-05-25,P002730,1181.31,28508.59
D013,2026-01-03,P002731,368.04,6286.76
D013,2026-02-20,P002731,188.49,1582.77
D013,2026-03-09,P002731,276.88,4864.85
D013,2026-04-02,P002731,286.0,4357.44
D013,2026-06-14,P002731,309.4,4211.75
D013,2025-11-16,P002732,498.57,8828.38
D013,2025-12-16,P002732,386.08,8305.34
D013,2026-01-21,P002732,722.14,10717.19
D013,2026-02-02,P002732,542.77,9176.57
D013,2026-03-10,P002732,487.76,8364.27
D013,2026-04-06,P002732,206.85,4694.61
D013,2026-05-16,P002732,293.5,7190.73
D013,2026-06-01,P002732,300.18,4614.28
D013,2025-11-04,P002733,202.25,2534.19
D013,2025-12-03,P002733,243.48,2143.41
D013,2026-01-19,P002733,75.64,1554.08
D013,2026-03-19,P002733,122.56,1415.21
D013,2026-04-02,P002733,107.09,1420.23
D013,2026-05-03,P002733,93.9,2093.18
D013,2026-06-10,P002733,80.79,2007.8
D013,2025-11-10,P002734,1824.72,23924.42
D013,2025-12-06,P002734,1747.83,26386.4
D013,2026-02-08,P002734,4889.69,43394.99
D013,2026-03-26,P002734,1262.61,28515.8
D013,2026-04-27,P002734,1517.32,29747.07
D013,2026-05-09,P002734,1376.51,20294.62
D013,2026-06-15,P002734,3394.8,30600.58
D013,2025-11-09,P002735,2684.22,38110.52
D013,2025-12-27,P002735,1545.65,35780.93
D013,2026-01-10,P002735,4161.43,42104.8
D013,2026-02-13,P002735,1275.97,30782.55
D013,2026-03-10,P002735,688.23,17088.65
D013,2026-04-12,P002735,1606.44,37396.39
D013,2026-05-24,P002735,2422.67,35027.43
D013,2026-06-18,P002735,1085.56,26718.59
D013,2025-11-08,P002736,1214.17,26160.59
D013,2025-12-09,P002736,1615.51,21099.3
D013,2026-01-06,P002736,760.25,15292.04
D013,2026-02-11,P002736,1352.49,19613.24
D013,2026-04-27,P002736,781.37,19310.24
D013,2026-05-08,P002736,2508.93,24939.42
D013,2026-06-08,P002736,1655.09,35108.98
D013,2025-11-05,P002737,390.43,3577.3
D013,2025-12-24,P002737,153.03,2764.85
D013,2026-01-07,P002737,208.36,2583.16
D013,2026-02-05,P002737,80.35,1315.26
D013,2026-03-25,P002737,153.61,2946.83
D013,2026-04-20,P002737,176.91,2245.43
D013,2026-05-15,P002737,88.24,1833.47
D013,2026-06-21,P002737,177.09,2289.47
D013,2025-11-20,P002738,661.2,8080.53
D013,2025-12-03,P002738,577.31,7748.24
D013,2026-01-01,P002738,484.69,9282.29
D013,2026-02-09,P002738,858.96,9771.12
D013,2026-04-15,P002738,624.07,8070.73
D013,2026-05-01,P002738,467.7,10533.28
D013,2026-06-18,P002738,527.73,7942.07
D013,2025-11-08,P002739,4512.2,78524.13
D013,2025-12-11,P002739,1280.52,17688.02
D013,2026-01-22,P002739,4250.54,90706.58
D013,2026-03-19,P002739,8551.46,68793.02
D013,2026-04-14,P002739,3722.81,87739.57
D013,2026-05-14,P002739,4418.87,51500.84
D013,2025-11-09,P002740,1143.59,15713.48
D013,2026-01-02,P002740,980.5,23968.21
D013,2026-03-12,P002740,829.58,19991.07
D013,2026-05-19,P002740,1464.47,22277.14
D013,2026-06-05,P002740,1892.02,18151.08
D013,2025-11-16,P002741,1414.05,28773.64
D013,2025-12-14,P002741,3019.54,34303.96
D013,2026-01-16,P002741,790.32,16866.17
D013,2026-04-10,P002741,2504.67,40703.27
D013,2026-06-23,P002741,3651.73,37853.48
D013,2025-11-14,P002742,256.23,2186.23
D013,2025-12-19,P002742,105.44,1070.42
D013,2026-01-05,P002742,189.86,1539.7
D013,2026-03-07,P002742,108.65,1633.98
D013,2026-04-26,P002742,241.23,2051.68
D013,2026-05-11,P002742,95.41,1678.09
D013,2026-06-23,P002742,116.38,1368.08
D013,2025-11-20,P002743,2748.6,32932.97
D013,2025-12-04,P002743,1474.13,34555.98
D013,2026-01-19,P002743,1827.84,31015.74
D013,2026-02-24,P002743,2591.33,32463.22
D013,2026-03-24,P002743,2886.92,26957.78
D013,2026-04-18,P002743,602.96,14702.45
D013,2025-11-22,P002744,3710.76,38133.11
D013,2025-12-13,P002744,4889.49,45405.33
D013,2026-04-27,P002744,2057.6,26704.29
D013,2026-05-06,P002744,728.77,16680.42
D013,2025-11-20,P002745,230.28,4630.98
D013,2025-12-01,P002745,239.2,5395.07
D013,2026-02-20,P002745,359.5,6598.43
D013,2026-03-13,P002745,42.87,1068.68
D013,2026-04-17,P002745,412.24,5012.15
D013,2026-05-06,P002745,206.19,4263.68
D013,2026-06-19,P002745,144.09,2822.76
D013,2025-11-14,P002746,1919.05,33307.13
D013,2025-12-24,P002746,3922.87,53457.44
D013,2026-01-02,P002746,1442.28,32594.46
D013,2026-02-15,P002746,1822.53,34393.95
D013,2026-05-27,P002746,2230.81,46102.48
D013,2026-06-15,P002746,3472.46,37527.03
D013,2025-11-11,P002747,1478.6,16088.82
D013,2025-12-27,P002747,1824.62,27709.89
D013,2026-02-11,P002747,810.57,17991.69
D013,2026-03-12,P002747,229.09,3669.35
D013,2026-04-04,P002747,1619.87,14798.65
D013,2026-05-14,P002747,1195.7,25143.56
D013,2026-06-25,P002747,2676.65,23532.73
D013,2025-11-19,P002748,4003.69,43446.62
D013,2025-12-21,P002748,2669.56,29128.08
D013,2026-01-03,P002748,2140.99,32508.94
D013,2026-02-03,P002748,5072.88,44838.94
D013,2026-03-15,P002748,2194.91,32928.15
D013,2026-04-27,P002748,1885.22,40522.92
D013,2026-05-06,P002748,2415.15,25529.72
D013,2025-11-08,P002749,3058.67,51939.24
D013,2025-12-24,P002749,3369.13,79694.19
D013,2026-01-02,P002749,4609.05,88491.07
D013,2026-02-09,P002749,7465.34,69620.04
D013,2026-04-12,P002749,1227.67,30223.23
D013,2026-05-23,P002749,1450.97,26005.16
D013,2025-11-01,P002750,2483.22,57054.36
D013,2025-12-05,P002750,2914.94,47788.25
D013,2026-01-27,P002750,3190.11,61208.09
D013,2026-02-16,P002750,2830.78,32067.04
D013,2026-04-10,P002750,4212.16,41100.08
D013,2026-06-10,P002750,1748.18,25836.53
D013,2025-12-10,P002751,199.21,2246.37
D013,2026-01-18,P002751,61.39,1182.99
D013,2026-02-14,P002751,126.44,2459.13
D013,2026-03-11,P002751,130.04,2794.39
D013,2026-04-04,P002751,139.19,1687.61
D013,2026-05-08,P002751,269.6,2790.26
D013,2025-12-21,P002752,224.72,3033.53
D013,2026-03-04,P002752,259.19,3406.95
D013,2026-05-12,P002752,191.32,3628.91
D013,2026-06-02,P002752,167.1,2131.26
D013,2025-11-21,P002753,299.89,5214.81
D013,2025-12-16,P002753,286.6,6151.0
D013,2026-01-12,P002753,456.81,4488.03
D013,2026-02-27,P002753,187.0,2764.86
D013,2026-03-01,P002753,507.32,5469.44
D013,2026-04-15,P002753,442.63,4300.71
D013,2026-05-09,P002753,312.02,5281.13
D013,2026-06-08,P002753,237.01,2363.72
D013,2025-11-02,P002754,94.88,1752.16
D013,2025-12-18,P002754,142.49,2008.15
D013,2026-01-13,P002754,257.21,3472.33
D013,2026-04-27,P002754,81.36,1807.82
D013,2026-05-17,P002754,135.83,2478.76
D013,2026-06-09,P002754,199.58,3401.24
D013,2025-11-07,P002755,1129.9,9282.94
D013,2025-12-22,P002755,383.0,7794.01
D013,2026-01-15,P002755,455.83,6129.14
D013,2026-02-18,P002755,323.73,7661.14
D013,2026-03-11,P002755,674.89,7472.46
D013,2026-04-23,P002755,561.46,9531.47
D013,2026-05-08,P002755,510.07,6491.91
D013,2026-06-04,P002755,259.0,5868.96
D013,2025-11-04,P002756,1973.49,32699.1
D013,2025-12-13,P002756,1385.89,26661.89
D013,2026-01-05,P002756,2392.98,36232.22
D013,2026-02-26,P002756,4513.16,38430.66
D013,2026-03-02,P002756,2090.58,38120.48
D013,2026-04-04,P002756,1483.54,29339.15
D013,2026-06-15,P002756,2824.04,28668.51
D013,2025-11-20,P002757,380.85,6756.95
D013,2025-12-18,P002757,569.15,5211.91
D013,2026-01-02,P002757,319.61,6309.78
D013,2026-02-12,P002757,450.53,10078.77
D013,2026-04-08,P002757,542.17,12353.4
D013,2026-05-03,P002757,934.78,10903.61
D013,2026-06-01,P002757,614.63,12177.91
D013,2025-11-17,P002758,2753.35,56936.45
D013,2025-12-07,P002758,4623.18,44644.47
D013,2026-01-22,P002758,5827.49,60102.98
D013,2026-02-19,P002758,3951.7,83792.57
D013,2026-04-19,P002758,2480.0,53253.78
D013,2026-05-10,P002758,4439.54,57989.55
D013,2026-06-18,P002758,1672.19,40409.06
D013,2025-11-11,P002759,320.53,6284.91
D013,2025-12-21,P002759,566.54,11359.48
D013,2026-01-04,P002759,672.25,14442.89
D013,2026-02-16,P002759,738.36,9115.85
D013,2026-03-13,P002759,372.29,7387.61
D013,2026-04-14,P002759,529.98,7612.34
D013,2026-05-14,P002759,503.84,11755.49
D013,2026-06-20,P002759,817.84,9262.27
D013,2025-11-01,P002760,329.93,7964.75
D013,2025-12-14,P002760,1611.28,15057.44
D013,2026-01-04,P002760,411.14,7985.24
D013,2026-02-05,P002760,509.93,8467.06
D013,2026-03-09,P002760,735.81,11121.58
D013,2026-04-18,P002760,667.95,10938.2
D013,2026-06-17,P002760,1775.93,16883.0
D013,2025-11-05,P002761,377.81,4613.34
D013,2025-12-24,P002761,541.1,5857.47
D013,2026-01-26,P002761,464.9,7066.57
D013,2026-02-21,P002761,457.83,5850.07
D013,2026-03-12,P002761,186.71,4306.87
D013,2026-04-25,P002761,266.62,3505.12
D013,2026-05-09,P002761,206.21,4342.36
D013,2026-06-23,P002761,492.12,4120.91
D013,2025-11-18,P002762,2948.62,44989.64
D013,2025-12-23,P002762,4979.37,90076.43
D013,2026-02-09,P002762,774.54,18360.42
D013,2026-03-08,P002762,1868.73,36468.14
D013,2026-04-12,P002762,4109.84,43613.59
D013,2026-05-08,P002762,2458.87,60407.83
D013,2026-06-19,P002762,1523.32,37666.36
D013,2025-12-26,P002763,868.27,7046.04
D013,2026-02-19,P002763,527.32,6073.99
D013,2026-03-04,P002763,365.8,4299.44
D013,2026-04-01,P002763,508.39,5702.19
D013,2026-05-10,P002763,522.69,7327.67
D013,2026-06-07,P002763,262.42,5002.51
D013,2025-11-20,P002764,1335.34,22593.65
D013,2025-12-02,P002764,1963.47,25684.09
D013,2026-01-17,P002764,1743.94,23493.99
D013,2026-02-19,P002764,1760.17,17075.04
D013,2026-03-21,P002764,1923.79,32500.64
D013,2026-06-27,P002764,822.67,15462.15
D013,2025-11-11,P002765,1266.84,19605.47
D013,2025-12-23,P002765,2839.67,25245.8
D013,2026-01-10,P002765,1125.64,24140.38
D013,2026-02-22,P002765,1705.21,29170.61
D013,2026-03-10,P002765,1228.71,21090.46
D013,2026-05-19,P002765,2338.99,24120.67
D013,2026-06-25,P002765,837.39,19241.69
D013,2025-12-15,P002766,1818.04,37242.5
D013,2026-01-07,P002766,3919.11,32013.02
D013,2026-03-23,P002766,4857.78,55046.88
D013,2026-04-21,P002766,5057.81,52060.45
D013,2026-05-26,P002766,3225.76,50226.31
D013,2026-06-16,P002766,1494.48,34912.56
D013,2025-11-16,P002767,1149.59,25150.91
D013,2026-02-17,P002767,2068.55,48010.51
D013,2026-03-26,P002767,1000.88,24978.46
D013,2026-04-23,P002767,1872.76,36992.75
D013,2026-05-10,P002767,3900.18,33895.83
D013,2025-11-02,P002768,284.8,3401.01
D013,2025-12-15,P002768,137.15,3398.8
D013,2026-01-08,P002768,204.82,4264.51
D013,2026-02-03,P002768,123.41,2441.81
D013,2026-03-06,P002768,148.69,2524.44
D013,2026-04-10,P002768,59.9,1471.46
D013,2026-05-13,P002768,214.99,4629.34
D013,2026-06-13,P002768,234.88,4141.58
D013,2025-11-04,P002769,473.0,6763.38
D013,2026-01-16,P002769,315.83,5198.78
D013,2026-02-24,P002769,882.44,7179.11
D013,2026-03-22,P002769,446.09,7714.18
D013,2026-04-05,P002769,109.91,1737.73
D013,2026-05-01,P002769,359.55,5033.85
D013,2026-06-06,P002769,308.89,5715.69
D013,2025-11-14,P002770,343.45,5702.64
D013,2025-12-05,P002770,412.89,7201.37
D013,2026-01-16,P002770,355.9,4315.81
D013,2026-02-18,P002770,268.27,6077.43
D013,2026-03-22,P002770,189.44,3224.94
D013,2026-06-24,P002770,235.29,3904.09
D013,2025-11-12,P002771,311.27,5655.47
D013,2026-01-11,P002771,427.17,4560.87
D013,2026-03-19,P002771,219.98,3873.58
D013,2026-04-22,P002771,299.23,6186.46
D013,2026-05-22,P002771,238.48,3307.51
D013,2026-06-24,P002771,175.6,4368.12
D013,2025-11-25,P002772,565.0,9892.33
D013,2025-12-18,P002772,644.74,11229.43
D013,2026-01-19,P002772,835.56,20070.92
D013,2026-02-01,P002772,1188.98,14835.21
D013,2026-03-26,P002772,751.88,13328.74
D013,2026-04-25,P002772,940.12,15419.26
D013,2026-05-14,P002772,530.49,12757.81
D013,2026-06-20,P002772,1497.17,12603.12
D013,2025-11-18,P002773,1007.17,24382.4
D013,2025-12-26,P002773,1609.15,22367.85
D013,2026-03-01,P002773,1688.51,33825.4
D013,2026-05-12,P002773,1910.87,39127.11
D013,2026-06-11,P002773,1207.5,29195.44
D013,2025-11-02,P002774,766.79,15366.46
D013,2026-01-06,P002774,581.62,6815.16
D013,2026-02-27,P002774,1020.56,10951.01
D013,2026-04-09,P002774,178.44,4028.73
D013,2026-05-11,P002774,584.07,12320.63
D013,2026-06-06,P002774,562.89,7528.03
D013,2025-12-07,P002775,1577.39,34796.5
D013,2026-01-06,P002775,1246.87,14348.54
D013,2026-02-25,P002775,1565.48,27433.2
D013,2026-03-10,P002775,2376.25,40230.41
D013,2026-04-22,P002775,1751.84,31082.58
D013,2026-05-09,P002775,1310.89,32518.73
D013,2026-06-11,P002775,2146.08,47950.49
D013,2025-12-19,P002776,300.48,3731.05
D013,2026-01-15,P002776,330.68,3252.1
D013,2026-02-15,P002776,296.49,4307.62
D013,2026-03-07,P002776,378.56,4093.69
D013,2026-04-12,P002776,241.8,3679.27
D013,2026-05-18,P002776,204.97,3567.11
D013,2026-06-13,P002776,112.6,2718.62
D013,2025-11-12,P002777,394.08,5020.0
D013,2025-12-03,P002777,244.42,4567.73
D013,2026-02-25,P002777,640.82,10527.49
D013,2026-03-09,P002777,637.43,14751.77
D013,2026-04-17,P002777,424.45,10136.41
D013,2026-05-20,P002777,840.16,8554.47
D013,2026-06-09,P002777,723.88,7170.24
D013,2025-11-23,P002778,1666.39,34808.69
D013,2026-01-19,P002778,1521.31,35294.9
D013,2026-02-13,P002778,1520.58,22853.65
D013,2026-03-26,P002778,1040.07,25921.77
D013,2026-04-23,P002778,3157.65,38922.01
D013,2026-05-05,P002778,2123.44,27408.82
D013,2026-06-27,P002778,2296.85,35490.5
D013,2025-11-18,P002779,102.62,1277.03
D013,2025-12-06,P002779,123.77,1707.89
D013,2026-01-19,P002779,97.59,1979.06
D013,2026-02-22,P002779,130.07,1193.85
D013,2026-04-23,P002779,70.54,1456.49
D013,2026-05-22,P002779,68.44,1063.39
D013,2026-06-21,P002779,52.31,1047.3
D013,2025-11-24,P002780,434.75,5544.23
D013,2025-12-07,P002780,255.69,2234.52
D013,2026-01-16,P002780,442.99,5909.38
D013,2026-02-17,P002780,229.11,3354.68
D013,2026-03-18,P002780,313.02,2541.5
D013,2026-05-01,P002780,442.98,3575.69
D013,2026-06-23,P002780,253.04,6051.27
D013,2025-11-26,P002781,355.71,7360.35
D013,2025-12-04,P002781,228.08,5117.97
D013,2026-01-22,P002781,340.8,4320.18
D013,2026-02-21,P002781,540.36,8881.1
D013,2026-03-13,P002781,534.94,8052.25
D013,2026-04-09,P002781,119.01,2320.96
D013,2025-11-22,P002782,453.49,5755.49
D013,2025-12-17,P002782,1215.46,10686.74
D013,2026-01-09,P002782,776.98,9684.29
D013,2026-03-22,P002782,710.06,9635.03
D013,2026-05-13,P002782,825.25,13304.47
D013,2026-06-13,P002782,559.4,13483.74
D013,2025-12-03,P002783,441.33,10618.05
D013,2026-01-04,P002783,627.94,11069.77
D013,2026-03-19,P002783,522.37,9742.0
D013,2026-04-17,P002783,452.88,3797.14
D013,2026-05-16,P002783,606.08,9877.47
D013,2026-06-18,P002783,705.57,6634.63
D013,2025-11-22,P002784,3178.07,69064.68
D013,2025-12-18,P002784,3952.21,69153.48
D013,2026-02-17,P002784,1538.25,32829.07
D013,2026-03-02,P002784,3437.79,63967.57
D013,2026-04-23,P002784,3734.21,70165.6
D013,2026-05-16,P002784,4053.35,67699.7
D013,2025-11-24,P002785,636.91,15770.51
D013,2026-01-09,P002785,1341.87,21733.35
D013,2026-02-23,P002785,907.31,22307.02
D013,2026-03-18,P002785,792.09,19772.17
D013,2026-04-25,P002785,1629.45,22349.07
D013,2026-05-04,P002785,1976.51,45056.95
D013,2026-06-03,P002785,3244.45,33812.03
D013,2025-11-13,P002786,359.45,6694.17
D013,2025-12-03,P002786,414.88,3779.84
D013,2026-01-18,P002786,903.81,9213.29
D013,2026-02-04,P002786,459.62,5171.5
D013,2026-03-23,P002786,372.01,8061.38
D013,2026-04-14,P002786,395.06,8724.21
D013,2026-05-14,P002786,281.45,6180.92
D013,2026-06-04,P002786,260.96,5794.22
D013,2025-11-03,P002787,383.82,7632.27
D013,2025-12-21,P002787,821.67,8799.19
D013,2026-02-09,P002787,376.3,6684.35
D013,2026-03-24,P002787,831.62,7277.76
D013,2026-04-27,P002787,701.66,10690.83
D013,2026-05-02,P002787,1144.74,11067.0
D013,2026-06-06,P002787,1519.55,16951.24
D013,2025-11-07,P002788,3660.22,76249.12
D013,2025-12-23,P002788,8439.09,84723.13
D013,2026-02-20,P002788,8246.42,76146.81
D013,2026-04-06,P002788,6732.56,83949.55
D013,2026-06-24,P002788,5106.35,123746.68
D013,2025-11-16,P002789,308.33,5333.98
D013,2025-12-26,P002789,286.54,5882.75
D013,2026-01-07,P002789,286.02,5152.48
D013,2026-02-06,P002789,355.03,4169.88
D013,2026-05-20,P002789,838.78,6798.46
D013,2026-06-05,P002789,426.62,7674.16
D013,2025-12-07,P002790,380.62,4302.15
D013,2026-02-26,P002790,241.23,3491.07
D013,2026-03-22,P002790,437.25,5615.08
D013,2026-05-05,P002790,305.96,5096.78
D013,2026-06-02,P002790,762.0,6354.51
D013,2025-11-01,P002791,704.78,7088.46
D013,2025-12-08,P002791,303.78,7563.49
D013,2026-02-21,P002791,842.36,7862.68
D013,2026-03-19,P002791,406.67,9365.68
D013,2026-04-07,P002791,363.43,8499.37
D013,2025-11-20,P002792,69.69,960.74
D013,2025-12-03,P002792,70.2,1571.87
D013,2026-01-04,P002792,50.2,800.57
D013,2026-02-07,P002792,145.02,1200.59
D013,2026-03-13,P002792,44.14,541.61
D013,2026-04-19,P002792,162.66,1436.93
D013,2026-06-25,P002792,87.59,1476.08
D013,2025-11-10,P002793,111.51,2434.1
D013,2025-12-27,P002793,98.16,1229.36
D013,2026-01-23,P002793,64.66,1185.44
D013,2026-02-25,P002793,149.01,2179.56
D013,2026-03-14,P002793,174.38,2209.2
D013,2026-04-04,P002793,178.83,1620.96
D013,2026-06-03,P002793,47.29,978.73
D013,2025-11-20,P002794,384.51,7417.55
D013,2025-12-18,P002794,248.4,4759.01
D013,2026-01-22,P002794,508.39,6605.22
D013,2026-04-15,P002794,165.76,3695.9
D013,2026-05-21,P002794,263.21,6004.85
D013,2025-11-03,P002795,137.79,2450.35
D013,2025-12-21,P002795,205.79,3055.93
D013,2026-01-09,P002795,102.32,2302.27
D013,2026-02-01,P002795,195.53,2813.66
D013,2026-04-10,P002795,285.15,4305.88
D013,2026-06-25,P002795,142.32,3517.31
D013,2025-11-15,P002796,993.87,16187.36
D013,2025-12-03,P002796,1804.57,24123.67
D013,2026-01-08,P002796,778.0,9203.71
D013,2026-02-10,P002796,1400.79,17578.27
D013,2026-03-19,P002796,1586.96,17436.55
D013,2026-04-16,P002796,3213.2,25731.92
D013,2026-05-16,P002796,852.54,17006.5
D013,2026-06-03,P002796,1093.4,20256.89
D013,2025-11-17,P002797,506.14,4153.26
D013,2026-01-16,P002797,254.27,4173.32
D013,2026-02-13,P002797,245.54,3830.29
D013,2026-03-05,P002797,182.24,2179.5
D013,2026-04-25,P002797,219.61,3201.15
D013,2026-05-13,P002797,223.07,3684.88
D013,2026-06-16,P002797,145.35,3289.99
D013,2026-01-23,P002798,621.22,7306.8
D013,2026-03-24,P002798,418.54,7446.28
D013,2026-05-25,P002798,720.67,15128.31
D013,2025-11-10,P002799,364.67,8148.33
D013,2025-12-15,P002799,326.04,7315.29
D013,2026-01-13,P002799,627.16,14166.13
D013,2026-02-15,P002799,544.15,10034.13
D013,2026-03-05,P002799,354.41,8384.37
D013,2026-04-03,P002799,1754.57,17918.4
D013,2026-05-18,P002799,1914.6,17951.05
D013,2025-12-26,P002800,769.63,12129.67
D013,2026-01-17,P002800,1527.1,14350.28
D013,2026-02-27,P002800,1958.83,18265.28
D013,2026-03-04,P002800,694.82,15379.97
D013,2026-04-16,P002800,890.57,14099.97
D013,2026-05-22,P002800,273.02,5777.41
D013,2026-06-04,P002800,682.05,14555.33
D013,2025-11-13,P002801,387.39,3319.31
D013,2026-01-22,P002801,293.64,4373.24
D013,2026-02-11,P002801,141.04,3430.01
D013,2026-03-03,P002801,195.53,3329.4
D013,2026-04-05,P002801,201.07,2719.88
D013,2026-05-26,P002801,298.73,4504.83
D013,2026-06-02,P002801,306.36,4265.2
D013,2025-11-04,P002802,1512.67,33505.51
D013,2026-02-21,P002802,1203.49,27369.51
D013,2026-03-05,P002802,1703.16,40481.06
D013,2026-04-13,P002802,1242.37,10697.03
D013,2026-05-02,P002802,1677.55,17633.64
D013,2026-06-18,P002802,1118.74,25530.03
D013,2025-11-12,P002803,3124.16,56200.27
D013,2025-12-19,P002803,2245.08,29055.46
D013,2026-01-14,P002803,5805.65,50413.15
D013,2026-02-09,P002803,1661.34,34091.23
D013,2026-03-07,P002803,2705.41,29906.16
D013,2026-05-22,P002803,1549.91,25561.64
D013,2026-06-04,P002803,1170.82,24549.79
D013,2025-11-27,P002804,2172.28,35005.91
D013,2025-12-02,P002804,2667.69,30849.69
D013,2026-01-12,P002804,1681.0,29144.1
D013,2026-02-20,P002804,1780.3,30800.02
D013,2026-03-06,P002804,1389.16,26835.26
D013,2026-04-17,P002804,1637.8,31328.81
D013,2026-05-18,P002804,2275.45,31781.0
D013,2026-06-26,P002804,2015.12,25602.91
D013,2025-11-09,P002805,2055.29,33532.74
D013,2025-12-06,P002805,3094.9,38626.74
D013,2026-01-08,P002805,4200.74,46456.03
D013,2026-02-15,P002805,6226.35,50211.23
D013,2026-03-09,P002805,2555.93,43310.04
D013,2026-05-07,P002805,3769.51,62813.21
D013,2026-06-02,P002805,5066.99,55627.47
D013,2025-11-19,P002806,131.93,3106.04
D013,2025-12-08,P002806,133.95,3284.16
D013,2026-01-27,P002806,96.65,2286.16
D013,2026-03-02,P002806,378.41,6273.68
D013,2026-04-20,P002806,342.06,5794.11
D013,2026-05-08,P002806,91.71,2204.06
D013,2026-06-09,P002806,508.41,6579.64
D013,2025-11-19,P002807,2616.56,38978.1
D013,2025-12-22,P002807,3127.98,57950.0
D013,2026-01-22,P002807,3805.16,53258.81
D013,2026-04-09,P002807,2389.78,41552.64
D013,2026-05-12,P002807,1565.0,37850.78
D013,2026-06-10,P002807,1285.88,25767.56
D013,2025-11-02,P002808,1259.26,23408.25
D013,2025-12-07,P002808,1532.87,22790.81
D013,2026-01-24,P002808,3127.78,40552.33
D013,2026-02-08,P002808,1209.11,24449.9
D013,2026-03-10,P002808,2063.38,33715.69
D013,2026-04-26,P002808,1166.25,22832.59
D013,2026-06-12,P002808,3326.83,44223.17
D013,2025-11-11,P002809,183.33,2976.67
D013,2025-12-09,P002809,316.88,2553.64
D013,2026-01-14,P002809,98.0,2376.87
D013,2026-02-16,P002809,137.21,2490.96
D013,2026-03-23,P002809,47.23,1116.87
D013,2026-04-11,P002809,217.84,2094.32
D013,2026-06-18,P002809,148.27,1427.75
D013,2025-11-14,P002810,1273.27,17125.75
D013,2026-01-05,P002810,275.03,5723.8
D013,2026-03-19,P002810,901.64,13285.44
D013,2026-04-15,P002810,918.62,9475.19
D013,2026-05-13,P002810,1168.12,14832.13
D013,2026-06-11,P002810,216.23,5228.68
D013,2025-11-11,P002811,107.52,2665.01
D013,2026-01-03,P002811,100.66,2090.26
D013,2026-02-07,P002811,308.71,3040.03
D013,2026-04-01,P002811,218.43,3435.86
D013,2026-05-01,P002811,123.74,2871.99
D013,2026-06-27,P002811,185.35,2005.24
D013,2025-11-19,P002812,921.64,16283.24
D013,2025-12-02,P002812,842.27,13539.07
D013,2026-01-18,P002812,1185.78,12898.05
D013,2026-02-03,P002812,793.47,15140.75
D013,2026-03-09,P002812,955.01,13610.7
D013,2026-04-03,P002812,1140.05,12467.82
D013,2026-05-10,P002812,1163.18,15758.65
D013,2026-06-05,P002812,427.66,7693.91
D013,2025-11-14,P002813,690.84,6558.66
D013,2025-12-15,P002813,541.09,4530.01
D013,2026-01-24,P002813,124.09,2912.7
D013,2026-02-05,P002813,227.93,3991.14
D013,2026-04-25,P002813,211.93,4106.62
D013,2026-05-06,P002813,278.23,6307.35
D013,2026-06-11,P002813,280.08,5584.09
D013,2025-11-02,P002814,1194.12,10229.56
D013,2025-12-21,P002814,324.19,5889.65
D013,2026-01-01,P002814,544.31,12091.45
D013,2026-02-09,P002814,256.21,5643.52
D013,2026-03-20,P002814,492.03,11037.92
D013,2026-04-12,P002814,487.11,9606.27
D013,2026-05-20,P002814,632.06,8506.24
D013,2026-06-09,P002814,294.7,4020.32
D013,2025-11-18,P002815,360.41,4962.52
D013,2025-12-27,P002815,435.77,5901.37
D013,2026-01-14,P002815,247.3,5759.92
D013,2026-02-19,P002815,314.87,6169.99
D013,2026-03-25,P002815,425.58,5558.56
D013,2026-04-13,P002815,276.6,3868.58
D013,2026-05-26,P002815,203.11,3263.19
D013,2026-06-22,P002815,371.36,6582.34
D013,2025-11-03,P002816,2519.61,29597.32
D013,2025-12-24,P002816,936.22,23134.37
D013,2026-01-23,P002816,4127.33,45413.11
D013,2026-02-18,P002816,1312.55,30292.12
D013,2026-05-14,P002816,1385.4,30326.3
D013,2026-06-20,P002816,2325.03,26140.07
D013,2025-11-10,P002817,227.13,3316.27
D013,2025-12-05,P002817,231.78,4098.17
D013,2026-03-17,P002817,264.65,2564.47
D013,2026-04-01,P002817,159.39,3861.11
D013,2026-06-21,P002817,131.86,2785.4
D013,2025-11-18,P002818,296.33,4013.68
D013,2026-01-07,P002818,213.34,3000.92
D013,2026-02-06,P002818,157.55,3578.39
D013,2026-04-18,P002818,121.37,2591.68
D013,2026-05-08,P002818,252.18,3734.02
D013,2026-06-04,P002818,141.65,3401.19
D013,2025-11-18,P002819,411.94,4690.57
D013,2025-12-03,P002819,204.34,3092.15
D013,2026-01-09,P002819,293.89,3313.02
D013,2026-02-07,P002819,228.7,4228.49
D013,2026-03-19,P002819,170.93,2842.83
D013,2026-04-13,P002819,554.27,5513.19
D013,2026-05-16,P002819,212.74,3460.04
D013,2026-06-08,P002819,207.69,4926.42
D013,2026-01-02,P002820,459.75,6146.16
D013,2026-02-18,P002820,706.58,9189.76
D013,2026-03-05,P002820,239.13,4063.51
D013,2026-04-03,P002820,382.44,7844.95
D013,2026-05-08,P002820,965.46,10862.95
D013,2026-06-16,P002820,777.57,7419.86
D013,2025-11-02,P002821,2246.8,27778.17
D013,2026-02-20,P002821,3303.43,36735.08
D013,2026-03-18,P002821,2559.02,32788.12
D013,2026-04-08,P002821,2273.93,39254.61
D013,2026-05-15,P002821,2310.94,33656.34
D013,2026-06-23,P002821,482.6,8418.55
D013,2025-12-26,P002822,4727.88,70601.02
D013,2026-01-23,P002822,4164.35,73305.49
D013,2026-03-04,P002822,3140.98,58390.25
D013,2026-04-23,P002822,5795.38,85518.95
D013,2026-05-06,P002822,2791.8,36578.07
D013,2026-06-27,P002822,2223.42,42319.34
D013,2025-11-17,P002823,234.15,2639.42
D013,2025-12-15,P002823,388.74,3532.18
D013,2026-01-02,P002823,373.25,7144.87
D013,2026-02-05,P002823,138.6,2338.73
D013,2026-03-15,P002823,408.0,7851.95
D013,2026-04-19,P002823,462.89,5594.29
D013,2026-05-23,P002823,486.59,6074.18
D013,2026-06-10,P002823,321.63,3030.2
D013,2025-11-02,P002824,3165.66,42377.23
D013,2025-12-25,P002824,1367.64,33284.23
D013,2026-01-07,P002824,2409.89,31437.83
D013,2026-02-04,P002824,1958.96,24961.66
D013,2026-03-27,P002824,1419.19,27920.88
D013,2026-04-19,P002824,1233.28,28509.07
D013,2025-12-09,P002825,315.15,4472.75
D013,2026-01-09,P002825,443.76,9034.4
D013,2026-02-15,P002825,211.26,4274.45
D013,2026-03-08,P002825,282.48,6549.41
D013,2026-04-11,P002825,298.91,4913.31
D013,2026-05-02,P002825,188.78,4609.75
D013,2026-06-14,P002825,237.47,3691.46
D013,2025-11-08,P002826,219.68,5317.3
D013,2025-12-08,P002826,921.43,13404.65
D013,2026-01-15,P002826,1358.11,12867.96
D013,2026-03-21,P002826,552.27,9351.71
D013,2026-04-07,P002826,1617.21,14428.79
D013,2026-05-22,P002826,464.97,7609.62
D013,2025-11-14,P002827,4103.58,55756.5
D013,2025-12-22,P002827,6042.8,118316.68
D013,2026-01-20,P002827,5879.73,68822.25
D013,2026-02-18,P002827,5198.65,73743.87
D013,2026-03-19,P002827,3026.5,62553.5
D013,2026-04-12,P002827,3797.19,72547.69
D013,2026-05-22,P002827,8339.12,127754.61
D013,2026-06-25,P002827,4616.45,111013.82
D013,2025-11-02,P002828,100.23,1824.95
D013,2025-12-26,P002828,117.67,2872.0
D013,2026-01-21,P002828,135.12,2533.86
D013,2026-02-20,P002828,258.34,2102.68
D013,2026-03-19,P002828,135.05,2791.82
D013,2026-05-23,P002828,359.4,3251.23
D013,2026-06-21,P002828,94.2,1890.94
D013,2025-11-19,P002829,131.38,2460.92
D013,2025-12-04,P002829,325.65,2697.82
D013,2026-01-19,P002829,126.71,1469.98
D013,2026-02-07,P002829,144.45,2128.29
D013,2026-03-21,P002829,109.52,2734.82
D013,2026-04-02,P002829,100.61,2133.2
D013,2026-05-18,P002829,110.94,1888.11
D013,2026-06-07,P002829,204.34,1932.53
D013,2025-11-22,P002830,323.23,5786.25
D013,2025-12-23,P002830,377.62,3493.73
D013,2026-01-07,P002830,296.42,6267.37
D013,2026-02-03,P002830,537.66,5458.23
D013,2026-03-02,P002830,391.23,6006.96
D013,2026-05-12,P002830,146.94,3218.94
D013,2026-06-07,P002830,271.48,4880.39
D013,2025-11-08,P002831,678.49,6072.94
D013,2025-12-20,P002831,456.64,7530.75
D013,2026-01-15,P002831,512.76,8264.97
D013,2026-02-24,P002831,260.7,5815.34
D013,2026-03-10,P002831,631.98,13194.58
D013,2026-04-08,P002831,681.15,7136.35
D013,2026-05-18,P002831,587.46,7372.0
D013,2026-06-15,P002831,688.37,10739.17
D013,2025-11-05,P002832,614.75,13544.18
D013,2025-12-05,P002832,387.12,8887.06
D013,2026-01-27,P002832,1073.27,15200.33
D013,2026-02-26,P002832,976.22,19418.62
D013,2026-03-23,P002832,721.21,10612.71
D013,2026-05-21,P002832,460.03,6372.05
D013,2026-06-11,P002832,616.4,7970.6
D013,2025-11-03,P002833,3233.33,48280.54
D013,2025-12-24,P002833,4925.29,45070.03
D013,2026-02-27,P002833,2929.55,63881.13
D013,2026-03-21,P002833,6319.43,52202.73
D013,2026-04-08,P002833,4149.66,60452.34
D013,2026-05-10,P002833,2138.93,50005.08
D013,2026-06-23,P002833,2527.93,36046.42
D013,2025-11-10,P002834,2711.17,55192.6
D013,2025-12-02,P002834,2532.95,47181.74
D013,2026-01-24,P002834,2232.78,27638.36
D013,2026-02-11,P002834,1970.62,45155.48
D013,2026-03-27,P002834,2320.56,39258.68
D013,2026-04-07,P002834,2242.7,51717.22
D013,2026-05-09,P002834,4572.88,46047.13
D013,2026-06-12,P002834,715.89,8556.4
D013,2025-11-24,P002835,343.55,6868.93
D013,2025-12-20,P002835,1011.33,13483.13
D013,2026-01-09,P002835,956.6,9650.14
D013,2026-02-07,P002835,382.95,6819.82
D013,2026-03-15,P002835,426.13,6599.03
D013,2026-04-04,P002835,682.22,12853.19
D013,2026-05-02,P002835,353.69,8174.79
D013,2026-06-24,P002835,859.65,10897.22
D013,2025-11-25,P002836,1664.32,18038.68
D013,2025-12-22,P002836,1344.27,12542.77
D013,2026-02-11,P002836,564.24,10599.37
D013,2026-03-17,P002836,856.59,14583.7
D013,2026-04-04,P002836,678.21,12266.9
D013,2026-05-12,P002836,749.33,15523.52
D013,2025-11-05,P002837,1046.42,16050.94
D013,2025-12-17,P002837,1796.03,15063.31
D013,2026-01-01,P002837,746.64,8935.47
D013,2026-03-11,P002837,911.16,13849.87
D013,2026-04-13,P002837,1208.68,9954.07
D013,2026-05-16,P002837,1256.8,10967.04
D013,2026-06-17,P002837,885.87,14029.05
D013,2025-12-02,P002838,3373.31,39553.81
D013,2026-01-16,P002838,2617.64,49539.07
D013,2026-02-23,P002838,3381.0,32179.44
D013,2026-03-03,P002838,2419.73,34031.03
D013,2026-05-04,P002838,2500.49,51469.09
D013,2026-06-26,P002838,2566.12,30478.21
D013,2026-01-06,P002839,251.75,3221.4
D013,2026-02-02,P002839,303.93,2702.87
D013,2026-03-06,P002839,107.7,1584.17
D013,2026-01-02,P002840,576.97,10674.84
D013,2026-02-14,P002840,692.15,16469.3
D013,2026-03-14,P002840,606.51,13186.98
D013,2026-04-08,P002840,404.46,8880.81
D013,2026-05-03,P002840,741.37,15693.06
D013,2026-06-14,P002840,250.82,5554.83
D013,2025-11-04,P002841,6339.1,53471.5
D013,2025-12-14,P002841,2562.53,42630.8
D013,2026-01-23,P002841,4816.11,38855.07
D013,2026-02-09,P002841,2815.85,66346.88
D013,2026-03-20,P002841,4055.33,47611.6
D013,2026-04-18,P002841,4506.62,67023.89
D013,2026-05-23,P002841,1928.63,23130.78
D013,2026-06-27,P002841,5223.24,78593.83
D013,2025-11-12,P002842,274.82,4609.12
D013,2026-03-27,P002842,388.63,7212.27
D013,2026-04-18,P002842,154.17,3808.53
D013,2026-06-26,P002842,608.21,5417.22
D013,2025-11-09,P002843,331.79,6798.73
D013,2025-12-22,P002843,226.07,2759.57
D013,2026-02-11,P002843,1226.32,11100.74
D013,2026-03-02,P002843,381.29,8836.16
D013,2026-05-01,P002843,503.24,9541.08
D013,2025-11-13,P002844,517.0,9001.32
D013,2025-12-27,P002844,358.56,8194.08
D013,2026-01-15,P002844,378.31,7844.88
D013,2026-03-19,P002844,760.51,6711.9
D013,2026-04-01,P002844,547.87,9542.93
D013,2026-05-14,P002844,556.2,10180.08
D013,2026-06-12,P002844,627.15,12075.95
D013,2025-12-27,P002845,595.62,11984.68
D013,2026-01-06,P002845,937.88,19573.91
D013,2026-02-17,P002845,600.03,8814.28
D013,2026-04-16,P002845,840.7,13404.37
D013,2026-06-26,P002845,1369.02,21412.7
D013,2025-12-05,P002846,12561.8,116128.18
D013,2026-01-25,P002846,4052.72,80825.86
D013,2026-02-20,P002846,5656.85,102810.99
D013,2026-03-19,P002846,5208.24,119406.43
D013,2026-04-06,P002846,6076.76,104419.05
D013,2026-05-14,P002846,3889.23,79842.41
D013,2026-06-07,P002846,5073.62,94155.27
D013,2025-11-05,P002847,1206.63,18917.06
D013,2025-12-18,P002847,1384.32,12401.29
D013,2026-01-22,P002847,612.98,9998.47
D013,2026-02-12,P002847,733.89,17056.16
D013,2026-03-01,P002847,884.89,11917.7
D013,2026-04-07,P002847,430.38,6803.44
D013,2026-05-23,P002847,1057.58,9830.25
D013,2026-06-06,P002847,918.68,20228.0
D013,2025-11-21,P002848,221.13,3997.52
D013,2025-12-02,P002848,174.53,2327.21
D013,2026-03-10,P002848,194.13,2476.73
D013,2026-04-27,P002848,532.88,4939.61
D013,2026-05-19,P002848,130.77,3248.17
D013,2026-06-16,P002848,87.94,1521.68
D013,2025-11-26,P002849,144.69,2216.81
D013,2026-01-21,P002849,279.08,6115.31
D013,2026-03-02,P002849,263.85,4985.85
D013,2026-04-27,P002849,657.45,7360.58
D013,2026-05-20,P002849,204.06,3455.21
D013,2026-06-17,P002849,571.68,8083.37
D013,2025-11-08,P002850,551.12,5998.63
D013,2025-12-13,P002850,237.42,4786.83
D013,2026-01-16,P002850,276.95,6146.96
D013,2026-02-19,P002850,379.93,6439.07
D013,2026-03-16,P002850,261.36,6133.01
D013,2026-04-01,P002850,363.93,4284.93
D013,2026-05-10,P002850,179.92,4233.16
D013,2026-06-01,P002850,380.89,5816.28
D013,2025-11-07,P002851,1010.43,8743.47
D013,2025-12-21,P002851,603.88,7289.24
D013,2026-01-12,P002851,422.2,10211.04
D013,2026-02-19,P002851,1079.54,11538.1
D013,2026-03-05,P002851,464.37,10321.72
D013,2026-04-19,P002851,768.27,12673.6
D013,2026-06-09,P002851,1842.5,14984.91
D013,2025-11-05,P002852,103.06,1904.6
D013,2025-12-22,P002852,57.11,1048.29
D013,2026-02-16,P002852,98.89,2136.9
D013,2026-03-09,P002852,145.61,2555.07
D013,2026-04-25,P002852,130.87,1343.39
D013,2026-05-27,P002852,202.5,2112.96
D013,2025-11-07,P002853,398.86,4011.13
D013,2025-12-06,P002853,106.65,2466.85
D013,2026-01-22,P002853,182.59,4442.54
D013,2026-03-23,P002853,52.47,572.19
D013,2026-04-17,P002853,212.3,3210.63
D013,2026-05-14,P002853,179.87,4086.17
D013,2026-06-06,P002853,247.36,3158.28
D013,2025-11-05,P002854,457.36,9876.51
D013,2025-12-24,P002854,556.88,9807.22
D013,2026-01-03,P002854,471.55,9668.38
D013,2026-04-06,P002854,147.81,3057.35
D013,2026-05-18,P002854,558.91,9363.69
D013,2026-06-22,P002854,390.42,7496.07
D013,2025-12-05,P002855,151.4,1424.41
D013,2026-04-19,P002855,249.5,3452.28
D013,2026-05-03,P002855,440.42,3706.31
D013,2026-06-19,P002855,75.34,1647.42
D013,2025-11-07,P002856,142.95,2645.63
D013,2025-12-04,P002856,344.99,4947.52
D013,2026-01-03,P002856,205.64,4895.12
D013,2026-02-14,P002856,233.58,5079.57
D013,2026-03-15,P002856,569.37,4770.43
D013,2026-06-17,P002856,630.65,5861.69
D013,2025-11-06,P002857,798.1,12304.16
D013,2025-12-13,P002857,604.71,14046.68
D013,2026-01-01,P002857,362.92,8840.96
D013,2026-02-03,P002857,738.03,11307.99
D013,2026-03-08,P002857,578.95,11413.81
D013,2026-04-26,P002857,325.68,7812.91
D013,2026-05-21,P002857,1105.27,13395.45
D013,2026-06-15,P002857,491.83,11585.16
D013,2025-11-08,P002858,304.99,6790.07
D013,2025-12-26,P002858,149.69,1899.52
D013,2026-01-07,P002858,283.0,5058.9
D013,2026-02-22,P002858,238.1,4060.76
D013,2026-04-18,P002858,255.4,5962.42
D013,2026-05-11,P002858,292.16,3990.76
D013,2026-06-18,P002858,353.32,5415.74
D013,2025-12-18,P002859,1207.08,17867.87
D013,2026-01-16,P002859,2102.08,17346.91
D013,2026-02-06,P002859,1130.11,23366.84
D013,2026-03-23,P002859,2034.29,21444.69
D013,2026-04-10,P002859,917.19,22052.95
D013,2026-06-25,P002859,622.4,13520.15
D013,2025-11-17,P002860,379.98,6718.37
D013,2025-12-12,P002860,797.82,8473.85
D013,2026-01-16,P002860,170.52,3966.33
D013,2026-03-26,P002860,573.44,6334.11
D013,2026-04-18,P002860,198.06,4868.23
D013,2026-05-27,P002860,514.9,7264.87
D013,2026-06-19,P002860,537.92,7755.11
D013,2025-12-04,P002861,72.52,1438.34
D013,2026-01-11,P002861,73.31,1720.09
D013,2026-02-08,P002861,58.88,1403.07
D013,2026-03-21,P002861,98.25,2174.02
D013,2026-04-24,P002861,107.68,1966.24
D013,2026-05-02,P002861,116.27,2496.46
D013,2025-11-15,P002862,448.35,4188.23
D013,2025-12-06,P002862,185.54,3257.92
D013,2026-01-03,P002862,299.66,5098.43
D013,2026-03-25,P002862,279.28,5336.72
D013,2026-05-20,P002862,353.56,2905.6
D013,2026-06-19,P002862,301.4,5251.08
D013,2025-11-22,P002863,2291.81,38623.77
D013,2025-12-22,P002863,3098.96,53681.73
D013,2026-01-06,P002863,2648.68,24157.72
D013,2026-02-14,P002863,1413.48,32663.89
D013,2026-03-13,P002863,3128.78,39083.13
D013,2026-05-01,P002863,1351.09,33613.89
D013,2026-06-26,P002863,1441.53,34583.23
D013,2025-12-27,P002864,178.02,3432.33
D013,2026-01-22,P002864,138.24,2035.52
D013,2026-02-10,P002864,262.33,3069.34
D013,2026-03-03,P002864,186.02,3490.48
D013,2026-04-24,P002864,280.82,3741.6
D013,2026-05-19,P002864,55.0,1340.29
D013,2025-11-01,P002865,462.84,8401.2
D013,2026-01-24,P002865,634.83,11077.52
D013,2026-02-25,P002865,522.59,10514.53
D013,2026-03-19,P002865,810.84,10522.44
D013,2026-04-09,P002865,358.06,4753.47
D013,2026-05-24,P002865,527.41,12649.14
D013,2026-06-03,P002865,583.34,7184.26
D013,2025-12-21,P002866,1098.01,22953.7
D013,2026-01-23,P002866,920.15,18920.02
D013,2026-02-19,P002866,992.74,16869.4
D013,2026-03-27,P002866,939.45,19404.89
D013,2026-04-26,P002866,1507.56,25171.54
D013,2026-06-23,P002866,774.61,17148.83
D013,2025-11-10,P002867,891.03,14831.21
D013,2025-12-04,P002867,630.97,9153.0
D013,2026-01-05,P002867,543.1,12826.35
D013,2026-02-22,P002867,1170.93,10790.18
D013,2026-05-11,P002867,683.37,11080.36
D013,2026-06-01,P002867,1052.56,15514.25
D013,2025-12-23,P002868,1073.5,26393.81
D013,2026-01-04,P002868,2284.77,20231.86
D013,2026-02-06,P002868,1164.88,20687.97
D013,2026-03-24,P002868,1431.03,30002.29
D013,2026-04-11,P002868,1899.63,37711.28
D013,2026-05-13,P002868,1343.76,32424.36
D013,2026-06-09,P002868,1452.46,27343.46
D013,2025-12-04,P002869,1063.31,22693.15
D013,2026-02-08,P002869,1152.93,28428.95
D013,2026-03-23,P002869,1557.49,32192.19
D013,2026-04-01,P002869,1085.34,26365.77
D013,2026-05-22,P002869,1815.89,32358.18
D013,2026-06-25,P002869,937.59,23012.02
D013,2025-11-05,P002870,710.19,9387.52
D013,2025-12-06,P002870,636.2,13368.7
D013,2026-02-09,P002870,490.23,10972.93
D013,2026-03-02,P002870,1052.18,17339.56
D013,2026-04-18,P002870,567.85,13619.65
D013,2026-06-05,P002870,421.33,8665.58
D013,2025-11-17,P002871,265.13,3712.82
D013,2025-12-12,P002871,348.69,6060.8
D013,2026-01-05,P002871,271.92,4488.44
D013,2026-03-24,P002871,485.21,11507.73
D013,2026-04-19,P002871,353.62,7199.89
D013,2026-05-10,P002871,903.51,7537.3
D013,2026-06-15,P002871,437.52,6328.69
D013,2025-11-12,P002872,308.44,5178.9
D013,2025-12-18,P002872,220.65,3562.98
D013,2026-01-07,P002872,191.73,3863.01
D013,2026-02-15,P002872,262.04,4545.7
D013,2026-03-18,P002872,138.68,2834.95
D013,2026-04-06,P002872,271.67,3051.57
D013,2026-05-10,P002872,260.59,2564.11
D013,2026-06-09,P002872,134.72,2904.49
D013,2025-12-07,P002873,619.57,13402.13
D013,2026-02-22,P002873,4035.75,67023.78
D013,2026-03-10,P002873,2439.54,51440.47
D013,2026-04-15,P002873,216.27,4055.47
D013,2026-05-13,P002873,3355.8,80115.21
D013,2026-06-27,P002873,4183.22,57315.02
D013,2025-11-26,P002874,1619.88,21726.45
D013,2025-12-24,P002874,985.42,18237.26
D013,2026-01-21,P002874,1431.35,19583.14
D013,2026-02-07,P002874,748.93,13026.46
D013,2026-05-18,P002874,719.07,14710.01
D013,2026-06-20,P002874,2515.99,25670.66
D013,2025-11-09,P002875,791.19,12619.66
D013,2025-12-17,P002875,1756.36,15004.47
D013,2026-01-11,P002875,828.49,16276.87
D013,2026-02-21,P002875,471.97,9865.43
D013,2026-03-16,P002875,1487.86,19167.92
D013,2026-04-10,P002875,358.14,7939.72
D013,2026-05-15,P002875,711.89,12663.41
D013,2026-06-15,P002875,834.4,13871.05
D013,2025-12-24,P002876,120.68,2738.93
D013,2026-01-21,P002876,186.14,2994.51
D013,2026-02-03,P002876,231.13,4823.02
D013,2026-03-23,P002876,314.43,2642.18
D013,2026-04-14,P002876,219.95,4968.88
D013,2026-05-18,P002876,219.34,3396.17
D013,2026-06-20,P002876,279.49,5266.18
D013,2025-11-26,P002877,533.36,7914.71
D013,2025-12-07,P002877,660.5,9503.27
D013,2026-01-20,P002877,365.24,8254.96
D013,2026-02-22,P002877,306.23,7291.82
D013,2026-03-14,P002877,506.78,9210.51
D013,2026-04-20,P002877,629.72,11657.28
D013,2026-05-24,P002877,424.52,9175.33
D013,2026-06-24,P002877,167.26,2933.37
D013,2025-11-11,P002878,223.66,2115.2
D013,2025-12-01,P002878,210.02,4809.87
D013,2026-01-21,P002878,540.34,4513.17
D013,2026-03-12,P002878,384.73,3344.07
D013,2026-04-20,P002878,177.14,2904.8
D013,2026-06-14,P002878,552.53,5019.76
D013,2025-11-02,P002879,3350.44,39634.54
D013,2025-12-06,P002879,1276.49,21897.13
D013,2026-01-25,P002879,1431.78,18829.38
D013,2026-02-11,P002879,1507.62,33743.33
D013,2026-03-15,P002879,1463.85,25956.18
D013,2026-05-08,P002879,586.4,14023.01
D013,2026-06-18,P002879,2550.14,33085.64
D013,2026-01-17,P002880,1634.79,40232.17
D013,2026-02-04,P002880,1976.17,36865.68
D013,2026-03-21,P002880,1642.65,30518.53
D013,2026-04-04,P002880,2708.83,34310.05
D013,2026-05-01,P002880,2291.6,43485.52
D013,2026-06-27,P002880,1386.38,25912.5
D013,2025-12-12,P002881,497.61,5988.29
D013,2026-01-25,P002881,409.16,9015.55
D013,2026-02-13,P002881,381.21,6680.67
D013,2026-03-17,P002881,770.92,10206.09
D013,2026-04-03,P002881,520.04,4399.54
D013,2026-05-13,P002881,140.34,3272.22
D013,2026-06-11,P002881,1630.07,14356.59
D013,2025-11-02,P002882,3433.28,43641.35
D013,2025-12-21,P002882,4157.6,47963.9
D013,2026-01-23,P002882,1668.05,28641.11
D013,2026-02-15,P002882,1310.63,23137.8
D013,2026-03-26,P002882,2243.46,36254.44
D013,2026-04-06,P002882,1016.65,16482.61
D013,2026-05-06,P002882,3914.74,43980.75
D013,2026-06-17,P002882,1439.02,35917.04
D013,2025-11-21,P002883,2172.71,34149.85
D013,2025-12-11,P002883,884.33,20793.4
D013,2026-01-27,P002883,996.83,16026.16
D013,2026-02-09,P002883,1387.4,16648.81
D013,2026-03-15,P002883,745.81,18162.19
D013,2026-04-23,P002883,871.18,19284.63
D013,2026-05-12,P002883,1758.2,27159.96
D013,2026-06-02,P002883,1142.69,20239.62
D013,2025-11-21,P002884,848.02,19337.61
D013,2025-12-20,P002884,1386.11,27235.24
D013,2026-01-12,P002884,2577.29,22430.33
D013,2026-03-09,P002884,1621.2,34116.97
D013,2026-04-06,P002884,2214.46,24936.94
D013,2026-05-12,P002884,1850.9,36867.11
D013,2025-11-23,P002885,145.76,2691.6
D013,2025-12-20,P002885,154.67,3046.99
D013,2026-01-27,P002885,129.9,2851.74
D013,2026-02-12,P002885,107.56,2258.24
D013,2026-03-25,P002885,272.47,2967.28
D013,2026-04-06,P002885,214.02,3334.78
D013,2026-05-10,P002885,161.64,2030.39
D013,2026-06-15,P002885,258.9,2835.88
D013,2025-11-08,P002886,184.49,3641.74
D013,2026-01-26,P002886,671.67,7364.64
D013,2026-02-20,P002886,325.82,4539.35
D013,2026-03-05,P002886,299.73,6442.51
D013,2026-05-14,P002886,224.58,2751.28
D013,2026-06-06,P002886,472.18,5961.53
D013,2025-11-20,P002887,543.54,7558.24
D013,2025-12-16,P002887,540.55,6803.65
D013,2026-01-04,P002887,325.13,6738.1
D013,2026-02-15,P002887,504.71,7526.97
D013,2026-03-20,P002887,606.9,8508.48
D013,2026-04-02,P002887,398.98,6979.94
D013,2026-05-24,P002887,691.1,8481.39
D013,2026-06-03,P002887,520.31,9712.56
D013,2025-11-03,P002888,154.25,2563.63
D013,2025-12-09,P002888,104.79,2061.46
D013,2026-01-18,P002888,167.04,3504.38
D013,2026-02-27,P002888,165.44,3577.72
D013,2026-03-10,P002888,168.88,3025.54
D013,2026-04-14,P002888,243.34,3540.62
D013,2026-05-07,P002888,231.08,2194.77
D013,2026-06-20,P002888,169.21,3723.7
D013,2025-11-25,P002889,939.05,17684.82
D013,2025-12-13,P002889,2179.72,18455.49
D013,2026-01-23,P002889,1039.63,16827.64
D013,2026-02-11,P002889,730.0,15690.32
D013,2026-04-03,P002889,1471.12,21168.82
D013,2026-05-05,P002889,1238.98,16661.76
D013,2026-06-10,P002889,557.46,8695.91
D013,2025-11-08,P002890,348.22,8226.6
D013,2026-01-11,P002890,362.91,7904.58
D013,2026-02-03,P002890,479.99,10267.2
D013,2026-03-25,P002890,611.33,6660.21
D013,2026-04-15,P002890,381.68,8197.35
D013,2026-05-24,P002890,625.46,10812.19
D013,2026-06-19,P002890,975.93,9556.7
D013,2025-12-22,P002891,421.75,6509.8
D013,2026-01-26,P002891,1149.72,11068.28
D013,2026-02-02,P002891,336.14,7999.09
D013,2026-03-05,P002891,812.66,12137.97
D013,2026-04-25,P002891,1196.89,12341.47
D013,2026-05-01,P002891,552.99,13037.12
D013,2026-06-25,P002891,670.24,11952.47
D013,2025-11-12,P002892,332.91,4454.94
D013,2025-12-04,P002892,528.12,4959.77
D013,2026-01-17,P002892,171.77,3822.26
D013,2026-02-23,P002892,252.63,6038.81
D013,2026-03-03,P002892,190.43,3877.34
D013,2026-04-06,P002892,344.83,6705.53
D013,2026-05-13,P002892,135.04,3237.08
D013,2026-06-12,P002892,85.95,1741.43
D013,2025-11-21,P002893,977.3,15502.24
D013,2026-02-13,P002893,432.59,10545.59
D013,2026-03-12,P002893,707.51,10942.65
D013,2026-04-10,P002893,365.91,4742.77
D013,2026-05-01,P002893,286.88,5642.48
D013,2025-11-03,P002894,889.26,13903.37
D013,2025-12-06,P002894,1364.81,13808.52
D013,2026-01-11,P002894,676.7,11039.53
D013,2026-02-02,P002894,1086.95,15534.02
D013,2026-03-23,P002894,848.68,16940.63
D013,2026-05-19,P002894,1561.48,16534.85
D013,2026-06-14,P002894,446.66,10291.28
D013,2025-11-09,P002895,115.74,2863.37
D013,2025-12-18,P002895,256.23,2944.07
D013,2026-01-26,P002895,223.27,2918.91
D013,2026-02-17,P002895,145.71,2929.12
D013,2026-03-11,P002895,206.5,2308.87
D013,2026-04-09,P002895,180.08,3981.63
D013,2026-06-24,P002895,294.69,4902.29
D013,2025-11-07,P002896,4841.29,45963.53
D013,2025-12-15,P002896,2730.35,36018.95
D013,2026-01-26,P002896,1060.71,24370.33
D013,2026-03-19,P002896,2613.76,45058.84
D013,2026-04-02,P002896,1231.53,16632.4
D013,2026-05-05,P002896,1255.77,23072.7
D013,2026-06-19,P002896,1389.17,30736.59
D013,2025-11-16,P002897,429.99,5214.92
D013,2025-12-27,P002897,262.82,5073.88
D013,2026-01-16,P002897,202.57,4666.7
D013,2026-02-03,P002897,315.53,4336.25
D013,2026-03-27,P002897,261.43,6081.33
D013,2026-04-06,P002897,138.39,1732.29
D013,2026-05-01,P002897,249.66,5532.96
D013,2025-11-10,P002898,250.91,3329.34
D013,2025-12-26,P002898,124.36,2718.98
D013,2026-01-25,P002898,637.5,7310.52
D013,2026-02-13,P002898,701.36,7301.71
D013,2026-03-04,P002898,224.35,5170.44
D013,2026-04-16,P002898,563.75,5536.46
D013,2026-05-22,P002898,204.57,4133.73
D013,2026-06-06,P002898,556.33,5333.32
D013,2025-11-21,P002899,313.79,6213.38
D013,2025-12-25,P002899,318.02,7739.85
D013,2026-01-06,P002899,480.46,4898.19
D013,2026-02-20,P002899,588.35,5253.69
D013,2026-04-15,P002899,457.94,10867.11
D013,2026-05-20,P002899,175.39,3641.97
D013,2026-06-05,P002899,620.65,4967.04
D013,2025-12-16,P002900,85.17,1826.83
D013,2026-01-22,P002900,167.0,2551.16
D013,2026-02-21,P002900,281.79,3130.95
D013,2026-03-06,P002900,134.8,2824.66
D013,2026-04-12,P002900,232.22,2920.44
D013,2026-05-07,P002900,265.21,2851.21
D013,2026-06-01,P002900,143.86,1908.22
D013,2025-11-11,P002901,4474.46,97871.27
D013,2025-12-20,P002901,1001.08,20679.8
D013,2026-01-07,P002901,2486.45,33862.26
D013,2026-02-08,P002901,8911.53,73384.9
D013,2026-03-09,P002901,5211.12,74765.37
D013,2026-04-18,P002901,900.02,13733.61
D013,2026-05-13,P002901,2721.76,53058.79
D013,2026-06-15,P002901,3741.36,72475.41
D013,2025-11-02,P002902,147.29,3293.43
D013,2025-12-05,P002902,168.49,3947.91
D013,2026-02-17,P002902,150.0,2247.53
D013,2026-03-05,P002902,342.04,4910.77
D013,2026-04-06,P002902,351.7,3418.99
D013,2026-05-02,P002902,186.17,3592.05
D013,2026-06-11,P002902,190.9,4661.33
D013,2025-12-13,P002903,250.87,5007.7
D013,2026-01-06,P002903,410.24,8383.62
D013,2026-02-21,P002903,286.79,5616.53
D013,2026-03-16,P002903,489.47,4846.28
D013,2026-04-01,P002903,228.86,5478.51
D013,2026-05-01,P002903,214.6,4251.26
D013,2026-06-16,P002903,327.39,5281.35
D013,2025-12-18,P002904,288.99,3924.37
D013,2026-01-13,P002904,238.07,2852.63
D013,2026-02-24,P002904,364.17,3130.16
D013,2026-03-21,P002904,275.82,3160.04
D013,2026-04-10,P002904,281.77,3912.99
D013,2026-05-19,P002904,314.11,2830.87
D013,2026-06-05,P002904,171.4,2680.73
D013,2026-02-27,P002905,2348.19,32226.06
D013,2026-03-13,P002905,1913.69,15581.02
D013,2026-04-25,P002905,1537.8,35216.58
D013,2026-06-23,P002905,2011.1,22188.15
D013,2025-11-20,P002906,176.67,3692.22
D013,2025-12-13,P002906,311.27,3764.89
D013,2026-01-21,P002906,314.22,5355.66
D013,2026-02-13,P002906,135.75,3347.72
D013,2026-03-17,P002906,191.48,2910.65
D013,2026-04-21,P002906,317.63,4426.54
D013,2026-06-09,P002906,229.39,4992.03
D013,2025-11-22,P002907,387.68,5644.56
D013,2025-12-02,P002907,204.25,2789.34
D013,2026-01-04,P002907,110.99,2703.18
D013,2026-02-26,P002907,171.04,1901.58
D013,2026-05-22,P002907,125.31,2284.84
D013,2026-06-17,P002907,191.15,2031.7
D013,2025-11-08,P002908,523.03,9107.3
D013,2025-12-19,P002908,803.63,17976.67
D013,2026-01-06,P002908,1081.52,10108.73
D013,2026-02-14,P002908,1282.54,12104.36
D013,2026-03-13,P002908,390.53,9641.84
D013,2026-04-11,P002908,618.77,10489.92
D013,2026-05-08,P002908,697.87,12465.52
D013,2026-06-01,P002908,756.52,16525.35
D013,2025-11-16,P002909,1049.58,14939.47
D013,2025-12-19,P002909,1512.92,31810.33
D013,2026-01-10,P002909,781.99,17786.53
D013,2026-02-14,P002909,2152.93,26529.06
D013,2026-03-26,P002909,4227.2,34990.51
D013,2026-04-09,P002909,466.37,11642.02
D013,2026-05-19,P002909,1333.78,22764.07
D013,2026-06-21,P002909,1171.69,14478.15
D013,2025-11-15,P002910,823.94,10263.83
D013,2025-12-01,P002910,469.09,10147.41
D013,2026-01-16,P002910,297.35,6103.69
D013,2026-02-05,P002910,1119.96,9479.32
D013,2026-04-16,P002910,457.03,9429.0
D013,2026-06-15,P002910,436.73,8849.43
D013,2025-11-17,P002911,4724.86,76574.67
D013,2025-12-15,P002911,4859.68,69400.03
D013,2026-01-25,P002911,6508.01,84349.06
D013,2026-02-02,P002911,2202.24,40768.29
D013,2026-03-16,P002911,1909.14,26978.06
D013,2026-04-16,P002911,7195.09,63698.74
D013,2026-05-01,P002911,2298.91,39151.02
D013,2026-06-01,P002911,2505.05,23067.51
D013,2025-11-06,P002912,6142.65,64986.03
D013,2025-12-05,P002912,4926.31,58642.38
D013,2026-02-10,P002912,1166.81,28159.51
D013,2026-03-27,P002912,2132.23,46223.52
D013,2026-04-13,P002912,2321.81,56842.82
D013,2026-06-25,P002912,5698.06,68089.31
D013,2025-11-19,P002913,164.23,3706.65
D013,2025-12-07,P002913,624.75,5479.42
D013,2026-01-20,P002913,349.11,7089.86
D013,2026-02-10,P002913,257.73,6345.89
D013,2026-03-23,P002913,418.48,4545.0
D013,2026-05-11,P002913,306.21,7350.06
D013,2025-12-19,P002914,110.07,2364.96
D013,2026-02-27,P002914,353.61,8801.95
D013,2026-03-10,P002914,666.06,10107.11
D013,2026-05-18,P002914,590.83,13517.43
D013,2026-06-26,P002914,432.27,7451.64
D013,2025-12-13,P002915,1233.74,27951.57
D013,2026-01-26,P002915,1513.91,36327.87
D013,2026-02-15,P002915,1540.55,36054.89
D013,2026-04-01,P002915,1365.52,15901.73
D013,2026-05-02,P002915,3018.76,30429.49
D013,2026-06-06,P002915,1036.15,21225.97
D013,2025-11-08,P002916,1800.88,44177.31
D013,2025-12-12,P002916,2715.1,33813.59
D013,2026-01-08,P002916,2756.3,27047.51
D013,2026-02-03,P002916,593.08,8729.82
D013,2026-03-13,P002916,2164.08,20884.51
D013,2026-04-12,P002916,1501.31,32870.51
D013,2026-05-15,P002916,1090.07,24531.73
D013,2026-06-08,P002916,1071.67,12362.22
D013,2025-11-23,P002917,361.94,3839.99
D013,2025-12-04,P002917,208.92,4562.95
D013,2026-01-26,P002917,195.96,3306.66
D013,2026-02-02,P002917,77.32,1242.43
D013,2026-03-16,P002917,187.78,2950.14
D013,2026-04-21,P002917,199.36,3116.19
D013,2026-05-26,P002917,236.24,1906.7
D013,2026-06-11,P002917,240.03,3880.91
D013,2025-11-14,P002918,3599.35,44772.87
D013,2025-12-24,P002918,2366.37,27042.74
D013,2026-01-17,P002918,2409.21,22443.24
D013,2026-02-14,P002918,3340.68,29159.19
D013,2026-03-03,P002918,2311.56,37050.4
D013,2026-06-16,P002918,1291.93,22716.93
D013,2025-11-20,P002919,202.56,4219.58
D013,2025-12-13,P002919,513.55,6263.01
D013,2026-01-19,P002919,384.61,5630.04
D013,2026-02-02,P002919,421.63,5400.88
D013,2026-03-09,P002919,344.92,7468.52
D013,2026-04-22,P002919,327.69,5140.55
D013,2026-05-10,P002919,489.27,5907.87
D013,2026-06-10,P002919,335.87,5101.9
D013,2025-11-08,P002920,185.59,3864.22
D013,2025-12-10,P002920,303.57,5074.47
D013,2026-01-09,P002920,350.2,5723.99
D013,2026-02-16,P002920,177.56,2511.68
D013,2026-04-05,P002920,239.23,4631.14
D013,2026-05-01,P002920,140.73,2533.2
D013,2026-06-23,P002920,148.0,3047.57
D013,2025-12-07,P002921,249.18,4647.14
D013,2026-02-02,P002921,564.41,4894.03
D013,2026-03-10,P002921,383.35,5730.99
D013,2026-06-07,P002921,387.79,4768.45
D013,2025-11-10,P002922,404.33,6194.21
D013,2025-12-20,P002922,699.12,10085.24
D013,2026-01-09,P002922,485.44,5527.23
D013,2026-02-06,P002922,727.04,13561.58
D013,2026-04-07,P002922,622.26,10533.08
D013,2026-05-16,P002922,479.07,9624.83
D013,2026-06-17,P002922,1491.11,14735.55
D013,2026-01-03,P002923,78.94,1770.56
D013,2026-02-01,P002923,76.66,1874.15
D013,2026-03-06,P002923,100.26,1443.05
D013,2026-04-25,P002923,94.81,1918.37
D013,2026-05-22,P002923,173.0,2120.02
D013,2026-06-18,P002923,74.85,1827.22
D013,2025-11-23,P002924,246.86,5781.85
D013,2025-12-20,P002924,989.07,8594.98
D013,2026-01-26,P002924,603.17,7109.69
D013,2026-02-25,P002924,516.61,5467.07
D013,2026-03-25,P002924,556.25,8382.82
D013,2026-05-14,P002924,319.25,6688.85
D013,2025-11-10,P002925,553.37,8518.23
D013,2025-12-10,P002925,522.44,10993.43
D013,2026-01-24,P002925,727.54,14161.2
D013,2026-03-23,P002925,498.39,10557.19
D013,2026-04-26,P002925,884.08,13039.92
D013,2026-05-14,P002925,913.63,12514.02
D013,2026-06-01,P002925,319.16,7562.21
D013,2025-11-16,P002926,77.64,1634.14
D013,2026-01-19,P002926,107.22,2515.2
D013,2026-02-04,P002926,189.39,2387.96
D013,2026-03-09,P002926,98.37,2211.81
D013,2026-06-03,P002926,200.56,1780.51
D013,2025-12-14,P002927,2681.39,41149.5
D013,2026-01-24,P002927,1933.64,45686.95
D013,2026-02-04,P002927,3764.56,46477.57
D013,2026-03-18,P002927,3280.44,49590.48
D013,2026-04-26,P002927,1437.7,29170.14
D013,2026-05-11,P002927,686.56,11784.66
D013,2026-06-24,P002927,1647.83,32362.44
D013,2025-11-23,P002928,99.26,2126.21
D013,2025-12-02,P002928,215.85,4257.73
D013,2026-01-20,P002928,430.49,4753.6
D013,2026-02-02,P002928,260.41,4181.77
D013,2026-03-11,P002928,262.34,5681.94
D013,2026-04-10,P002928,137.92,2697.68
D013,2026-05-01,P002928,446.02,4258.29
D013,2026-06-10,P002928,354.22,3525.64
D013,2025-11-21,P002929,156.03,3861.17
D013,2025-12-13,P002929,182.75,3614.39
D013,2026-01-26,P002929,629.48,5374.59
D013,2026-02-21,P002929,334.1,3936.69
D013,2026-03-16,P002929,426.81,5930.95
D013,2026-04-08,P002929,480.61,5190.11
D013,2026-05-01,P002929,119.58,2273.73
D013,2026-06-04,P002929,277.12,4426.72
D013,2025-11-19,P002930,1863.08,19007.8
D013,2025-12-11,P002930,524.61,10997.92
D013,2026-02-13,P002930,770.25,12795.92
D013,2026-03-15,P002930,478.88,8904.31
D013,2026-05-17,P002930,1160.87,16090.67
D013,2025-11-06,P002931,719.85,9000.07
D013,2025-12-14,P002931,1081.66,16746.56
D013,2026-01-11,P002931,2270.09,31526.67
D013,2026-02-08,P002931,949.09,10956.23
D013,2026-03-13,P002931,1515.77,29321.69
D013,2026-05-12,P002931,2684.36,27996.4
D013,2026-06-01,P002931,1063.36,23806.15
D013,2025-11-03,P002932,295.7,6156.33
D013,2026-01-27,P002932,430.03,6118.96
D013,2026-02-24,P002932,729.84,8438.68
D013,2026-03-16,P002932,473.67,9971.95
D013,2026-04-20,P002932,280.1,6122.81
D013,2026-05-03,P002932,360.55,5008.79
D013,2026-06-14,P002932,695.75,8711.21
D013,2025-11-26,P002933,8067.2,67818.89
D013,2025-12-09,P002933,1509.3,28795.83
D013,2026-02-03,P002933,4053.27,39157.25
D013,2026-03-03,P002933,1851.01,35126.51
D013,2026-04-24,P002933,1324.53,33064.02
D013,2026-05-08,P002933,6723.0,68677.22
D013,2026-06-17,P002933,6510.54,64763.16
D013,2026-01-18,P002934,371.94,4559.2
D013,2026-02-02,P002934,288.22,3506.56
D013,2026-03-13,P002934,308.7,2936.23
D013,2026-04-12,P002934,278.0,5002.19
D013,2026-05-02,P002934,160.0,3550.98
D013,2026-06-04,P002934,228.44,3959.37
D013,2025-11-21,P002935,621.71,15412.86
D013,2025-12-07,P002935,755.24,14963.49
D013,2026-02-21,P002935,733.45,17299.9
D013,2026-03-24,P002935,1604.11,22060.52
D013,2026-04-16,P002935,1183.34,19149.15
D013,2026-05-18,P002935,1280.99,16555.02
D013,2026-06-24,P002935,2467.45,22659.32
D013,2025-11-06,P002936,1638.83,34792.73
D013,2025-12-17,P002936,2775.88,44168.28
D013,2026-01-15,P002936,958.35,18685.93
D013,2026-02-14,P002936,1519.74,24491.19
D013,2026-03-25,P002936,3524.22,36167.94
D013,2026-04-20,P002936,5533.31,47153.96
D013,2026-06-01,P002936,2515.88,35550.26
D013,2025-12-23,P002937,1718.89,29568.91
D013,2026-03-12,P002937,1663.94,29009.15
D013,2026-04-23,P002937,1224.65,17102.85
D013,2026-05-18,P002937,2661.12,37384.24
D013,2026-06-05,P002937,1773.7,31737.01
D013,2025-12-21,P002938,623.8,8363.45
D013,2026-02-10,P002938,555.19,12859.27
D013,2026-03-18,P002938,1504.67,12570.51
D013,2026-04-02,P002938,592.04,11664.6
D013,2026-05-17,P002938,811.52,17933.46
D013,2026-06-24,P002938,875.74,14474.04
D013,2025-11-13,P002939,534.07,5820.56
D013,2025-12-18,P002939,101.61,1840.46
D013,2026-01-09,P002939,331.4,4201.72
D013,2026-03-21,P002939,475.38,6432.1
D013,2026-05-04,P002939,311.61,3312.52
D013,2026-06-07,P002939,353.37,4467.33
D013,2025-12-19,P002940,565.84,12709.86
D013,2026-01-03,P002940,948.49,11095.48
D013,2026-02-02,P002940,738.77,15229.44
D013,2026-03-06,P002940,1164.24,9645.82
D013,2026-04-13,P002940,1031.17,13556.62
D013,2026-05-10,P002940,2112.23,18000.37
D013,2025-11-27,P002941,2319.15,51629.1
D013,2025-12-16,P002941,2048.63,41700.06
D013,2026-02-07,P002941,3211.26,34846.85
D013,2026-03-20,P002941,2356.27,35813.91
D013,2026-04-21,P002941,1107.29,23867.1
D013,2026-05-27,P002941,2440.0,52626.56
D013,2026-06-14,P002941,2951.48,63443.08
D013,2025-11-17,P002942,368.01,8731.61
D013,2025-12-07,P002942,729.55,14697.5
D013,2026-01-06,P002942,416.62,8301.39
D013,2026-02-23,P002942,486.44,8202.04
D013,2026-04-01,P002942,1420.05,15700.22
D013,2026-05-02,P002942,627.95,10638.24
D013,2026-06-07,P002942,449.08,8519.54
D013,2025-11-07,P002943,4499.62,66832.62
D013,2025-12-14,P002943,3488.98,75553.3
D013,2026-02-07,P002943,6671.69,66377.56
D013,2026-03-22,P002943,2490.54,58017.69
D013,2026-04-13,P002943,1768.39,26595.68
D013,2026-05-01,P002943,3153.05,66149.65
D013,2026-06-15,P002943,3878.95,43626.08
D013,2025-11-18,P002944,1635.2,29882.76
D013,2025-12-09,P002944,3272.87,27386.11
D013,2026-01-07,P002944,880.01,19042.26
D013,2026-02-20,P002944,1084.1,22435.02
D013,2026-03-25,P002944,1032.94,19709.19
D013,2026-04-04,P002944,949.67,22454.92
D013,2026-05-13,P002944,250.6,5512.82
D013,2026-06-17,P002944,222.91,1896.65
D013,2025-11-09,P002945,123.3,3008.8
D013,2025-12-27,P002945,113.49,2161.16
D013,2026-03-21,P002945,233.35,2477.54
D013,2026-04-19,P002945,122.01,2422.57
D013,2026-05-02,P002945,123.19,1933.33
D013,2026-06-26,P002945,92.07,1978.56
D013,2025-11-06,P002946,2402.21,31921.03
D013,2026-01-08,P002946,2363.78,56498.59
D013,2026-02-25,P002946,1741.81,37614.97
D013,2026-03-10,P002946,2176.56,36213.79
D013,2026-04-13,P002946,2043.82,31168.84
D013,2026-05-13,P002946,1326.82,32668.78
D013,2026-06-27,P002946,1404.6,26278.75
D013,2025-11-23,P002947,216.28,4305.07
D013,2025-12-01,P002947,344.33,5773.84
D013,2026-01-23,P002947,489.43,4556.52
D013,2026-02-17,P002947,942.23,7925.98
D013,2026-04-07,P002947,223.6,4293.62
D013,2026-05-01,P002947,493.77,4201.9
D013,2025-12-01,P002948,388.41,8152.54
D013,2026-01-26,P002948,502.24,7939.34
D013,2026-02-03,P002948,340.66,6367.63
D013,2026-03-20,P002948,564.45,5350.48
D013,2026-04-06,P002948,444.58,3747.06
D013,2026-05-16,P002948,256.05,3741.47
D013,2026-06-13,P002948,340.76,4693.07
D013,2025-11-19,P002949,687.29,14247.07
D013,2025-12-26,P002949,802.97,11944.13
D013,2026-01-10,P002949,876.81,9275.29
D013,2026-02-15,P002949,835.43,16894.07
D013,2026-03-18,P002949,578.14,13923.55
D013,2026-04-17,P002949,991.86,15973.77
D013,2026-05-06,P002949,2129.6,21317.45
D013,2026-06-10,P002949,1756.87,20422.8
D013,2025-11-06,P002950,2362.19,29418.94
D013,2025-12-10,P002950,1240.41,19819.78
D013,2026-01-23,P002950,3017.81,38675.94
D013,2026-03-21,P002950,4398.33,45103.89
D013,2026-04-01,P002950,3588.38,45765.63
D013,2026-05-08,P002950,1203.51,15655.59
D013,2026-06-19,P002950,2891.69,26643.84
D013,2025-11-05,P002951,5737.55,52796.94
D013,2025-12-15,P002951,5199.87,42082.4
D013,2026-01-02,P002951,1831.1,27821.03
D013,2026-02-10,P002951,1979.71,36231.11
D013,2026-03-09,P002951,2153.43,50564.47
D013,2026-05-16,P002951,2014.4,35272.66
D013,2026-06-24,P002951,1432.54,30332.85
D013,2025-11-24,P002952,244.98,5914.05
D013,2025-12-20,P002952,828.22,7115.89
D013,2026-01-16,P002952,515.39,6484.48
D013,2026-03-07,P002952,218.54,3251.56
D013,2026-04-11,P002952,260.37,5030.2
D013,2026-05-18,P002952,450.79,4530.02
D013,2026-06-10,P002952,373.07,3718.88
D013,2025-12-04,P002953,460.25,8676.28
D013,2026-01-03,P002953,438.31,8953.17
D013,2026-02-07,P002953,854.07,8521.49
D013,2026-03-17,P002953,543.7,8770.71
D013,2026-04-13,P002953,672.9,7950.07
D013,2026-05-03,P002953,642.25,7270.39
D013,2026-06-27,P002953,994.49,12542.33
D013,2025-11-13,P002954,2929.7,51478.58
D013,2025-12-23,P002954,2208.94,47774.28
D013,2026-01-25,P002954,4059.33,83188.61
D013,2026-02-23,P002954,1621.46,26446.37
D013,2026-03-09,P002954,3001.29,47057.08
D013,2026-04-27,P002954,9122.66,94189.94
D013,2026-05-15,P002954,3627.25,40210.41
D013,2026-06-18,P002954,2018.95,45330.57
D013,2025-11-13,P002955,406.08,5461.53
D013,2025-12-10,P002955,651.81,5477.73
D013,2026-01-06,P002955,0.0,0.0
D013,2026-03-03,P002955,167.72,2244.95
D013,2026-04-15,P002955,465.18,4424.89
D013,2026-05-19,P002955,305.62,5735.89
D013,2026-06-08,P002955,238.73,4212.79
D013,2025-11-04,P002956,753.49,13836.93
D013,2025-12-10,P002956,500.54,8589.34
D013,2026-01-01,P002956,185.95,4555.31
D013,2026-02-07,P002956,924.84,13788.13
D013,2026-03-12,P002956,958.8,10948.77
D013,2026-04-26,P002956,1473.69,16364.99
D013,2026-05-14,P002956,431.47,10193.54
D013,2026-06-03,P002956,479.12,5117.34
D013,2025-11-23,P002957,330.6,3842.64
D013,2025-12-26,P002957,302.29,2479.45
D013,2026-01-14,P002957,223.87,3648.75
D013,2026-02-08,P002957,405.45,4823.74
D013,2026-03-13,P002957,97.95,1672.13
D013,2026-04-09,P002957,459.81,5915.88
D013,2026-05-20,P002957,204.31,2352.49
D013,2026-06-24,P002957,319.33,3238.01
D013,2025-11-04,P002958,1226.73,17446.69
D013,2025-12-24,P002958,1020.23,12132.35
D013,2026-02-25,P002958,695.51,10803.29
D013,2026-03-27,P002958,721.01,14661.11
D013,2026-05-13,P002958,1253.45,11694.62
D013,2026-06-23,P002958,446.37,10907.83
D013,2025-11-27,P002959,0.0,0.0
D013,2025-12-22,P002959,464.12,5685.47
D013,2026-01-14,P002959,180.44,2784.68
D013,2026-02-25,P002959,522.81,5587.99
D013,2026-03-07,P002959,258.45,5771.68
D013,2026-04-09,P002959,196.04,3439.33
D013,2026-05-07,P002959,603.41,5038.01
D013,2026-06-20,P002959,333.53,5793.3
D013,2025-11-22,P002960,212.89,3106.45
D013,2025-12-25,P002960,307.07,6476.1
D013,2026-01-22,P002960,563.94,6854.6
D013,2026-02-24,P002960,270.8,6768.4
D013,2026-03-05,P002960,380.13,4365.85
D013,2026-04-01,P002960,525.19,7758.19
D013,2026-06-23,P002960,584.21,5563.89
D013,2025-11-02,P002961,647.09,15691.53
D013,2025-12-08,P002961,675.21,7577.85
D013,2026-01-13,P002961,504.81,11684.69
D013,2026-02-08,P002961,349.42,4723.18
D013,2026-03-18,P002961,1107.33,16339.91
D013,2026-04-27,P002961,1541.22,18034.77
D013,2026-05-20,P002961,1112.16,16012.51
D013,2026-06-27,P002961,804.27,10427.88
D013,2025-11-03,P002962,147.28,2095.51
D013,2025-12-12,P002962,241.07,3076.19
D013,2026-01-08,P002962,219.55,1943.69
D013,2026-02-22,P002962,209.72,2035.1
D013,2026-03-27,P002962,74.03,1755.09
D013,2026-04-12,P002962,185.66,2129.1
D013,2026-05-09,P002962,81.28,1755.49
D013,2026-06-07,P002962,140.35,2648.17
D013,2025-11-10,P002963,892.88,15947.76
D013,2025-12-10,P002963,1252.92,22505.29
D013,2026-01-01,P002963,1862.45,36359.38
D013,2026-03-13,P002963,3817.43,31955.28
D013,2026-04-23,P002963,3610.73,42575.26
D013,2026-05-21,P002963,2122.39,26565.27
D013,2025-12-03,P002964,169.87,2966.18
D013,2026-01-07,P002964,154.97,2719.05
D013,2026-03-17,P002964,247.86,2610.75
D013,2026-04-17,P002964,331.68,3987.84
D013,2026-05-27,P002964,122.69,3045.37
D013,2026-06-19,P002964,152.25,2971.14
D013,2025-11-18,P002965,366.23,4522.1
D013,2025-12-09,P002965,798.86,8602.74
D013,2026-01-16,P002965,561.83,6139.76
D013,2026-02-14,P002965,167.36,2828.86
D013,2026-03-10,P002965,151.42,2576.62
D013,2026-04-20,P002965,238.83,4894.4
D013,2026-05-21,P002965,485.92,5806.38
D013,2026-06-16,P002965,451.89,4015.41
D013,2025-12-12,P002966,2724.91,26976.81
D013,2026-01-14,P002966,843.47,14955.97
D013,2026-02-26,P002966,1056.43,24926.56
D013,2026-03-26,P002966,996.65,20641.35
D013,2026-05-21,P002966,1299.35,22232.84
D013,2026-06-23,P002966,1851.64,28990.75
D013,2025-11-19,P002967,692.37,13722.12
D013,2025-12-07,P002967,910.12,11845.84
D013,2026-01-23,P002967,649.59,6814.07
D013,2026-02-11,P002967,754.64,6513.73
D013,2026-03-09,P002967,321.9,7573.79
D013,2026-04-07,P002967,951.75,7946.01
D013,2026-05-10,P002967,993.28,8855.65
D013,2026-06-18,P002967,586.29,9205.43
D013,2025-11-19,P002968,654.62,7679.71
D013,2025-12-06,P002968,303.95,5657.93
D013,2026-01-20,P002968,191.44,2999.38
D013,2026-02-06,P002968,370.45,6740.76
D013,2026-03-26,P002968,326.48,5410.28
D013,2026-04-04,P002968,935.54,9304.32
D013,2026-05-09,P002968,362.24,7752.06
D013,2026-06-14,P002968,583.76,5881.78
D013,2025-11-15,P002969,1288.08,31982.2
D013,2025-12-02,P002969,1802.95,34190.23
D013,2026-01-07,P002969,1117.31,18702.93
D013,2026-02-02,P002969,983.16,24361.52
D013,2026-03-17,P002969,883.31,18611.04
D013,2026-04-25,P002969,2304.05,35157.45
D013,2026-05-10,P002969,2302.53,35343.04
D013,2025-11-07,P002970,422.33,5011.05
D013,2025-12-10,P002970,614.41,6713.59
D013,2026-01-14,P002970,396.2,4678.94
D013,2026-02-22,P002970,497.38,9737.99
D013,2026-03-04,P002970,324.26,7008.69
D013,2026-06-21,P002970,264.15,4174.88
D013,2025-11-06,P002971,364.14,8709.69
D013,2025-12-16,P002971,570.19,5577.8
D013,2026-01-14,P002971,401.27,5516.99
D013,2026-02-09,P002971,161.46,3882.48
D013,2026-03-09,P002971,244.48,4591.02
D013,2026-05-07,P002971,219.21,4001.25
D013,2026-06-16,P002971,310.16,6869.84
D013,2025-11-18,P002972,161.88,3099.79
D013,2025-12-10,P002972,348.27,7884.96
D013,2026-01-01,P002972,641.48,5461.95
D013,2026-02-20,P002972,376.9,8103.24
D013,2026-03-17,P002972,265.06,4360.06
D013,2026-04-27,P002972,398.99,6300.57
D013,2026-06-13,P002972,688.15,7059.24
D013,2025-11-07,P002973,2213.82,42924.98
D013,2025-12-11,P002973,3667.79,43342.22
D013,2026-02-15,P002973,3470.1,33310.35
D013,2026-03-15,P002973,5247.26,68193.22
D013,2026-04-17,P002973,1328.11,25173.82
D013,2026-05-11,P002973,1936.52,34110.79
D013,2026-06-26,P002973,2719.68,43095.18
D013,2025-11-13,P002974,324.0,5007.97
D013,2025-12-19,P002974,229.72,4367.57
D013,2026-01-25,P002974,214.17,3753.23
D013,2026-02-02,P002974,510.25,5234.17
D013,2026-03-14,P002974,333.14,5211.79
D013,2026-04-12,P002974,623.76,8362.3
D013,2026-05-06,P002974,294.48,3351.09
D013,2026-06-23,P002974,276.35,3937.78
D013,2025-11-18,P002975,576.81,7861.93
D013,2025-12-07,P002975,492.28,4543.28
D013,2026-01-13,P002975,288.78,6271.34
D013,2026-02-08,P002975,965.38,8384.84
D013,2026-03-08,P002975,267.73,5581.72
D013,2026-04-21,P002975,212.86,3086.37
D013,2026-05-17,P002975,520.85,9648.92
D013,2025-11-11,P002976,1732.8,29945.12
D013,2025-12-06,P002976,2240.49,35400.95
D013,2026-01-22,P002976,2218.4,45209.75
D013,2026-02-21,P002976,1710.14,15748.05
D013,2026-03-02,P002976,1674.98,30974.55
D013,2026-04-09,P002976,1749.0,22176.78
D013,2026-05-24,P002976,949.93,14713.57
D013,2026-06-12,P002976,1985.76,25957.43
D013,2025-11-21,P002977,317.66,4218.44
D013,2025-12-27,P002977,349.11,4935.29
D013,2026-01-16,P002977,359.8,3590.11
D013,2026-02-05,P002977,197.34,3640.83
D013,2026-03-16,P002977,242.63,4708.29
D013,2026-04-22,P002977,379.47,3176.6
D013,2026-06-10,P002977,436.13,6162.33
D013,2025-11-17,P002978,1849.43,39600.91
D013,2025-12-18,P002978,4252.38,70316.48
D013,2026-01-13,P002978,1632.75,27606.8
D013,2026-02-23,P002978,2093.9,40100.93
D013,2026-04-22,P002978,4612.7,54819.22
D013,2026-05-04,P002978,1315.5,32542.92
D013,2026-06-11,P002978,4120.81,56372.29
D013,2025-11-13,P002979,635.47,9403.95
D013,2025-12-24,P002979,818.94,14545.37
D013,2026-01-14,P002979,756.26,10779.23
D013,2026-02-11,P002979,691.33,8773.27
D013,2026-03-14,P002979,1590.51,15901.12
D013,2026-05-18,P002979,1377.15,13726.34
D013,2026-06-04,P002979,976.46,11818.09
D013,2025-12-19,P002980,3076.46,43169.78
D013,2026-01-19,P002980,3564.56,86048.62
D013,2026-03-10,P002980,4729.9,68847.76
D013,2026-04-14,P002980,4472.51,88638.65
D013,2026-05-02,P002980,2387.88,45089.16
D013,2025-12-09,P002981,352.03,6845.6
D013,2026-01-24,P002981,482.42,8773.05
D013,2026-02-05,P002981,210.83,4975.54
D013,2026-03-14,P002981,651.3,5312.71
D013,2026-04-02,P002981,722.28,6035.58
D013,2026-05-19,P002981,112.51,2398.11
D013,2026-06-25,P002981,488.02,8650.55
D013,2025-11-23,P002982,924.99,12812.9
D013,2025-12-11,P002982,1441.61,19603.7
D013,2026-01-18,P002982,1353.1,27901.24
D013,2026-03-13,P002982,487.4,4315.73
D013,2026-04-22,P002982,1156.8,26595.85
D013,2026-05-20,P002982,1241.76,27248.61
D013,2025-11-06,P002983,233.8,3349.7
D013,2026-01-07,P002983,146.52,2312.31
D013,2026-02-11,P002983,164.79,3207.37
D013,2026-03-04,P002983,168.21,3126.56
D013,2026-04-09,P002983,97.96,1710.6
D013,2026-05-26,P002983,250.72,2419.2
D013,2025-11-22,P002984,2841.19,61621.02
D013,2025-12-12,P002984,8257.02,97875.15
D013,2026-01-03,P002984,8829.23,108859.69
D013,2026-02-13,P002984,7060.06,89355.92
D013,2026-03-09,P002984,3649.45,79910.67
D013,2026-05-25,P002984,5051.27,116836.1
D013,2026-06-20,P002984,4123.12,83143.57
D013,2025-11-23,P002985,812.15,17734.03
D013,2025-12-20,P002985,1684.51,20017.77
D013,2026-01-18,P002985,1682.14,25835.99
D013,2026-02-23,P002985,1650.51,39206.39
D013,2026-04-17,P002985,2352.79,34240.1
D013,2026-05-24,P002985,4124.14,33945.33
D013,2026-06-13,P002985,1502.01,33284.23
D013,2025-11-07,P002986,689.13,16528.28
D013,2026-01-19,P002986,816.11,15987.48
D013,2026-02-04,P002986,1236.81,23388.58
D013,2026-03-12,P002986,1239.59,15873.62
D013,2026-04-07,P002986,673.66,12358.37
D013,2026-05-02,P002986,806.91,9837.89
D013,2025-11-12,P002987,407.73,3498.43
D013,2025-12-02,P002987,266.15,2996.85
D013,2026-01-20,P002987,196.33,4529.01
D013,2026-02-09,P002987,188.97,4518.53
D013,2026-03-15,P002987,88.14,2062.98
D013,2026-04-27,P002987,259.34,2807.73
D013,2026-05-07,P002987,386.35,4262.13
D013,2026-06-11,P002987,252.14,3667.17
D013,2025-11-15,P002988,123.55,2229.67
D013,2025-12-12,P002988,49.09,1011.21
D013,2026-01-06,P002988,74.98,1721.57
D013,2026-02-18,P002988,98.63,1752.39
D013,2026-04-03,P002988,161.59,2530.05
D013,2026-05-12,P002988,121.15,1648.67
D013,2025-11-10,P002989,276.52,6019.87
D013,2025-12-11,P002989,419.82,7752.83
D013,2026-01-10,P002989,423.52,7532.47
D013,2026-02-22,P002989,406.46,5774.27
D013,2026-03-01,P002989,934.7,13555.69
D013,2026-04-11,P002989,334.74,7389.35
D013,2026-05-13,P002989,898.6,10940.53
D013,2026-06-07,P002989,813.46,11978.49
D013,2025-11-15,P002990,140.05,3012.89
D013,2025-12-12,P002990,94.76,2093.73
D013,2026-01-21,P002990,212.42,1741.25
D013,2026-02-07,P002990,263.47,2992.33
D013,2026-04-19,P002990,152.12,3714.28
D013,2026-06-01,P002990,279.09,3111.85
D013,2025-11-19,P002991,607.81,12271.37
D013,2026-01-25,P002991,1220.93,13700.8
D013,2026-02-11,P002991,902.42,15136.42
D013,2026-03-08,P002991,1398.89,14404.37
D013,2026-04-18,P002991,866.12,16371.4
D013,2026-05-25,P002991,872.49,17779.82
D013,2026-06-09,P002991,984.4,15685.15
D013,2025-12-24,P002992,539.46,4650.6
D013,2026-01-13,P002992,169.14,1396.83
D013,2026-02-16,P002992,143.26,2969.61
D013,2026-03-27,P002992,327.91,4558.7
D013,2026-04-20,P002992,150.45,2805.04
D013,2026-05-22,P002992,256.36,3428.32
D013,2026-06-17,P002992,316.36,2867.1
D013,2025-11-24,P002993,2541.88,39650.63
D013,2026-01-08,P002993,2705.07,38071.56
D013,2026-02-10,P002993,1840.08,35303.85
D013,2026-03-07,P002993,1128.38,23492.06
D013,2026-04-05,P002993,3258.97,50301.68
D013,2026-06-11,P002993,1350.95,24823.3
D013,2025-11-14,P002994,5113.59,76320.37
D013,2026-01-21,P002994,3052.49,51521.59
D013,2026-02-16,P002994,3326.12,43076.35
D013,2026-03-13,P002994,4347.06,39630.11
D013,2026-04-09,P002994,2409.64,59760.6
D013,2026-05-07,P002994,3655.14,45501.77
D013,2026-06-03,P002994,4131.54,70397.68
D013,2025-11-10,P002995,183.36,3408.42
D013,2025-12-09,P002995,465.68,4345.38
D013,2026-01-24,P002995,173.52,3367.46
D013,2026-02-11,P002995,110.3,1570.6
D013,2026-04-08,P002995,187.98,3629.24
D013,2026-05-26,P002995,92.02,1647.28
D013,2026-06-21,P002995,212.34,2903.46
D013,2025-11-20,P002996,480.55,8999.31
D013,2025-12-10,P002996,535.81,6272.9
D013,2026-01-17,P002996,417.01,9234.26
D013,2026-02-08,P002996,438.67,7954.02
D013,2026-04-11,P002996,259.15,4153.44
D013,2026-05-02,P002996,616.24,8902.79
D013,2026-06-04,P002996,715.36,13316.74
D013,2025-12-20,P002997,172.14,2592.82
D013,2026-01-26,P002997,211.95,2007.43
D013,2026-02-02,P002997,117.17,1426.47
D013,2026-04-12,P002997,74.69,1135.45
D013,2026-06-21,P002997,56.38,1383.6
D013,2025-11-07,P002998,643.51,14111.79
D013,2025-12-03,P002998,416.8,8726.47
D013,2026-01-04,P002998,852.14,6823.52
D013,2026-02-24,P002998,1124.93,9174.34
D013,2026-04-15,P002998,336.33,8323.73
D013,2026-05-08,P002998,793.14,13320.8
D013,2026-06-11,P002998,458.53,9084.99
D013,2025-12-23,P002999,261.16,5359.5
D013,2026-01-01,P002999,234.86,4049.91
D013,2026-02-05,P002999,178.76,3275.51
D013,2026-03-06,P002999,111.03,2647.47
D013,2026-04-16,P002999,148.32,3205.57
D013,2026-05-21,P002999,165.33,2731.91
D013,2025-11-11,P003000,369.28,5946.67
D013,2025-12-10,P003000,353.68,5855.43
D013,2026-01-16,P003000,253.34,2951.01
D013,2026-02-23,P003000,233.35,5236.46
D013,2026-03-22,P003000,347.98,6045.55
D013,2026-05-18,P003000,884.9,7788.19
D013,2026-06-08,P003000,149.68,3134.3
D013,2025-11-03,P003001,1828.82,31166.57
D013,2025-12-10,P003001,1301.1,22353.48
D013,2026-02-09,P003001,3147.45,29519.77
D013,2026-04-10,P003001,852.31,14596.63
D013,2026-05-18,P003001,3291.52,52464.01
D013,2026-06-09,P003001,1939.66,31174.4
D013,2025-11-09,P003002,5755.96,63846.79
D013,2025-12-02,P003002,7618.87,75919.96
D013,2026-02-16,P003002,3610.41,80964.03
D013,2026-03-09,P003002,1954.69,42223.89
D013,2026-04-24,P003002,3573.48,74647.21
D013,2026-05-13,P003002,2683.38,47544.59
D013,2026-06-20,P003002,4352.28,55178.74
D013,2025-11-27,P003003,54.83,1351.42
D013,2025-12-05,P003003,285.06,2708.25
D013,2026-01-01,P003003,174.45,2251.62
D013,2026-03-09,P003003,46.59,1048.21
D013,2026-04-06,P003003,30.03,731.35
D013,2026-05-02,P003003,211.31,1800.63
D013,2026-06-22,P003003,115.95,1347.24
D013,2025-11-02,P003004,1014.49,9690.76
D013,2026-02-19,P003004,301.56,7307.14
D013,2026-03-14,P003004,316.19,7519.77
D013,2026-04-04,P003004,678.62,14582.91
D013,2026-05-05,P003004,971.0,12868.19
D013,2026-06-25,P003004,689.77,17059.86
D013,2025-11-12,P003005,3154.96,55946.72
D013,2025-12-20,P003005,3529.38,46515.99
D013,2026-01-14,P003005,1832.02,31960.28
D013,2026-03-07,P003005,1572.55,28802.69
D013,2026-04-14,P003005,1948.48,34660.57
D013,2026-05-18,P003005,1479.53,35572.2
D013,2026-06-23,P003005,4926.17,49260.33
D013,2025-11-12,P003006,346.72,4937.12
D013,2025-12-24,P003006,578.62,6999.72
D013,2026-01-22,P003006,396.59,7852.87
D013,2026-02-18,P003006,337.17,5919.04
D013,2026-04-02,P003006,425.0,8748.12
D013,2026-05-14,P003006,652.51,10197.78
D013,2025-12-19,P003007,148.18,2220.2
D013,2026-01-12,P003007,244.81,3775.72
D013,2026-03-21,P003007,356.42,2865.43
D013,2026-04-10,P003007,119.76,1443.19
D013,2026-06-26,P003007,135.79,3025.34
D013,2025-11-12,P003008,652.2,13645.5
D013,2025-12-09,P003008,1445.43,20643.71
D013,2026-01-11,P003008,791.76,12755.41
D013,2026-02-27,P003008,1256.63,20612.52
D013,2026-03-11,P003008,1818.94,14817.72
D013,2026-05-15,P003008,1210.45,16963.22
D013,2026-06-20,P003008,1314.66,14060.26
D013,2025-11-20,P003009,222.84,4525.3
D013,2025-12-12,P003009,239.74,3356.29
D013,2026-01-24,P003009,97.85,1707.65
D013,2026-02-20,P003009,244.33,3876.15
D013,2026-03-25,P003009,413.28,4539.29
D013,2026-04-16,P003009,106.62,1915.65
D013,2026-05-15,P003009,352.46,5927.66
D013,2026-06-05,P003009,173.97,2206.73
D013,2025-11-08,P003010,49.74,1183.17
D013,2025-12-16,P003010,677.15,8505.58
D013,2026-02-20,P003010,1812.63,15570.81
D013,2026-03-11,P003010,222.88,5004.06
D013,2026-04-03,P003010,889.53,8140.72
D013,2026-05-16,P003010,599.68,10261.87
D013,2026-06-21,P003010,605.74,9237.43
D013,2025-11-05,P003011,1033.51,25340.39
D013,2025-12-08,P003011,1735.97,26724.27
D013,2026-01-08,P003011,596.61,11908.29
D013,2026-02-06,P003011,1371.38,26618.34
D013,2026-03-26,P003011,1250.1,10591.58
D013,2026-04-26,P003011,1074.8,23496.89
D013,2026-05-06,P003011,2033.19,21716.59
D013,2026-06-05,P003011,1216.72,16940.86
D013,2025-11-09,P003012,729.63,8386.5
D013,2025-12-26,P003012,385.65,6347.02
D013,2026-01-23,P003012,376.63,5656.49
D013,2026-02-14,P003012,312.22,5524.34
D013,2026-03-18,P003012,173.36,2734.65
D013,2026-05-25,P003012,123.45,2104.84
D013,2026-06-19,P003012,403.4,7135.5
D013,2025-11-24,P003013,521.78,6984.86
D013,2025-12-21,P003013,972.06,11008.66
D013,2026-01-02,P003013,243.41,5896.3
D013,2026-02-08,P003013,437.39,8095.07
D013,2026-03-27,P003013,376.62,9310.94
D013,2026-04-10,P003013,191.39,4620.53
D013,2026-05-15,P003013,269.7,6561.97
D013,2026-06-21,P003013,334.86,7037.05
D013,2025-11-23,P003014,427.6,10463.4
D013,2025-12-16,P003014,1602.48,13135.28
D013,2026-01-21,P003014,488.7,11311.65
D013,2026-02-03,P003014,674.89,16053.69
D013,2026-03-14,P003014,562.76,11840.09
D013,2026-04-23,P003014,1411.92,12289.48
D013,2026-05-12,P003014,479.26,11831.9
D013,2026-06-16,P003014,1560.47,13418.41
D013,2025-11-07,P003015,171.42,2246.43
D013,2025-12-16,P003015,425.16,4014.88
D013,2026-01-05,P003015,413.71,3857.73
D013,2026-03-16,P003015,315.88,3955.07
D013,2026-04-15,P003015,235.98,3239.68
D013,2026-05-10,P003015,170.93,2680.95
D013,2026-06-19,P003015,224.99,3947.22
D013,2025-11-04,P003016,363.7,8155.27
D013,2025-12-22,P003016,617.3,9439.08
D013,2026-02-20,P003016,469.59,9590.68
D013,2026-04-02,P003016,344.98,6778.71
D013,2026-05-14,P003016,210.49,5135.75
D013,2026-06-14,P003016,619.53,7073.66
D013,2025-11-09,P003017,196.05,4554.34
D013,2025-12-21,P003017,113.23,2758.76
D013,2026-01-12,P003017,521.54,6109.99
D013,2026-02-02,P003017,358.23,5372.43
D013,2026-03-21,P003017,257.92,3933.27
D013,2026-04-24,P003017,275.57,4589.59
D013,2026-06-12,P003017,302.26,5498.68
D013,2025-11-13,P003018,187.5,4552.21
D013,2026-01-19,P003018,359.28,7498.26
D013,2026-02-06,P003018,702.41,13440.07
D013,2026-03-20,P003018,686.04,5922.81
D013,2026-04-01,P003018,704.59,11394.96
D013,2026-05-20,P003018,544.88,7185.08
D013,2026-06-12,P003018,530.97,12771.68
D013,2025-11-12,P003019,461.72,8349.09
D013,2025-12-15,P003019,694.5,9720.65
D013,2026-01-19,P003019,1121.87,9505.37
D013,2026-02-24,P003019,561.46,13491.35
D013,2026-04-05,P003019,690.97,11474.12
D013,2026-05-05,P003019,314.62,7373.78
D013,2026-06-17,P003019,744.02,16552.41
D014,2025-11-02,P003020,556.73,11121.23
D014,2025-12-18,P003020,948.3,8446.8
D014,2026-01-11,P003020,432.32,9202.84
D014,2026-02-23,P003020,268.56,6574.93
D014,2026-03-13,P003020,725.13,7797.32
D014,2026-04-01,P003020,820.94,13948.13
D014,2026-05-23,P003020,527.68,8051.95
D014,2026-06-15,P003020,381.07,6226.44
D014,2025-11-11,P003021,1757.43,31721.85
D014,2025-12-17,P003021,6896.81,66237.83
D014,2026-01-17,P003021,2461.38,29790.15
D014,2026-02-01,P003021,4751.0,78708.73
D014,2026-03-10,P003021,5710.87,74891.19
D014,2026-04-11,P003021,4329.19,66851.21
D014,2026-05-15,P003021,1761.17,42604.73
D014,2026-06-02,P003021,1000.51,24979.86
D014,2025-11-27,P003022,180.64,3153.76
D014,2025-12-09,P003022,204.61,4193.58
D014,2026-01-21,P003022,291.32,5016.75
D014,2026-03-22,P003022,462.61,4591.86
D014,2026-04-18,P003022,240.44,3258.45
D014,2026-05-02,P003022,210.27,4610.49
D014,2026-06-04,P003022,282.68,3944.06
D014,2025-11-23,P003023,284.08,5815.86
D014,2025-12-06,P003023,165.9,3693.87
D014,2026-01-01,P003023,118.62,2731.16
D014,2026-02-05,P003023,180.79,3903.52
D014,2026-03-23,P003023,90.69,2153.76
D014,2026-04-07,P003023,329.75,6344.47
D014,2026-05-01,P003023,285.6,6389.73
D014,2026-06-08,P003023,293.66,3281.59
D014,2025-11-19,P003024,3088.52,71211.34
D014,2025-12-18,P003024,2644.75,49001.66
D014,2026-01-24,P003024,1854.19,32867.81
D014,2026-02-10,P003024,1480.22,30272.27
D014,2026-03-09,P003024,1804.69,38020.22
D014,2026-04-04,P003024,4050.23,51223.16
D014,2026-05-12,P003024,2102.7,32479.97
D014,2026-06-15,P003024,2974.94,72682.4
D014,2025-11-22,P003025,2623.45,46379.99
D014,2026-01-23,P003025,1844.51,32757.67
D014,2026-03-14,P003025,853.99,17983.4
D014,2026-04-13,P003025,3219.08,36722.53
D014,2026-06-12,P003025,5630.79,46411.75
D014,2025-11-20,P003026,434.19,3788.45
D014,2025-12-13,P003026,160.36,3225.13
D014,2026-01-23,P003026,138.03,2271.94
D014,2026-03-04,P003026,134.66,3158.87
D014,2026-04-10,P003026,289.66,4117.55
D014,2026-05-04,P003026,258.52,3944.41
D014,2026-06-18,P003026,216.21,4127.14
D014,2025-12-03,P003027,525.18,11360.79
D014,2026-01-14,P003027,893.48,13225.01
D014,2026-02-06,P003027,842.17,8555.54
D014,2026-03-13,P003027,964.85,9002.17
D014,2026-04-23,P003027,907.25,11966.72
D014,2026-05-22,P003027,284.08,6781.34
D014,2026-06-25,P003027,255.26,3877.66
D014,2025-11-21,P003028,148.35,3160.72
D014,2025-12-21,P003028,85.14,1988.86
D014,2026-01-27,P003028,226.66,2559.14
D014,2026-04-14,P003028,85.71,989.04
D014,2026-05-13,P003028,170.31,2708.82
D014,2026-06-24,P003028,353.42,5751.22
D014,2025-11-19,P003029,89.44,1907.07
D014,2026-01-16,P003029,183.59,1917.32
D014,2026-02-06,P003029,101.73,1696.34
D014,2026-03-26,P003029,121.11,1795.64
D014,2026-04-22,P003029,92.69,2242.71
D014,2026-05-27,P003029,108.42,1447.2
D014,2026-06-05,P003029,58.99,1167.54
D014,2025-11-10,P003030,312.33,3112.0
D014,2025-12-16,P003030,179.37,2898.97
D014,2026-01-19,P003030,246.1,3160.26
D014,2026-02-16,P003030,448.42,3739.12
D014,2026-03-12,P003030,113.85,2743.66
D014,2026-04-17,P003030,636.84,5330.28
D014,2026-05-03,P003030,208.88,2275.61
D014,2026-06-08,P003030,348.79,4285.47
D014,2025-11-05,P003031,3577.23,33079.84
D014,2025-12-10,P003031,1214.79,29021.41
D014,2026-01-24,P003031,1157.2,26122.85
D014,2026-02-10,P003031,1073.1,23354.49
D014,2026-03-14,P003031,3242.51,37563.89
D014,2026-04-10,P003031,3019.4,29959.29
D014,2026-05-22,P003031,722.46,17930.13
D014,2025-12-22,P003032,994.95,13933.11
D014,2026-01-17,P003032,996.36,14067.7
D014,2026-02-12,P003032,810.23,10327.39
D014,2026-03-27,P003032,715.27,7538.75
D014,2026-04-15,P003032,857.28,6991.86
D014,2026-06-23,P003032,738.15,9831.21
D014,2025-11-27,P003033,171.7,4279.26
D014,2026-01-12,P003033,219.38,3988.05
D014,2026-02-22,P003033,384.27,5421.85
D014,2026-03-21,P003033,150.79,3729.05
D014,2026-06-16,P003033,121.67,3004.22
D014,2025-11-05,P003034,407.8,6337.47
D014,2026-01-03,P003034,535.72,12204.93
D014,2026-03-21,P003034,860.75,8906.13
D014,2026-04-07,P003034,753.85,7977.33
D014,2026-05-26,P003034,1203.3,10104.03
D014,2026-06-07,P003034,660.98,12415.91
D014,2025-11-18,P003035,407.15,8279.03
D014,2025-12-16,P003035,175.97,4270.26
D014,2026-01-20,P003035,282.83,6038.64
D014,2026-02-01,P003035,365.32,6697.23
D014,2026-04-04,P003035,330.44,5391.6
D014,2026-05-09,P003035,804.46,9026.77
D014,2026-06-16,P003035,266.22,6403.22
D014,2025-11-11,P003036,264.59,4964.39
D014,2026-01-21,P003036,630.15,5619.16
D014,2026-02-17,P003036,153.84,2851.7
D014,2026-03-06,P003036,394.8,7181.8
D014,2026-04-23,P003036,357.94,5859.67
D014,2026-05-03,P003036,377.66,4500.03
D014,2026-06-18,P003036,190.61,4129.08
D014,2025-11-16,P003037,928.07,7899.81
D014,2025-12-06,P003037,396.1,6697.16
D014,2026-01-25,P003037,217.13,3126.39
D014,2026-02-02,P003037,196.9,4790.14
D014,2026-03-13,P003037,209.1,4914.52
D014,2026-04-09,P003037,402.5,7003.14
D014,2026-05-18,P003037,186.15,2605.81
D014,2026-06-07,P003037,275.74,4133.94
D014,2025-11-19,P003038,288.89,3671.45
D014,2025-12-12,P003038,96.2,1839.78
D014,2026-02-16,P003038,197.53,3720.88
D014,2026-03-26,P003038,265.99,2846.16
D014,2026-05-02,P003038,182.27,3098.38
D014,2026-06-05,P003038,255.27,2679.68
D014,2025-11-20,P003039,153.62,2982.23
D014,2025-12-01,P003039,190.92,3225.75
D014,2026-01-27,P003039,147.17,2444.7
D014,2026-02-13,P003039,410.46,3960.67
D014,2026-03-16,P003039,149.03,3126.02
D014,2026-04-12,P003039,211.06,2860.94
D014,2026-05-10,P003039,196.33,1812.42
D014,2026-06-24,P003039,181.53,3472.36
D014,2025-11-27,P003040,944.17,11471.38
D014,2025-12-13,P003040,1913.64,15992.18
D014,2026-02-12,P003040,914.87,17055.73
D014,2026-03-18,P003040,704.84,11133.62
D014,2026-04-25,P003040,637.22,15558.02
D014,2026-05-08,P003040,666.63,15339.32
D014,2026-06-08,P003040,549.32,12826.12
D014,2025-12-07,P003041,202.17,4737.53
D014,2026-01-25,P003041,633.45,6100.1
D014,2026-02-11,P003041,398.04,6963.76
D014,2026-03-26,P003041,554.55,5036.37
D014,2026-04-02,P003041,292.24,3988.72
D014,2026-05-03,P003041,330.1,6093.81
D014,2026-06-15,P003041,392.68,5090.1
D014,2025-11-19,P003042,131.24,3273.89
D014,2025-12-25,P003042,136.18,3109.53
D014,2026-01-14,P003042,355.74,4985.52
D014,2026-02-25,P003042,447.89,7020.38
D014,2026-03-06,P003042,281.77,4719.39
D014,2026-04-06,P003042,610.8,6921.54
D014,2026-05-25,P003042,468.14,6384.5
D014,2026-06-13,P003042,429.94,7428.14
D014,2025-11-02,P003043,675.17,13141.9
D014,2026-01-26,P003043,492.17,9574.76
D014,2026-02-27,P003043,1179.89,16489.57
D014,2026-03-10,P003043,648.74,9876.05
D014,2026-04-25,P003043,806.07,9945.37
D014,2026-05-19,P003043,1185.38,10491.27
D014,2025-11-16,P003044,2162.83,27784.77
D014,2026-02-08,P003044,2633.52,25503.57
D014,2026-03-05,P003044,2054.78,50415.77
D014,2026-04-05,P003044,1570.9,32989.48
D014,2026-05-01,P003044,2828.5,38883.0
D014,2026-06-14,P003044,1504.31,32888.5
D014,2025-11-19,P003045,525.12,7137.14
D014,2025-12-21,P003045,867.76,20629.78
D014,2026-02-12,P003045,1249.69,25573.89
D014,2026-03-07,P003045,1065.22,22551.53
D014,2026-04-04,P003045,1343.97,23701.85
D014,2026-05-07,P003045,1509.88,26711.14
D014,2026-06-27,P003045,1318.61,22101.82
D014,2025-11-05,P003046,66.24,1127.77
D014,2025-12-11,P003046,180.86,1571.3
D014,2026-01-08,P003046,155.02,1673.61
D014,2026-02-01,P003046,59.13,1327.05
D014,2026-04-08,P003046,235.93,2853.01
D014,2025-12-22,P003047,2717.63,38589.85
D014,2026-01-03,P003047,3602.65,49157.34
D014,2026-02-26,P003047,1722.81,33283.7
D014,2026-03-07,P003047,1737.2,37158.3
D014,2026-04-24,P003047,2880.55,53995.75
D014,2026-06-10,P003047,1747.96,30775.42
D014,2025-11-21,P003048,198.5,1852.12
D014,2025-12-06,P003048,192.92,2963.34
D014,2026-01-19,P003048,127.28,2494.61
D014,2026-02-15,P003048,259.2,2570.43
D014,2026-03-21,P003048,195.48,1726.31
D014,2026-04-06,P003048,211.06,3018.67
D014,2026-05-03,P003048,112.07,2547.21
D014,2025-11-22,P003049,256.82,4463.35
D014,2026-01-22,P003049,256.77,4872.4
D014,2026-02-26,P003049,307.23,4300.32
D014,2026-03-08,P003049,124.44,1744.73
D014,2026-04-14,P003049,455.04,5868.09
D014,2026-05-21,P003049,517.28,5908.0
D014,2026-06-24,P003049,280.1,6659.69
D014,2025-11-23,P003050,94.03,1769.73
D014,2025-12-27,P003050,99.05,1978.53
D014,2026-01-12,P003050,182.11,1989.57
D014,2026-02-12,P003050,198.96,1939.85
D014,2026-03-13,P003050,274.88,2722.91
D014,2026-04-04,P003050,132.41,2518.07
D014,2026-05-11,P003050,150.64,1370.45
D014,2025-11-01,P003051,2228.13,27807.52
D014,2025-12-25,P003051,1883.19,34872.34
D014,2026-03-23,P003051,2087.83,29098.23
D014,2026-04-22,P003051,3030.25,42172.84
D014,2026-05-16,P003051,1354.61,29887.71
D014,2026-06-05,P003051,2185.66,44610.69
D014,2025-11-10,P003052,662.27,16149.26
D014,2025-12-20,P003052,1583.83,33638.01
D014,2026-01-21,P003052,927.54,14956.84
D014,2026-03-05,P003052,1696.83,22243.42
D014,2026-05-20,P003052,1546.57,31963.46
D014,2026-06-01,P003052,1213.03,29708.52
D014,2025-11-02,P003053,897.31,12579.29
D014,2025-12-01,P003053,937.39,12093.54
D014,2026-01-10,P003053,830.68,11912.1
D014,2026-02-25,P003053,779.06,9031.31
D014,2026-03-19,P003053,480.3,8419.08
D014,2026-04-25,P003053,755.6,15645.97
D014,2026-05-08,P003053,467.22,8952.42
D014,2026-06-22,P003053,405.37,9352.18
D014,2025-11-18,P003054,383.27,4187.66
D014,2025-12-18,P003054,367.76,3505.38
D014,2026-01-23,P003054,80.34,1432.26
D014,2026-03-17,P003054,256.74,4398.4
D014,2026-04-22,P003054,89.65,1625.32
D014,2026-05-07,P003054,239.58,4572.79
D014,2026-06-17,P003054,207.15,4165.16
D014,2025-11-03,P003055,742.93,14787.46
D014,2025-12-18,P003055,1007.44,19344.45
D014,2026-01-11,P003055,397.84,5046.6
D014,2026-02-19,P003055,1215.12,13207.61
D014,2026-03-04,P003055,364.08,9053.3
D014,2026-04-01,P003055,505.19,11952.12
D014,2026-05-10,P003055,1790.98,24938.39
D014,2026-06-11,P003055,686.31,10847.85
D014,2025-11-04,P003056,1796.95,17651.29
D014,2025-12-14,P003056,612.25,14094.17
D014,2026-01-04,P003056,1873.34,15775.79
D014,2026-02-06,P003056,1106.84,9986.17
D014,2026-03-04,P003056,380.13,9133.62
D014,2026-04-12,P003056,2147.86,21781.66
D014,2026-05-17,P003056,728.63,16698.13
D014,2026-06-05,P003056,1545.89,20218.92
D014,2025-12-27,P003057,3263.3,31003.32
D014,2026-01-17,P003057,1101.95,19918.42
D014,2026-02-03,P003057,990.96,23082.13
D014,2026-03-21,P003057,4713.7,41021.89
D014,2026-04-27,P003057,1440.89,30090.42
D014,2026-06-25,P003057,2001.15,36537.78
D014,2025-11-09,P003058,836.15,8228.04
D014,2025-12-05,P003058,693.33,5735.83
D014,2026-01-03,P003058,185.54,4467.25
D014,2026-02-09,P003058,1429.76,14283.6
D014,2026-03-13,P003058,392.22,7440.37
D014,2026-04-14,P003058,717.54,8739.21
D014,2026-06-23,P003058,973.59,9634.32
D014,2025-11-15,P003059,768.2,10544.35
D014,2025-12-23,P003059,614.1,14741.89
D014,2026-01-21,P003059,537.27,5825.69
D014,2026-02-18,P003059,1544.24,12596.64
D014,2026-03-08,P003059,866.89,10646.33
D014,2026-04-25,P003059,909.45,14471.56
D014,2026-05-20,P003059,359.9,7832.86
D014,2026-06-27,P003059,1006.9,15055.41
D014,2025-11-14,P003060,424.27,7886.89
D014,2025-12-05,P003060,523.27,8872.63
D014,2026-01-09,P003060,431.19,5542.28
D014,2026-02-10,P003060,275.27,6521.76
D014,2026-04-02,P003060,250.82,5385.65
D014,2026-05-24,P003060,521.14,4314.83
D014,2026-06-14,P003060,310.27,5485.96
D014,2025-11-09,P003061,836.2,13888.39
D014,2025-12-03,P003061,1137.56,14479.95
D014,2026-01-11,P003061,1235.07,10977.3
D014,2026-02-20,P003061,1136.15,12300.52
D014,2026-03-19,P003061,962.2,16784.46
D014,2026-04-15,P003061,844.06,17110.71
D014,2026-05-17,P003061,650.36,14390.84
D014,2026-06-21,P003061,1223.15,15250.71
D014,2025-11-19,P003062,330.72,6346.63
D014,2026-01-06,P003062,354.65,5845.66
D014,2026-02-26,P003062,447.52,4361.81
D014,2026-04-11,P003062,313.04,7067.71
D014,2026-05-25,P003062,533.78,7327.45
D014,2026-06-08,P003062,350.82,8572.67
D014,2025-11-09,P003063,690.63,16765.03
D014,2025-12-04,P003063,615.56,8458.86
D014,2026-01-01,P003063,649.89,13526.54
D014,2026-02-18,P003063,578.79,13874.78
D014,2026-03-06,P003063,750.98,10015.7
D014,2026-04-22,P003063,1112.47,16072.7
D014,2026-05-24,P003063,1723.35,19256.2
D014,2026-06-17,P003063,429.32,10101.5
D014,2025-11-20,P003064,1014.1,25325.62
D014,2026-03-17,P003064,1862.54,22294.36
D014,2026-04-08,P003064,1040.81,24499.06
D014,2026-05-19,P003064,2748.82,47535.81
D014,2026-06-13,P003064,1077.98,14985.65
D014,2025-11-15,P003065,222.66,5106.82
D014,2025-12-17,P003065,306.18,3096.09
D014,2026-01-14,P003065,394.58,3752.58
D014,2026-02-22,P003065,135.15,2461.35
D014,2026-04-22,P003065,261.43,3970.98
D014,2026-05-12,P003065,178.0,3935.58
D014,2026-06-09,P003065,354.04,2948.02
D014,2025-11-12,P003066,5518.76,85730.11
D014,2025-12-15,P003066,10130.1,101166.25
D014,2026-01-21,P003066,14100.48,131320.74
D014,2026-03-27,P003066,7494.7,90993.14
D014,2026-04-11,P003066,3001.06,42897.52
D014,2026-05-08,P003066,3674.28,62795.64
D014,2026-06-09,P003066,8254.18,115080.15
D014,2025-11-20,P003067,187.22,4501.86
D014,2025-12-02,P003067,186.02,4218.82
D014,2026-03-01,P003067,171.9,4268.64
D014,2026-04-25,P003067,134.11,3134.49
D014,2026-05-14,P003067,107.84,2644.65
D014,2026-06-21,P003067,299.06,2952.95
D014,2025-12-19,P003068,89.22,2229.36
D014,2026-01-21,P003068,2175.05,37775.43
D014,2026-03-25,P003068,1605.55,34177.64
D014,2026-04-09,P003068,2669.53,22329.3
D014,2026-05-23,P003068,637.29,15869.64
D014,2026-06-24,P003068,1743.02,17941.63
D014,2025-11-04,P003069,180.58,3997.29
D014,2025-12-13,P003069,195.41,3381.43
D014,2026-01-01,P003069,140.25,2668.54
D014,2026-02-01,P003069,330.61,5227.17
D014,2026-03-15,P003069,148.98,3639.85
D014,2026-04-16,P003069,411.93,4335.38
D014,2026-05-12,P003069,466.04,6794.82
D014,2026-06-22,P003069,222.23,3690.42
D014,2025-11-21,P003070,581.82,8553.35
D014,2025-12-22,P003070,893.59,10463.85
D014,2026-01-21,P003070,658.51,7299.77
D014,2026-02-27,P003070,382.14,8787.44
D014,2026-04-03,P003070,898.98,9187.67
D014,2026-05-09,P003070,542.3,7440.72
D014,2025-11-20,P003071,188.55,4315.75
D014,2025-12-09,P003071,376.69,4426.49
D014,2026-01-10,P003071,312.61,3841.53
D014,2026-03-04,P003071,328.87,2996.69
D014,2026-04-05,P003071,310.43,4508.87
D014,2026-05-10,P003071,186.56,2846.0
D014,2026-06-05,P003071,74.75,1207.76
D014,2025-11-10,P003072,246.71,3017.22
D014,2025-12-04,P003072,100.02,2144.25
D014,2026-01-26,P003072,247.87,5802.94
D014,2026-02-26,P003072,203.25,2827.85
D014,2026-03-11,P003072,284.26,3653.54
D014,2026-04-05,P003072,112.43,2532.02
D014,2026-06-04,P003072,397.85,7160.32
D014,2025-11-08,P003073,376.66,7174.15
D014,2025-12-14,P003073,311.12,6494.12
D014,2026-01-10,P003073,342.78,8289.18
D014,2026-02-16,P003073,285.27,6068.67
D014,2026-03-21,P003073,611.55,9015.89
D014,2026-04-10,P003073,313.55,6682.56
D014,2026-05-04,P003073,436.18,6845.18
D014,2026-06-13,P003073,456.2,8655.94
D014,2025-11-12,P003074,709.03,17321.8
D014,2025-12-02,P003074,1039.76,17189.11
D014,2026-01-19,P003074,875.41,14700.0
D014,2026-03-24,P003074,1279.73,14357.41
D014,2026-04-02,P003074,660.4,15844.81
D014,2025-11-06,P003075,1137.19,27758.34
D014,2025-12-16,P003075,1196.25,29374.5
D014,2026-01-16,P003075,1297.28,28194.54
D014,2026-02-03,P003075,2880.94,33495.16
D014,2026-03-11,P003075,1091.32,15693.66
D014,2026-05-24,P003075,3208.4,27808.84
D014,2026-06-17,P003075,1175.47,27419.14
D014,2025-11-26,P003076,184.72,4096.01
D014,2025-12-01,P003076,320.12,4084.93
D014,2026-01-16,P003076,539.15,4687.49
D014,2026-02-16,P003076,314.03,2737.38
D014,2026-03-22,P003076,131.17,2057.88
D014,2026-04-06,P003076,170.61,3949.06
D014,2026-05-04,P003076,531.2,6837.52
D014,2026-06-17,P003076,549.98,6800.23
D014,2025-11-07,P003077,1253.52,24501.15
D014,2025-12-13,P003077,1862.68,28432.64
D014,2026-01-15,P003077,1310.23,27322.25
D014,2026-02-16,P003077,1888.44,33992.0
D014,2026-03-18,P003077,1298.9,20234.2
D014,2026-04-24,P003077,1293.67,30171.75
D014,2026-05-13,P003077,2301.76,31629.27
D014,2025-11-27,P003078,154.15,1851.89
D014,2025-12-18,P003078,176.74,4094.18
D014,2026-01-20,P003078,144.92,2936.89
D014,2026-02-06,P003078,121.39,2547.81
D014,2026-03-27,P003078,360.39,2956.26
D014,2026-04-09,P003078,254.45,4868.07
D014,2026-06-20,P003078,430.65,4774.22
D014,2025-11-09,P003079,908.68,12835.99
D014,2025-12-13,P003079,786.37,14133.69
D014,2026-01-20,P003079,1130.31,19033.76
D014,2026-02-20,P003079,510.06,12627.05
D014,2026-03-18,P003079,948.48,16256.86
D014,2026-04-22,P003079,517.58,6100.35
D014,2026-05-27,P003079,750.35,7315.02
D014,2025-11-03,P003080,1993.56,24785.23
D014,2025-12-14,P003080,1599.15,28228.49
D014,2026-01-26,P003080,1400.11,33703.65
D014,2026-02-09,P003080,2524.34,28071.66
D014,2026-03-20,P003080,2436.79,35161.91
D014,2026-04-13,P003080,1352.3,27483.69
D014,2026-05-23,P003080,1437.45,23794.65
D014,2026-06-27,P003080,1391.86,25939.83
D014,2025-11-04,P003081,1389.32,13703.34
D014,2025-12-02,P003081,465.87,8499.34
D014,2026-01-18,P003081,632.13,14851.64
D014,2026-03-08,P003081,915.4,16355.92
D014,2026-04-25,P003081,1474.12,20649.55
D014,2026-05-15,P003081,1487.31,14842.71
D014,2026-06-17,P003081,1078.67,12521.2
D014,2025-11-06,P003082,104.41,1842.61
D014,2025-12-23,P003082,264.29,4711.26
D014,2026-02-07,P003082,564.9,8136.01
D014,2026-03-10,P003082,291.85,4071.55
D014,2026-04-18,P003082,294.63,5587.31
D014,2026-05-20,P003082,126.03,2602.94
D014,2026-06-11,P003082,181.12,3454.71
D014,2025-11-13,P003083,792.38,8094.81
D014,2025-12-07,P003083,390.68,8826.55
D014,2026-01-14,P003083,923.25,15373.61
D014,2026-02-22,P003083,424.62,6953.48
D014,2026-03-26,P003083,349.84,8188.85
D014,2026-04-23,P003083,112.64,2652.19
D014,2026-05-03,P003083,748.32,13149.67
D014,2026-06-22,P003083,498.51,9854.68
D014,2025-11-02,P003084,2327.05,44185.42
D014,2025-12-12,P003084,2130.71,46531.78
D014,2026-01-14,P003084,4244.26,63282.73
D014,2026-03-10,P003084,2551.31,55529.28
D014,2026-05-03,P003084,4365.16,62366.07
D014,2026-06-03,P003084,2490.44,50745.92
D014,2026-01-20,P003085,394.6,5507.85
D014,2026-02-13,P003085,259.43,5634.69
D014,2026-04-19,P003085,353.2,6494.66
D014,2026-05-20,P003085,584.95,10898.28
D014,2026-06-08,P003085,1056.96,9278.55
D014,2025-11-08,P003086,3037.09,46332.35
D014,2025-12-11,P003086,2239.05,35038.07
D014,2026-01-19,P003086,2052.68,49564.87
D014,2026-02-05,P003086,2391.28,56586.88
D014,2026-03-04,P003086,4234.67,48704.98
D014,2026-04-16,P003086,1983.71,45705.74
D014,2026-05-19,P003086,3915.26,35822.22
D014,2026-06-08,P003086,1033.48,21900.42
D014,2025-11-22,P003087,733.65,9330.33
D014,2025-12-07,P003087,1053.12,8527.47
D014,2026-02-14,P003087,560.31,10074.9
D014,2026-04-08,P003087,523.47,6931.79
D014,2026-05-09,P003087,779.95,8436.76
D014,2026-06-25,P003087,300.91,6871.85
D014,2025-12-07,P003088,857.29,12389.36
D014,2026-01-10,P003088,755.26,13902.04
D014,2026-02-24,P003088,1011.86,11362.99
D014,2026-03-25,P003088,1676.94,17564.58
D014,2026-04-17,P003088,1153.5,20119.67
D014,2026-05-19,P003088,656.12,13904.49
D014,2026-06-02,P003088,642.13,10408.15
D014,2025-11-06,P003089,1585.96,38782.19
D014,2025-12-04,P003089,3762.67,39886.66
D014,2026-01-01,P003089,3237.4,53582.82
D014,2026-02-10,P003089,4131.12,52616.02
D014,2026-03-10,P003089,2526.0,44743.57
D014,2026-04-13,P003089,2420.11,59327.5
D014,2026-05-03,P003089,3544.08,40608.15
D014,2026-06-24,P003089,916.13,19495.38
D014,2025-11-01,P003090,1056.27,20827.99
D014,2026-03-08,P003090,1121.36,22021.26
D014,2026-04-14,P003090,1197.82,28315.36
D014,2026-05-10,P003090,2169.73,41535.35
D014,2026-06-27,P003090,4054.51,32951.27
D014,2025-11-21,P003091,245.85,5504.54
D014,2025-12-27,P003091,508.09,5140.87
D014,2026-02-05,P003091,235.75,5671.5
D014,2026-03-24,P003091,666.64,6760.84
D014,2026-04-03,P003091,811.08,7619.89
D014,2026-06-17,P003091,570.88,6211.49
D014,2025-11-26,P003092,1064.95,10413.93
D014,2026-01-27,P003092,497.38,11423.7
D014,2026-02-01,P003092,1007.31,10715.79
D014,2026-03-07,P003092,734.13,8948.15
D014,2026-05-20,P003092,855.87,14012.03
D014,2026-06-24,P003092,478.68,11249.21
D014,2025-11-11,P003093,691.9,7203.73
D014,2025-12-12,P003093,791.26,10681.42
D014,2026-01-08,P003093,311.01,5589.97
D014,2026-02-10,P003093,443.74,10843.9
D014,2026-04-01,P003093,961.14,11683.69
D014,2026-05-15,P003093,706.38,16739.33
D014,2026-06-01,P003093,287.14,5722.01
D014,2025-12-07,P003094,419.73,9912.92
D014,2026-01-21,P003094,589.04,9211.9
D014,2026-02-01,P003094,506.16,11445.65
D014,2026-04-25,P003094,1252.24,14750.61
D014,2026-05-21,P003094,771.73,12870.91
D014,2026-06-27,P003094,404.01,4649.57
D014,2025-11-21,P003095,1032.54,22563.74
D014,2025-12-01,P003095,552.71,12867.49
D014,2026-01-08,P003095,2430.09,39837.17
D014,2026-02-15,P003095,2362.09,25432.17
D014,2026-03-06,P003095,3162.02,35245.6
D014,2026-04-04,P003095,1707.96,31648.48
D014,2026-05-19,P003095,2260.6,25461.79
D014,2026-06-19,P003095,1711.42,23581.13
D014,2025-11-25,P003096,303.94,4426.89
D014,2025-12-11,P003096,500.53,6365.92
D014,2026-01-27,P003096,243.35,4483.93
D014,2026-02-07,P003096,511.7,8462.5
D014,2026-03-02,P003096,176.87,3710.89
D014,2026-04-09,P003096,478.89,4221.07
D014,2026-05-05,P003096,816.62,7832.21
D014,2026-06-04,P003096,308.2,5554.87
D014,2025-12-02,P003097,364.35,4333.51
D014,2026-01-18,P003097,164.53,3612.14
D014,2026-02-06,P003097,163.49,2461.0
D014,2026-03-15,P003097,92.38,1647.6
D014,2026-04-06,P003097,263.51,2496.74
D014,2026-05-01,P003097,157.5,1815.65
D014,2026-06-26,P003097,99.32,2165.58
D014,2025-11-17,P003098,101.29,2247.37
D014,2025-12-03,P003098,144.34,2549.81
D014,2026-01-15,P003098,314.23,3718.51
D014,2026-02-13,P003098,251.23,2031.67
D014,2026-03-17,P003098,308.18,2984.05
D014,2026-04-15,P003098,541.44,4659.23
D014,2026-05-06,P003098,282.22,3468.42
D014,2026-06-08,P003098,287.94,3382.98
D014,2025-11-10,P003099,304.18,6137.64
D014,2025-12-02,P003099,488.95,8900.87
D014,2026-01-16,P003099,292.69,5604.02
D014,2026-02-19,P003099,239.46,3596.13
D014,2026-05-22,P003099,210.96,2993.7
D014,2026-06-17,P003099,228.33,4418.66
D014,2025-11-16,P003100,863.41,16745.2
D014,2025-12-07,P003100,564.45,12919.22
D014,2026-01-15,P003100,640.96,9887.67
D014,2026-02-26,P003100,358.29,6665.05
D014,2026-04-18,P003100,1006.73,21625.18
D014,2026-05-07,P003100,368.28,8940.02
D014,2026-06-07,P003100,678.78,13696.47
D014,2026-01-10,P003101,358.12,3284.45
D014,2026-03-15,P003101,185.24,2924.88
D014,2026-02-20,P003102,1072.24,22282.44
D014,2026-03-08,P003102,783.59,17749.75
D014,2026-04-17,P003102,855.76,15282.07
D014,2026-05-03,P003102,2067.14,36909.91
D014,2026-06-04,P003102,1908.43,36742.62
D014,2025-11-13,P003103,146.84,1699.15
D014,2025-12-14,P003103,73.7,1173.88
D014,2026-02-15,P003103,328.86,3537.0
D014,2026-05-22,P003103,58.99,1110.94
D014,2026-06-02,P003103,174.45,3107.86
D014,2025-11-02,P003104,903.86,19640.65
D014,2025-12-22,P003104,546.53,12495.61
D014,2026-01-26,P003104,512.09,11483.02
D014,2026-02-11,P003104,566.14,13311.83
D014,2026-03-02,P003104,276.82,6078.07
D014,2026-04-24,P003104,884.57,21499.76
D014,2026-05-13,P003104,438.87,10898.75
D014,2026-06-25,P003104,873.0,9456.01
D014,2025-11-06,P003105,297.49,5074.52
D014,2025-12-13,P003105,506.94,4182.6
D014,2026-01-21,P003105,280.81,6496.69
D014,2026-02-06,P003105,290.2,4990.8
D014,2026-03-09,P003105,285.64,4905.36
D014,2026-04-19,P003105,703.36,5871.6
D014,2026-05-21,P003105,269.52,4236.77
D014,2025-11-18,P003106,187.64,3691.25
D014,2025-12-02,P003106,321.95,4075.41
D014,2026-01-04,P003106,302.57,2531.27
D014,2026-03-07,P003106,231.43,2882.74
D014,2026-05-20,P003106,150.88,3389.7
D014,2026-06-16,P003106,304.86,3321.31
D014,2025-11-25,P003107,70.54,1535.42
D014,2025-12-27,P003107,141.57,2352.17
D014,2026-01-08,P003107,144.3,3014.27
D014,2026-02-09,P003107,142.72,2889.45
D014,2026-04-07,P003107,120.9,1476.71
D014,2026-06-14,P003107,132.04,2365.66
D014,2025-11-20,P003108,277.68,2798.98
D014,2025-12-01,P003108,171.51,2696.72
D014,2026-01-11,P003108,209.22,3783.58
D014,2026-03-02,P003108,417.21,5523.1
D014,2026-04-08,P003108,463.68,5573.54
D014,2026-06-20,P003108,654.04,5360.93
D014,2025-11-27,P003109,353.8,7374.09
D014,2025-12-17,P003109,353.43,5071.92
D014,2026-01-23,P003109,723.62,8211.95
D014,2026-02-27,P003109,252.71,3330.38
D014,2026-03-06,P003109,271.76,4714.09
D014,2026-04-01,P003109,930.28,8524.79
D014,2026-05-19,P003109,542.17,7190.6
D014,2026-06-24,P003109,232.14,5272.68
D014,2025-12-18,P003110,3406.44,38150.36
D014,2026-01-10,P003110,2299.47,19493.36
D014,2026-03-18,P003110,645.87,15316.6
D014,2026-04-19,P003110,2255.03,25558.91
D014,2026-05-10,P003110,1002.8,24977.39
D014,2025-11-02,P003111,363.95,8865.09
D014,2025-12-23,P003111,458.58,6591.41
D014,2026-01-10,P003111,472.86,5894.6
D014,2026-02-21,P003111,236.89,3964.17
D014,2026-03-27,P003111,884.5,8674.75
D014,2026-04-15,P003111,605.2,5233.56
D014,2026-05-07,P003111,254.6,5212.43
D014,2025-11-12,P003112,441.15,10512.55
D014,2025-12-17,P003112,571.47,9915.93
D014,2026-01-18,P003112,1129.11,12261.1
D014,2026-02-10,P003112,653.99,8427.85
D014,2026-03-24,P003112,517.66,10405.89
D014,2026-04-21,P003112,380.29,9401.92
D014,2026-05-02,P003112,168.45,4074.9
D014,2026-06-18,P003112,592.13,7012.48
D014,2025-11-10,P003113,225.54,4798.04
D014,2025-12-26,P003113,236.25,4611.09
D014,2026-01-26,P003113,110.59,2596.56
D014,2026-03-15,P003113,138.02,3311.31
D014,2026-04-16,P003113,494.28,5346.76
D014,2026-05-23,P003113,142.29,3188.47
D014,2026-06-12,P003113,209.19,2157.35
D014,2025-11-12,P003114,1271.18,29764.04
D014,2025-12-15,P003114,1924.64,29042.3
D014,2026-02-13,P003114,1738.28,24937.98
D014,2026-04-05,P003114,2591.92,29817.75
D014,2026-05-24,P003114,2446.46,20552.77
D014,2026-06-08,P003114,1633.65,21667.76
D014,2025-11-13,P003115,475.52,6840.67
D014,2025-12-27,P003115,264.01,3701.86
D014,2026-01-14,P003115,720.87,8854.3
D014,2026-02-04,P003115,471.04,7944.86
D014,2026-04-07,P003115,165.14,3052.57
D014,2026-05-14,P003115,343.48,5864.32
D014,2026-06-21,P003115,915.87,7989.45
D014,2025-11-03,P003116,860.89,13403.82
D014,2025-12-06,P003116,649.41,10180.36
D014,2026-01-12,P003116,497.71,10163.15
D014,2026-04-27,P003116,258.91,5722.81
D014,2026-05-10,P003116,1780.99,15950.52
D014,2026-06-07,P003116,1735.36,14113.63
D014,2025-11-01,P003117,453.83,4867.52
D014,2025-12-22,P003117,466.67,5659.65
D014,2026-02-05,P003117,205.73,4958.17
D014,2026-04-22,P003117,314.82,3838.93
D014,2026-05-02,P003117,293.8,6240.86
D014,2026-06-10,P003117,383.36,7756.76
D014,2025-11-14,P003118,2672.21,27763.97
D014,2025-12-27,P003118,1841.32,24285.54
D014,2026-01-21,P003118,1332.27,29247.22
D014,2026-02-16,P003118,1221.41,28208.44
D014,2026-03-10,P003118,2532.38,27953.6
D014,2026-04-12,P003118,1593.63,32544.91
D014,2026-05-11,P003118,1646.83,22748.96
D014,2025-12-16,P003119,1147.07,13622.83
D014,2026-01-08,P003119,751.11,6332.52
D014,2026-02-03,P003119,1701.85,13975.08
D014,2026-03-22,P003119,587.67,10960.3
D014,2026-05-23,P003119,995.5,16377.84
D014,2026-06-05,P003119,389.38,9699.59
D014,2025-11-09,P003120,142.67,3394.93
D014,2025-12-23,P003120,203.6,3845.64
D014,2026-02-20,P003120,132.58,3037.52
D014,2026-03-06,P003120,386.3,4630.18
D014,2026-04-03,P003120,183.7,4510.72
D014,2026-05-19,P003120,192.38,3776.11
D014,2025-11-14,P003121,1267.39,26879.6
D014,2025-12-20,P003121,524.12,13030.59
D014,2026-01-04,P003121,1316.16,14551.18
D014,2026-02-11,P003121,395.43,6161.89
D014,2026-03-12,P003121,717.49,12742.61
D014,2026-04-01,P003121,1058.55,18386.68
D014,2026-05-24,P003121,815.72,10911.94
D014,2026-06-26,P003121,136.7,3182.72
D014,2025-11-17,P003122,239.76,2909.47
D014,2025-12-04,P003122,55.2,1171.2
D014,2026-02-09,P003122,121.7,2144.31
D014,2026-03-14,P003122,145.19,3079.51
D014,2026-04-12,P003122,208.06,1748.51
D014,2026-05-19,P003122,263.56,2576.79
D014,2025-11-18,P003123,433.34,6969.53
D014,2026-01-17,P003123,322.5,6475.38
D014,2026-02-22,P003123,425.75,9550.53
D014,2026-03-16,P003123,147.14,3530.65
D014,2026-04-09,P003123,639.44,9705.45
D014,2026-05-25,P003123,315.71,7162.35
D014,2026-06-13,P003123,365.33,6308.05
D014,2025-12-22,P003124,250.01,6237.17
D014,2026-02-23,P003124,913.85,11276.39
D014,2026-04-15,P003124,599.44,12372.32
D014,2026-05-23,P003124,501.41,7636.73
D014,2026-06-13,P003124,749.48,14125.82
D014,2025-12-27,P003125,286.8,6630.93
D014,2026-01-25,P003125,189.06,3184.17
D014,2026-02-21,P003125,423.41,6895.08
D014,2026-03-14,P003125,315.94,4643.79
D014,2026-04-13,P003125,791.11,7422.56
D014,2026-05-08,P003125,350.7,5250.11
D014,2026-06-11,P003125,276.37,4486.64
D014,2025-11-20,P003126,2436.2,31505.09
D014,2025-12-23,P003126,1978.09,24918.72
D014,2026-01-10,P003126,3125.02,32853.23
D014,2026-02-14,P003126,1500.16,21908.62
D014,2026-03-05,P003126,1075.18,19643.61
D014,2026-04-07,P003126,2244.36,25551.47
D014,2026-05-16,P003126,1197.84,21136.31
D014,2025-11-21,P003127,6970.79,62293.62
D014,2025-12-13,P003127,5170.29,62025.28
D014,2026-01-12,P003127,3276.76,44525.48
D014,2026-02-18,P003127,3840.8,82955.6
D014,2026-03-14,P003127,2168.88,44741.6
D014,2026-04-22,P003127,3820.81,42617.04
D014,2026-05-14,P003127,4612.11,60933.99
D014,2026-06-08,P003127,1794.15,33181.89
D014,2025-11-02,P003128,98.41,1784.26
D014,2025-12-10,P003128,467.31,5948.85
D014,2026-01-26,P003128,179.25,4103.3
D014,2026-02-20,P003128,356.71,3166.0
D014,2026-04-23,P003128,283.89,6983.68
D014,2026-06-07,P003128,348.0,8162.28
D014,2025-11-14,P003129,238.34,4022.85
D014,2025-12-21,P003129,85.98,1857.94
D014,2026-01-20,P003129,423.2,3479.98
D014,2026-02-21,P003129,366.6,4834.64
D014,2026-03-25,P003129,725.23,6646.5
D014,2026-04-12,P003129,259.14,3614.37
D014,2026-05-22,P003129,161.41,3786.94
D014,2026-06-03,P003129,226.75,4491.91
D014,2025-11-09,P003130,2738.41,25414.51
D014,2025-12-13,P003130,2074.74,33505.64
D014,2026-01-09,P003130,2281.3,32714.64
D014,2026-02-21,P003130,1132.54,15130.17
D014,2026-03-24,P003130,1613.39,33076.24
D014,2026-04-05,P003130,3760.11,38268.34
D014,2026-05-02,P003130,3406.92,55205.49
D014,2026-06-06,P003130,2243.73,50463.58
D014,2025-11-01,P003131,4958.2,54437.26
D014,2025-12-14,P003131,2262.36,50910.97
D014,2026-01-21,P003131,1847.88,41114.53
D014,2026-02-10,P003131,1715.84,41357.36
D014,2026-03-14,P003131,3398.69,55197.68
D014,2026-04-07,P003131,2222.78,35582.51
D014,2026-05-08,P003131,3979.66,33968.95
D014,2026-06-21,P003131,2254.31,26362.96
D014,2025-11-03,P003132,229.11,4002.51
D014,2025-12-17,P003132,356.33,7534.68
D014,2026-01-07,P003132,397.99,3956.61
D014,2026-02-15,P003132,302.44,6368.02
D014,2026-03-25,P003132,313.46,5312.18
D014,2026-04-06,P003132,194.93,3956.72
D014,2026-05-16,P003132,144.26,2402.97
D014,2026-06-06,P003132,691.97,9352.05
D014,2025-11-13,P003133,377.21,6426.24
D014,2025-12-02,P003133,596.62,9426.9
D014,2026-01-03,P003133,644.74,9164.17
D014,2026-02-04,P003133,396.34,8092.31
D014,2026-03-06,P003133,300.96,4813.2
D014,2026-04-19,P003133,308.94,6552.34
D014,2026-05-07,P003133,132.16,2655.9
D014,2026-06-21,P003133,278.96,2744.66
D014,2025-12-17,P003134,526.5,9556.91
D014,2026-01-09,P003134,900.04,8160.62
D014,2026-02-13,P003134,407.87,9091.75
D014,2026-03-04,P003134,1110.46,12005.51
D014,2026-04-08,P003134,346.33,8051.45
D014,2026-05-23,P003134,862.97,8289.64
D014,2026-06-02,P003134,523.24,11081.0
D014,2025-11-02,P003135,2253.06,28253.96
D014,2025-12-12,P003135,1139.78,17416.92
D014,2026-02-03,P003135,1039.05,14132.28
D014,2026-03-27,P003135,1494.85,17160.62
D014,2026-04-14,P003135,968.83,21362.49
D014,2026-05-23,P003135,890.0,15923.96
D014,2025-11-26,P003136,287.43,6736.89
D014,2025-12-19,P003136,281.56,4600.0
D014,2026-01-03,P003136,506.3,6421.49
D014,2026-02-11,P003136,78.63,1920.04
D014,2026-03-26,P003136,222.92,4725.06
D014,2026-05-04,P003136,164.54,4067.49
D014,2026-06-10,P003136,307.04,7478.72
D014,2025-11-14,P003137,3509.69,71824.11
D014,2025-12-05,P003137,1825.7,30705.62
D014,2026-02-10,P003137,5290.91,53708.23
D014,2026-03-05,P003137,2281.75,56575.65
D014,2026-04-02,P003137,4796.29,50221.8
D014,2026-05-22,P003137,2182.21,49896.69
D014,2026-06-04,P003137,1581.88,37199.56
D014,2025-11-02,P003138,1738.14,38688.37
D014,2025-12-03,P003138,5837.64,137850.85
D014,2026-01-07,P003138,9590.15,95742.3
D014,2026-02-09,P003138,6916.3,116978.9
D014,2026-03-01,P003138,2374.98,56963.88
D014,2026-04-17,P003138,8677.13,137797.82
D014,2026-05-14,P003138,8221.89,113605.82
D014,2026-06-20,P003138,5137.46,85467.01
D014,2025-12-10,P003139,348.35,4481.08
D014,2026-02-09,P003139,477.3,5975.2
D014,2026-03-15,P003139,335.77,4146.25
D014,2026-04-12,P003139,265.32,6553.16
D014,2026-05-06,P003139,144.57,2625.82
D014,2026-06-17,P003139,246.36,3972.78
D014,2025-11-26,P003140,64.06,1108.4
D014,2025-12-18,P003140,77.23,1444.65
D014,2026-01-04,P003140,88.78,2198.09
D014,2026-02-09,P003140,143.06,1776.38
D014,2026-03-08,P003140,170.68,2782.36
D014,2026-04-16,P003140,194.24,4212.27
D014,2026-05-13,P003140,329.62,2821.83
D014,2026-06-24,P003140,164.43,2678.14
D014,2025-11-25,P003141,341.44,2944.2
D014,2025-12-20,P003141,304.04,3981.16
D014,2026-01-23,P003141,189.24,2764.47
D014,2026-02-14,P003141,192.86,2673.42
D014,2026-04-03,P003141,106.05,2205.5
D014,2026-05-01,P003141,129.74,3051.53
D014,2026-06-01,P003141,144.33,2198.18
D014,2025-12-04,P003142,1650.31,23694.2
D014,2026-01-15,P003142,1199.67,26933.07
D014,2026-02-05,P003142,640.58,14219.39
D014,2026-03-09,P003142,1477.32,20066.82
D014,2026-04-26,P003142,2263.8,20124.96
D014,2026-06-07,P003142,1312.35,28372.6
D014,2025-11-19,P003143,1623.41,38811.21
D014,2026-01-03,P003143,1190.51,9985.7
D014,2026-02-22,P003143,999.0,24429.82
D014,2026-04-20,P003143,3497.56,29867.46
D014,2026-06-22,P003143,1626.92,32421.73
D014,2025-11-21,P003144,953.05,12491.4
D014,2025-12-03,P003144,1061.87,15348.25
D014,2026-01-23,P003144,1378.06,27798.36
D014,2026-02-01,P003144,760.96,6917.36
D014,2026-03-01,P003144,1525.23,17649.67
D014,2026-04-14,P003144,1182.49,24225.12
D014,2026-05-23,P003144,1193.29,16871.3
D014,2026-06-18,P003144,2640.62,26585.03
D014,2025-11-01,P003145,427.24,4743.45
D014,2025-12-01,P003145,219.46,5278.53
D014,2026-01-19,P003145,358.1,4928.57
D014,2026-02-09,P003145,309.18,5308.19
D014,2026-03-03,P003145,421.7,4415.1
D014,2026-04-07,P003145,344.54,3161.98
D014,2026-05-26,P003145,298.56,5079.42
D014,2026-06-03,P003145,216.74,4212.06
D014,2025-11-03,P003146,984.36,19069.56
D014,2025-12-19,P003146,869.33,15618.96
D014,2026-01-22,P003146,679.86,13273.62
D014,2026-02-20,P003146,845.46,8918.32
D014,2026-03-18,P003146,813.53,15785.55
D014,2026-06-08,P003146,1272.41,16769.12
D014,2025-11-02,P003147,1341.51,12325.23
D014,2026-01-08,P003147,1134.04,11391.35
D014,2026-02-13,P003147,692.02,12205.42
D014,2026-03-12,P003147,800.63,12112.54
D014,2026-04-14,P003147,663.48,10584.02
D014,2026-05-08,P003147,1028.07,11412.73
D014,2026-06-19,P003147,1336.39,11863.89
D014,2025-11-20,P003148,2554.3,30535.25
D014,2025-12-23,P003148,1796.67,19562.77
D014,2026-01-11,P003148,1468.05,21185.07
D014,2026-02-18,P003148,444.65,8226.2
D014,2026-03-19,P003148,223.68,5029.84
D014,2026-04-06,P003148,1301.47,15633.51
D014,2026-05-17,P003148,933.16,21647.03
D014,2026-06-07,P003148,1062.32,22724.56
D014,2025-11-20,P003149,479.4,8170.03
D014,2025-12-18,P003149,1204.15,14637.96
D014,2026-01-19,P003149,1024.31,12190.89
D014,2026-02-26,P003149,226.27,5583.46
D014,2026-03-03,P003149,1127.49,9272.9
D014,2026-04-04,P003149,492.0,11101.91
D014,2026-05-15,P003149,424.93,8830.8
D014,2025-11-14,P003150,811.85,18105.2
D014,2025-12-01,P003150,2153.65,20863.4
D014,2026-01-16,P003150,915.47,20231.5
D014,2026-02-14,P003150,1046.97,11451.33
D014,2026-03-15,P003150,1289.79,15480.49
D014,2026-04-15,P003150,1938.33,17273.69
D014,2026-05-22,P003150,1018.46,19963.19
D014,2026-06-07,P003150,1968.57,18790.55
D014,2025-12-25,P003151,1644.58,30975.56
D014,2026-01-10,P003151,1278.6,22439.47
D014,2026-02-10,P003151,2360.71,52018.72
D014,2026-04-11,P003151,1543.18,24428.19
D014,2026-05-08,P003151,3582.68,48919.6
D014,2026-06-03,P003151,1721.41,29771.09
D014,2025-12-23,P003152,266.42,5425.14
D014,2026-01-11,P003152,880.67,7060.42
D014,2026-02-04,P003152,183.75,3085.42
D014,2026-03-03,P003152,430.51,6917.2
D014,2026-04-06,P003152,443.67,7472.97
D014,2026-05-25,P003152,432.34,8552.11
D014,2026-06-20,P003152,348.77,4917.3
D014,2025-12-16,P003153,1241.26,14835.02
D014,2026-01-04,P003153,381.12,9397.48
D014,2026-02-20,P003153,1258.17,13246.75
D014,2026-03-12,P003153,309.1,5493.83
D014,2026-05-24,P003153,397.63,7429.58
D014,2026-06-23,P003153,781.52,13603.73
D014,2025-11-03,P003154,337.22,6816.5
D014,2025-12-02,P003154,691.08,5626.64
D014,2026-01-11,P003154,370.14,4953.24
D014,2026-02-21,P003154,662.98,6828.22
D014,2026-03-15,P003154,335.71,2935.25
D014,2026-04-15,P003154,292.0,5756.4
D014,2026-05-16,P003154,187.87,4138.7
D014,2026-06-15,P003154,265.82,6367.51
D014,2025-11-24,P003155,209.27,4497.38
D014,2026-01-19,P003155,284.56,4407.05
D014,2026-02-08,P003155,608.9,7695.18
D014,2026-03-06,P003155,514.89,5333.06
D014,2026-04-19,P003155,209.92,3509.52
D014,2026-05-27,P003155,200.6,4619.75
D014,2026-06-22,P003155,216.39,4139.77
D014,2025-11-08,P003156,3271.02,39030.79
D014,2025-12-24,P003156,1315.63,25470.01
D014,2026-01-03,P003156,4208.49,42981.24
D014,2026-02-05,P003156,1475.01,29678.75
D014,2026-03-12,P003156,1799.82,27487.61
D014,2026-05-06,P003156,2747.43,29263.99
D014,2026-06-20,P003156,1344.24,31965.91
D014,2025-11-13,P003157,272.48,4514.79
D014,2025-12-24,P003157,137.47,3151.96
D014,2026-02-24,P003157,264.37,6191.11
D014,2026-03-08,P003157,140.85,2254.01
D014,2026-04-02,P003157,149.7,2708.79
D014,2026-05-27,P003157,485.72,4608.45
D014,2026-06-14,P003157,203.95,4064.75
D014,2025-11-18,P003158,504.35,10174.95
D014,2025-12-15,P003158,205.2,3945.86
D014,2026-01-22,P003158,201.61,3138.99
D014,2026-03-22,P003158,239.73,5468.23
D014,2026-05-11,P003158,305.17,7395.31
D014,2026-06-02,P003158,320.94,4756.51
D014,2025-11-07,P003159,167.16,3211.41
D014,2025-12-23,P003159,473.12,5828.25
D014,2026-01-17,P003159,334.0,6188.75
D014,2026-02-20,P003159,518.59,4773.81
D014,2026-03-03,P003159,626.48,7946.99
D014,2026-04-02,P003159,269.88,5542.33
D014,2026-05-08,P003159,353.15,7709.04
D014,2025-11-27,P003160,216.88,2338.93
D014,2026-01-25,P003160,822.95,17265.75
D014,2026-02-03,P003160,1085.51,24349.02
D014,2026-03-12,P003160,1128.77,26632.78
D014,2026-04-02,P003160,1568.02,12867.63
D014,2026-05-08,P003160,2089.16,18987.26
D014,2026-06-11,P003160,587.65,12363.77
D014,2025-11-19,P003161,2711.88,34819.3
D014,2026-01-16,P003161,878.86,21505.15
D014,2026-02-01,P003161,1207.13,22985.64
D014,2026-03-21,P003161,1068.85,17117.23
D014,2026-04-16,P003161,1853.2,26092.76
D014,2026-05-08,P003161,3718.39,35316.1
D014,2026-06-07,P003161,3481.3,48339.24
D014,2025-11-12,P003162,1539.6,27969.54
D014,2025-12-19,P003162,3050.86,44503.0
D014,2026-01-25,P003162,3730.91,61469.47
D014,2026-02-22,P003162,2057.88,50798.82
D014,2026-03-22,P003162,4616.62,57144.2
D014,2026-04-25,P003162,7581.46,74116.43
D014,2026-06-18,P003162,2589.74,61002.96
D014,2025-11-26,P003163,177.23,4298.15
D014,2025-12-20,P003163,163.32,3653.09
D014,2026-01-15,P003163,219.93,3248.52
D014,2026-03-04,P003163,192.19,3336.48
D014,2026-04-08,P003163,309.65,4223.54
D014,2026-05-26,P003163,298.96,3346.7
D014,2026-06-08,P003163,404.0,3930.2
D014,2025-11-21,P003164,101.73,2368.37
D014,2025-12-01,P003164,162.94,3162.32
D014,2026-01-02,P003164,74.5,851.61
D014,2026-02-23,P003164,84.65,1668.99
D014,2026-03-09,P003164,220.45,3483.31
D014,2026-04-10,P003164,234.22,2915.89
D014,2026-05-09,P003164,104.71,2462.22
D014,2026-06-03,P003164,81.1,1286.9
D014,2025-11-22,P003165,103.67,2275.33
D014,2025-12-16,P003165,59.07,989.73
D014,2026-01-08,P003165,69.36,1682.38
D014,2026-03-06,P003165,307.45,3443.41
D014,2026-04-06,P003165,137.19,3195.52
D014,2026-05-09,P003165,126.87,2693.1
D014,2025-11-20,P003166,306.7,5222.83
D014,2025-12-27,P003166,222.73,4620.89
D014,2026-01-16,P003166,266.02,5475.0
D014,2026-02-27,P003166,426.21,4978.78
D014,2026-04-16,P003166,203.9,4731.08
D014,2026-05-13,P003166,238.05,3397.52
D014,2026-06-16,P003166,125.23,3113.31
D015,2025-11-03,P003167,109.83,2696.8
D015,2025-12-11,P003167,245.75,2785.21
D015,2026-01-09,P003167,221.04,3192.07
D015,2026-03-25,P003167,108.91,2427.03
D015,2026-04-19,P003167,137.82,3025.97
D015,2026-05-23,P003167,175.72,3953.46
D015,2025-11-16,P003168,1615.88,23959.9
D015,2025-12-07,P003168,1719.51,18088.47
D015,2026-01-10,P003168,2170.13,24677.09
D015,2026-02-16,P003168,3516.59,29951.48
D015,2026-03-25,P003168,826.67,15588.8
D015,2026-04-14,P003168,2535.0,25030.71
D015,2026-05-16,P003168,618.96,11898.54
D015,2026-06-23,P003168,1191.43,22024.15
D015,2025-11-25,P003169,4856.83,66570.59
D015,2026-01-03,P003169,4419.63,41198.05
D015,2026-02-10,P003169,1892.7,46551.9
D015,2026-03-15,P003169,4165.65,38922.18
D015,2026-04-11,P003169,2665.43,42713.55
D015,2026-05-01,P003169,1845.48,42243.03
D015,2026-06-04,P003169,1380.2,27613.14
D015,2025-11-12,P003170,391.14,7581.11
D015,2025-12-12,P003170,819.78,8976.3
D015,2026-01-15,P003170,1019.44,9426.19
D015,2026-02-26,P003170,990.05,12966.2
D015,2026-04-19,P003170,498.84,9950.85
D015,2025-11-17,P003171,1425.64,29513.11
D015,2025-12-21,P003171,1139.97,13398.89
D015,2026-02-15,P003171,6864.65,60133.89
D015,2026-04-17,P003171,6243.42,58379.76
D015,2026-06-16,P003171,3481.01,45540.81
D015,2025-11-10,P003172,74.03,1307.76
D015,2026-01-25,P003172,199.54,1703.18
D015,2026-02-10,P003172,157.86,2378.56
D015,2026-03-22,P003172,88.81,2218.04
D015,2026-04-20,P003172,150.0,3158.96
D015,2026-05-09,P003172,122.79,2407.63
D015,2026-06-02,P003172,136.82,2317.66
D015,2025-11-26,P003173,697.03,9882.39
D015,2025-12-24,P003173,470.6,10756.68
D015,2026-01-19,P003173,476.4,9397.82
D015,2026-02-19,P003173,351.68,8551.78
D015,2026-05-24,P003173,234.54,3344.92
D015,2026-06-17,P003173,1022.08,10394.61
D015,2025-11-06,P003174,724.69,9410.73
D015,2025-12-08,P003174,993.71,13261.02
D015,2026-01-20,P003174,965.0,11062.23
D015,2026-02-25,P003174,541.08,12236.77
D015,2026-03-20,P003174,648.76,7162.49
D015,2026-04-02,P003174,431.6,6468.83
D015,2026-06-25,P003174,581.33,14295.99
D015,2025-11-25,P003175,277.7,5237.27
D015,2025-12-15,P003175,481.49,7192.59
D015,2026-01-23,P003175,635.43,6100.55
D015,2026-02-12,P003175,233.69,5466.73
D015,2026-03-23,P003175,394.11,6319.87
D015,2026-06-17,P003175,366.53,4308.27
D015,2025-11-23,P003176,776.19,7015.62
D015,2025-12-19,P003176,665.08,8734.91
D015,2026-02-15,P003176,815.63,17416.32
D015,2026-03-18,P003176,609.35,11849.18
D015,2026-04-20,P003176,915.84,17137.97
D015,2026-06-01,P003176,552.77,9365.31
D015,2025-11-18,P003177,3128.15,74780.93
D015,2025-12-12,P003177,2142.2,45859.66
D015,2026-01-10,P003177,3168.73,69416.17
D015,2026-02-08,P003177,2934.38,57931.13
D015,2026-03-17,P003177,4525.06,76482.85
D015,2026-04-04,P003177,1944.42,47893.99
D015,2026-05-20,P003177,4747.64,80124.07
D015,2026-06-24,P003177,1859.59,23906.26
D015,2025-11-26,P003178,1555.22,15839.31
D015,2025-12-16,P003178,5385.09,44345.68
D015,2026-01-27,P003178,1997.57,34207.3
D015,2026-02-25,P003178,2302.07,39231.64
D015,2026-03-04,P003178,2326.12,39445.33
D015,2026-04-11,P003178,3562.43,46815.03
D015,2026-05-07,P003178,1902.07,34408.01
D015,2025-12-04,P003179,163.57,2624.88
D015,2026-01-07,P003179,133.3,2551.51
D015,2026-02-12,P003179,96.01,2048.57
D015,2026-04-26,P003179,425.9,3932.34
D015,2026-05-10,P003179,187.18,3544.53
D015,2026-06-10,P003179,171.37,3613.4
D015,2025-11-22,P003180,3755.89,30053.2
D015,2025-12-22,P003180,3379.9,38330.01
D015,2026-01-07,P003180,5709.58,46111.47
D015,2026-02-09,P003180,1816.8,39787.37
D015,2026-03-26,P003180,1890.81,38928.36
D015,2026-04-08,P003180,2156.06,43153.28
D015,2026-05-27,P003180,2164.29,39244.69
D015,2026-06-27,P003180,1644.23,40387.75
D015,2025-11-07,P003181,1665.64,35874.32
D015,2025-12-03,P003181,2153.85,39378.09
D015,2026-01-06,P003181,1472.04,33646.86
D015,2026-03-16,P003181,2350.59,34587.16
D015,2026-05-01,P003181,1759.29,29959.76
D015,2026-06-26,P003181,3966.05,52172.46
D015,2025-11-09,P003182,384.85,5342.94
D015,2025-12-03,P003182,391.77,5008.76
D015,2026-01-14,P003182,128.31,3017.32
D015,2026-02-15,P003182,340.16,4139.31
D015,2026-03-14,P003182,141.41,2789.25
D015,2026-04-21,P003182,206.11,4620.31
D015,2026-05-15,P003182,268.17,4273.12
D015,2026-06-20,P003182,464.03,5859.16
D015,2025-11-03,P003183,781.56,18304.74
D015,2025-12-03,P003183,384.65,3987.19
D015,2026-01-01,P003183,888.98,21305.28
D015,2026-02-02,P003183,1462.5,18379.02
D015,2026-03-15,P003183,446.95,8266.04
D015,2026-04-15,P003183,587.83,11969.77
D015,2026-05-22,P003183,1651.17,19138.1
D015,2025-11-02,P003184,1868.88,18670.42
D015,2025-12-13,P003184,4698.91,63878.3
D015,2026-01-03,P003184,1288.91,25835.76
D015,2026-03-08,P003184,1529.17,37508.25
D015,2026-04-06,P003184,2699.48,38509.13
D015,2026-05-12,P003184,3712.7,39754.69
D015,2026-06-13,P003184,1807.78,15698.83
D015,2025-12-16,P003185,326.03,4104.9
D015,2026-02-25,P003185,231.9,3139.3
D015,2026-03-20,P003185,229.01,3131.22
D015,2026-04-13,P003185,131.4,3080.96
D015,2026-05-09,P003185,158.41,1732.14
D015,2026-06-25,P003185,128.82,2382.8
D015,2025-11-21,P003186,142.13,3301.15
D015,2025-12-25,P003186,340.04,6308.74
D015,2026-01-08,P003186,260.16,5074.12
D015,2026-02-09,P003186,379.55,3578.55
D015,2026-03-24,P003186,267.87,3788.02
D015,2026-04-15,P003186,301.37,3722.77
D015,2026-05-09,P003186,337.4,5954.1
D015,2026-06-19,P003186,214.78,3374.02
D015,2025-11-09,P003187,110.87,989.8
D015,2026-01-11,P003187,138.29,1953.75
D015,2026-02-20,P003187,73.06,1812.2
D015,2026-03-21,P003187,74.2,1583.34
D015,2026-04-09,P003187,169.24,2190.54
D015,2026-05-16,P003187,62.26,1387.41
D015,2026-06-11,P003187,76.98,1195.06
D015,2025-11-27,P003188,319.91,4813.96
D015,2026-01-10,P003188,225.63,5440.38
D015,2026-02-11,P003188,265.03,5034.52
D015,2026-03-13,P003188,613.43,5067.24
D015,2026-04-08,P003188,195.38,4352.22
D015,2025-11-19,P003189,207.92,1845.18
D015,2025-12-07,P003189,161.13,2572.94
D015,2026-01-12,P003189,257.0,2380.41
D015,2026-02-03,P003189,149.2,2361.42
D015,2026-04-26,P003189,513.57,5489.33
D015,2026-05-06,P003189,190.68,2734.99
D015,2026-06-15,P003189,193.66,2454.27
D015,2026-01-12,P003190,793.04,16995.57
D015,2026-02-20,P003190,943.94,15546.16
D015,2026-03-08,P003190,229.36,4294.27
D015,2026-04-18,P003190,890.39,7794.36
D015,2026-05-11,P003190,999.51,15053.24
D015,2026-06-17,P003190,1086.91,12707.21
D015,2025-11-16,P003191,564.97,12677.91
D015,2025-12-20,P003191,2976.36,24580.08
D015,2026-01-15,P003191,2461.73,30088.14
D015,2026-02-09,P003191,2072.69,18623.94
D015,2026-03-13,P003191,2454.02,21734.24
D015,2026-04-15,P003191,773.46,17826.95
D015,2026-05-15,P003191,1429.84,27195.4
D015,2025-11-26,P003192,248.5,5409.9
D015,2025-12-27,P003192,549.46,9741.39
D015,2026-01-17,P003192,994.4,9139.87
D015,2026-03-17,P003192,1044.61,11873.06
D015,2026-04-25,P003192,602.24,12220.1
D015,2026-06-23,P003192,648.85,7720.15
D015,2026-02-22,P003193,209.57,3266.43
D015,2026-03-27,P003193,178.06,1886.0
D015,2026-04-08,P003193,409.81,3406.36
D015,2026-05-09,P003193,172.92,2882.04
D015,2026-06-11,P003193,379.05,7348.7
D015,2025-11-25,P003194,146.95,2546.69
D015,2025-12-07,P003194,268.48,3057.42
D015,2026-01-20,P003194,179.7,2385.15
D015,2026-02-15,P003194,180.59,1960.43
D015,2026-03-19,P003194,200.9,4847.48
D015,2026-04-26,P003194,234.96,2833.51
D015,2026-05-12,P003194,158.5,2902.31
D015,2025-11-15,P003195,234.02,2853.57
D015,2025-12-27,P003195,176.23,1553.21
D015,2026-01-16,P003195,141.33,2090.29
D015,2026-04-16,P003195,126.82,2432.27
D015,2026-05-25,P003195,121.92,2224.76
D015,2026-06-17,P003195,138.83,2639.5
D015,2025-11-04,P003196,323.85,5900.87
D015,2026-01-18,P003196,388.94,6596.78
D015,2026-02-21,P003196,438.85,10603.34
D015,2026-03-12,P003196,377.8,7119.53
D015,2026-05-09,P003196,203.76,3269.16
D015,2026-06-06,P003196,330.57,6195.88
D015,2025-11-19,P003197,928.82,12461.61
D015,2025-12-12,P003197,466.76,8898.26
D015,2026-01-12,P003197,401.23,6860.25
D015,2026-02-24,P003197,407.3,6535.96
D015,2026-03-12,P003197,592.11,11951.39
D015,2026-06-06,P003197,448.86,7313.88
D015,2025-11-11,P003198,504.59,10854.69
D015,2025-12-12,P003198,252.96,4646.15
D015,2026-02-27,P003198,751.36,17201.83
D015,2026-03-09,P003198,510.91,7809.17
D015,2026-04-21,P003198,710.52,10640.41
D015,2026-05-06,P003198,414.94,5145.96
D015,2026-06-08,P003198,939.54,10985.86
D015,2025-11-06,P003199,922.63,21887.96
D015,2025-12-21,P003199,932.84,21989.54
D015,2026-02-01,P003199,1409.61,22632.83
D015,2026-03-08,P003199,1932.74,27972.86
D015,2026-04-03,P003199,1401.4,29420.66
D015,2026-05-18,P003199,1318.92,22980.49
D015,2026-06-27,P003199,2257.47,29424.36
D015,2025-11-03,P003200,2223.05,18022.24
D015,2025-12-14,P003200,1396.14,12333.87
D015,2026-01-12,P003200,1434.3,14098.25
D015,2026-02-17,P003200,1794.17,16985.63
D015,2026-03-17,P003200,2756.98,23202.2
D015,2026-04-04,P003200,1000.89,21256.74
D015,2026-05-15,P003200,1042.18,17960.04
D015,2026-06-06,P003200,911.04,15531.72
D015,2025-11-25,P003201,580.36,8384.13
D015,2025-12-01,P003201,1621.4,20693.22
D015,2026-03-07,P003201,2338.19,22655.57
D015,2026-04-07,P003201,854.52,19841.92
D015,2026-06-12,P003201,624.02,11747.6
D015,2025-12-19,P003202,643.47,15074.67
D015,2026-03-08,P003202,466.99,10205.3
D015,2026-04-07,P003202,866.49,17812.52
D015,2026-05-06,P003202,657.04,15014.14
D015,2026-06-08,P003202,795.81,14023.39
D015,2025-12-01,P003203,767.47,18296.47
D015,2026-01-19,P003203,427.99,8601.15
D015,2026-02-07,P003203,792.32,15836.96
D015,2026-03-03,P003203,473.64,8721.24
D015,2026-04-11,P003203,396.48,9088.7
D015,2025-11-19,P003204,200.96,2351.61
D015,2025-12-09,P003204,104.26,1181.62
D015,2026-01-04,P003204,171.62,2279.95
D015,2026-02-08,P003204,108.95,2257.58
D015,2026-03-08,P003204,101.62,2043.46
D015,2026-04-14,P003204,120.74,1899.43
D015,2026-05-10,P003204,73.96,1438.19
D015,2026-06-26,P003204,210.62,2237.52
D015,2025-11-19,P003205,2400.82,31729.57
D015,2025-12-13,P003205,1422.69,31543.67
D015,2026-01-26,P003205,1854.32,17586.71
D015,2026-02-23,P003205,1678.06,15062.59
D015,2026-03-21,P003205,2824.84,33711.4
D015,2026-04-12,P003205,1466.45,22797.07
D015,2026-05-04,P003205,1655.16,16736.95
D015,2025-11-21,P003206,221.86,1998.66
D015,2025-12-27,P003206,91.0,1576.26
D015,2026-01-15,P003206,239.89,3480.65
D015,2026-02-03,P003206,119.72,1312.22
D015,2026-03-16,P003206,300.82,3079.47
D015,2026-04-04,P003206,175.79,2169.86
D015,2026-05-17,P003206,163.35,1816.02
D015,2026-06-21,P003206,179.2,2850.53
D015,2025-11-25,P003207,814.12,14131.05
D015,2025-12-17,P003207,515.26,7477.04
D015,2026-02-12,P003207,1819.68,17567.28
D015,2026-03-04,P003207,714.4,12192.44
D015,2026-04-05,P003207,373.56,8460.12
D015,2026-05-15,P003207,768.11,17878.53
D015,2026-06-14,P003207,1741.6,19402.35
D015,2025-11-18,P003208,401.71,5466.69
D015,2025-12-19,P003208,60.84,1505.32
D015,2026-01-05,P003208,470.67,4462.12
D015,2026-02-25,P003208,205.3,2626.25
D015,2026-03-22,P003208,176.98,3355.32
D015,2026-04-10,P003208,80.88,1532.67
D015,2026-05-23,P003208,119.47,2966.92
D015,2026-06-21,P003208,294.02,4294.46
D015,2025-11-21,P003209,232.8,3575.34
D015,2025-12-15,P003209,599.46,5241.75
D015,2026-01-15,P003209,405.8,3660.36
D015,2026-03-10,P003209,284.02,3847.64
D015,2026-04-16,P003209,58.73,1296.97
D015,2026-05-01,P003209,236.96,3440.91
D015,2026-06-07,P003209,403.93,4151.83
D015,2025-11-17,P003210,8541.84,71196.18
D015,2025-12-21,P003210,3908.8,47452.03
D015,2026-01-10,P003210,2602.11,53729.02
D015,2026-02-12,P003210,3203.79,35542.82
D015,2026-03-08,P003210,5178.8,66928.63
D015,2026-04-22,P003210,3763.29,66965.43
D015,2026-05-27,P003210,5554.18,50741.16
D015,2026-06-07,P003210,5356.42,45547.35
D015,2025-11-24,P003211,547.45,12672.38
D015,2025-12-15,P003211,399.59,8040.46
D015,2026-01-23,P003211,496.34,7337.62
D015,2026-03-24,P003211,1116.28,15608.36
D015,2026-04-04,P003211,593.61,8993.55
D015,2026-05-23,P003211,361.47,6827.96
D015,2026-06-06,P003211,507.19,9438.48
D015,2025-11-02,P003212,256.34,4304.99
D015,2025-12-26,P003212,641.35,9314.31
D015,2026-01-02,P003212,659.42,10735.02
D015,2026-02-18,P003212,119.11,2569.55
D015,2026-03-15,P003212,496.13,9249.02
D015,2026-04-26,P003212,880.32,11386.14
D015,2026-05-27,P003212,251.11,4750.03
D015,2026-06-14,P003212,545.19,7869.44
D015,2025-12-12,P003213,442.56,10614.78
D015,2026-01-23,P003213,506.93,6191.6
D015,2026-02-06,P003213,141.85,3389.33
D015,2026-04-19,P003213,344.68,7086.71
D015,2025-12-23,P003214,1798.04,29521.08
D015,2026-01-07,P003214,2195.09,52467.79
D015,2026-03-22,P003214,3286.77,38062.37
D015,2026-04-09,P003214,2709.23,22101.16
D015,2026-05-15,P003214,2513.5,55284.82
D015,2026-06-22,P003214,1160.4,27727.33
D015,2026-01-15,P003215,271.56,6374.48
D015,2026-02-16,P003215,372.51,7319.89
D015,2026-03-02,P003215,734.41,7265.08
D015,2026-05-06,P003215,171.66,3163.77
D015,2026-06-04,P003215,258.03,5637.55
D015,2025-12-17,P003216,433.72,4268.22
D015,2026-01-22,P003216,436.95,6311.81
D015,2026-02-22,P003216,167.36,3356.65
D015,2026-03-25,P003216,742.46,8267.06
D015,2026-04-20,P003216,171.54,4280.33
D015,2026-06-06,P003216,795.52,6875.06
D015,2025-11-18,P003217,2023.99,36622.46
D015,2025-12-15,P003217,1739.51,17925.55
D015,2026-01-21,P003217,2346.65,49628.24
D015,2026-02-20,P003217,2836.41,30119.76
D015,2026-03-12,P003217,2780.23,43266.49
D015,2026-04-13,P003217,3190.04,44680.64
D015,2026-05-06,P003217,4898.79,59283.39
D015,2026-06-21,P003217,1050.88,16372.87
D015,2025-11-06,P003218,3080.73,45803.57
D015,2025-12-17,P003218,5085.92,84389.57
D015,2026-01-22,P003218,4451.75,78988.19
D015,2026-02-04,P003218,1603.87,34780.79
D015,2026-03-09,P003218,3936.21,58560.12
D015,2026-04-17,P003218,2498.32,54059.17
D015,2026-05-16,P003218,3986.54,57961.65
D015,2026-06-08,P003218,4169.28,49656.06
D015,2025-11-14,P003219,267.75,4872.37
D015,2025-12-21,P003219,250.2,3246.08
D015,2026-01-19,P003219,406.01,3618.16
D015,2026-02-03,P003219,184.51,3026.47
D015,2026-03-09,P003219,200.3,4560.95
D015,2026-05-20,P003219,129.57,3074.22
D015,2026-06-03,P003219,277.46,5636.3
D015,2025-11-11,P003220,509.05,11291.63
D015,2025-12-08,P003220,688.56,10940.1
D015,2026-02-13,P003220,1612.65,17463.71
D015,2026-04-08,P003220,638.61,12616.89
D015,2026-05-27,P003220,747.22,13347.37
D015,2026-06-09,P003220,1490.68,16146.26
D015,2025-11-21,P003221,256.24,4849.58
D015,2025-12-22,P003221,188.09,3713.69
D015,2026-01-23,P003221,319.5,4820.68
D015,2026-03-20,P003221,510.38,4866.45
D015,2026-04-05,P003221,158.49,1999.49
D015,2026-05-05,P003221,301.08,3543.3
D015,2026-06-04,P003221,191.49,1972.56
D015,2025-11-07,P003222,172.74,3323.05
D015,2025-12-05,P003222,151.38,2621.67
D015,2026-01-04,P003222,156.69,3258.2
D015,2026-02-11,P003222,275.39,6787.34
D015,2026-03-16,P003222,311.99,4719.61
D015,2026-04-01,P003222,187.82,3437.44
D015,2026-06-12,P003222,193.44,4057.49
D015,2025-11-06,P003223,399.94,5687.42
D015,2025-12-16,P003223,344.7,7923.05
D015,2026-01-10,P003223,471.33,10130.45
D015,2026-02-04,P003223,238.57,5744.43
D015,2026-03-20,P003223,465.11,11143.58
D015,2026-04-14,P003223,193.51,3902.22
D015,2026-05-16,P003223,226.07,4720.76
D015,2026-06-07,P003223,503.81,10049.6
D015,2025-11-04,P003224,1933.03,28650.99
D015,2025-12-07,P003224,1091.06,25318.98
D015,2026-01-04,P003224,1274.3,19129.55
D015,2026-02-09,P003224,1144.94,19089.79
D015,2026-03-02,P003224,2253.14,33978.32
D015,2026-04-25,P003224,1229.04,27195.0
D015,2026-05-16,P003224,4078.25,36794.93
D015,2026-06-24,P003224,1887.72,20864.11
D015,2025-11-06,P003225,437.67,4195.4
D015,2026-01-18,P003225,530.01,5098.42
D015,2026-02-19,P003225,138.89,2811.09
D015,2026-03-26,P003225,131.31,2876.74
D015,2026-04-22,P003225,336.32,2959.1
D015,2026-06-23,P003225,386.7,4406.43
D015,2025-11-06,P003226,1653.32,14745.11
D015,2025-12-21,P003226,708.48,13469.63
D015,2026-01-05,P003226,290.55,4310.85
D015,2026-02-13,P003226,2614.35,24734.26
D015,2026-03-13,P003226,1708.94,15937.96
D015,2026-04-20,P003226,812.61,13294.1
D015,2025-12-15,P003227,1179.95,15045.97
D015,2026-01-08,P003227,1392.51,25609.33
D015,2026-02-10,P003227,1156.35,13476.11
D015,2026-03-08,P003227,1022.35,19657.3
D015,2026-04-05,P003227,1144.75,26698.02
D015,2026-05-02,P003227,1055.3,15783.34
D015,2026-06-04,P003227,456.6,10712.37
D015,2025-11-04,P003228,2512.62,41201.81
D015,2025-12-01,P003228,4935.82,45475.16
D015,2026-01-11,P003228,2139.8,27348.98
D015,2026-02-26,P003228,2342.68,41134.0
D015,2026-03-03,P003228,1530.58,37056.1
D015,2026-04-25,P003228,2923.79,27594.47
D015,2026-05-09,P003228,2533.13,54813.82
D015,2026-06-22,P003228,975.24,16959.98
D015,2025-11-26,P003229,429.17,7487.48
D015,2025-12-23,P003229,421.62,4085.84
D015,2026-02-16,P003229,1133.47,9126.93
D015,2026-03-03,P003229,162.46,3120.13
D015,2026-04-14,P003229,872.36,12995.49
D015,2026-05-01,P003229,982.96,7944.65
D015,2026-06-02,P003229,858.04,7119.74
D015,2025-11-17,P003230,214.95,4553.71
D015,2025-12-20,P003230,329.11,7970.02
D015,2026-01-07,P003230,223.27,4300.32
D015,2026-03-17,P003230,276.89,3497.71
D015,2026-05-23,P003230,378.24,5194.44
D015,2026-06-17,P003230,261.31,3909.42
D015,2025-11-02,P003231,758.72,12441.43
D015,2025-12-13,P003231,1107.35,18131.78
D015,2026-01-22,P003231,429.86,9352.28
D015,2026-02-23,P003231,653.91,14013.94
D015,2026-04-06,P003231,730.99,11983.27
D015,2026-05-24,P003231,430.64,10088.31
D015,2026-06-21,P003231,1217.12,12594.3
D015,2025-11-20,P003232,312.25,7371.59
D015,2026-01-16,P003232,708.01,12239.27
D015,2026-03-17,P003232,590.07,11815.79
D015,2026-04-11,P003232,711.13,13410.09
D015,2026-05-18,P003232,1339.63,13273.27
D015,2026-06-10,P003232,298.78,5944.51
D015,2025-11-15,P003233,5115.64,80270.23
D015,2025-12-07,P003233,4352.76,58398.94
D015,2026-01-04,P003233,5517.74,74602.6
D015,2026-03-14,P003233,5226.16,76626.21
D015,2026-05-09,P003233,3752.31,56418.13
D015,2026-06-15,P003233,4792.26,47858.43
D015,2025-12-17,P003234,191.07,3220.37
D015,2026-01-07,P003234,505.06,5091.76
D015,2026-02-12,P003234,245.22,4813.43
D015,2026-03-14,P003234,254.22,3427.45
D015,2026-05-27,P003234,391.48,3158.79
D015,2026-06-18,P003234,17.18,399.08
D015,2025-11-04,P003235,504.2,10608.42
D015,2025-12-10,P003235,279.88,3588.3
D015,2026-01-19,P003235,501.74,5600.95
D015,2026-02-24,P003235,944.66,7781.64
D015,2026-03-15,P003235,507.87,11590.79
D015,2026-04-06,P003235,302.96,7382.24
D015,2026-05-17,P003235,628.66,7878.9
D015,2026-06-18,P003235,804.26,6883.44
D015,2025-11-04,P003236,324.14,7408.46
D015,2025-12-21,P003236,966.97,12340.33
D015,2026-01-16,P003236,1321.26,14583.55
D015,2026-02-07,P003236,603.79,14056.25
D015,2026-03-03,P003236,1557.51,12623.79
D015,2026-04-22,P003236,552.12,8064.13
D015,2026-05-12,P003236,829.78,12572.52
D015,2026-06-11,P003236,613.17,11139.22
D015,2025-11-09,P003237,1012.55,10201.87
D015,2025-12-12,P003237,576.92,14299.36
D015,2026-01-09,P003237,1251.97,26098.74
D015,2026-02-20,P003237,1047.16,17993.63
D015,2026-03-19,P003237,3653.68,29723.98
D015,2026-04-14,P003237,669.88,6962.55
D015,2026-05-25,P003237,2097.58,16820.57
D015,2026-06-19,P003237,1236.3,25010.01
D015,2025-11-05,P003238,588.08,5958.48
D015,2026-01-21,P003238,365.09,5914.09
D015,2026-02-02,P003238,361.05,5503.83
D015,2026-03-09,P003238,329.27,6465.45
D015,2026-04-03,P003238,140.48,3364.68
D015,2026-05-13,P003238,669.89,5423.78
D015,2026-06-02,P003238,586.91,6129.85
D015,2025-11-03,P003239,275.2,3248.93
D015,2025-12-27,P003239,216.76,1851.01
D015,2026-02-09,P003239,237.55,3171.16
D015,2026-03-03,P003239,327.95,4017.7
D015,2026-04-21,P003239,289.92,3998.53
D015,2026-05-25,P003239,255.36,5592.68
D015,2026-06-19,P003239,349.85,5183.32
D015,2025-11-25,P003240,1427.61,30449.78
D015,2025-12-17,P003240,8866.19,133399.02
D015,2026-01-07,P003240,5532.49,110444.4
D015,2026-02-23,P003240,4937.77,114390.14
D015,2026-03-12,P003240,7584.56,77823.48
D015,2026-04-23,P003240,4162.95,103412.75
D015,2026-05-22,P003240,3311.98,56396.91
D015,2026-06-05,P003240,3663.99,65444.15
D015,2025-11-23,P003241,2661.33,62230.18
D015,2025-12-04,P003241,2391.62,34398.85
D015,2026-01-03,P003241,6926.63,69559.36
D015,2026-02-19,P003241,3972.5,56190.77
D015,2026-03-09,P003241,3460.81,49846.86
D015,2026-04-11,P003241,6030.23,53662.71
D015,2026-05-27,P003241,1462.95,28099.09
D015,2026-06-06,P003241,4450.9,45105.19
D015,2025-11-02,P003242,311.08,6008.05
D015,2026-01-20,P003242,723.93,8556.75
D015,2026-02-20,P003242,438.79,7605.77
D015,2026-03-20,P003242,155.55,3787.34
D015,2026-04-23,P003242,545.29,4597.78
D015,2026-05-08,P003242,308.02,5756.7
D015,2026-06-03,P003242,503.47,5372.5
D015,2025-11-16,P003243,371.31,3734.6
D015,2025-12-13,P003243,101.68,2138.8
D015,2026-02-27,P003243,40.82,520.28
D015,2026-04-21,P003243,170.24,3593.5
D015,2026-05-11,P003243,131.01,1951.44
D015,2026-06-16,P003243,304.43,3242.96
D015,2025-11-16,P003244,221.24,2017.52
D015,2025-12-16,P003244,52.06,927.35
D015,2026-01-16,P003244,102.05,2540.71
D015,2026-02-17,P003244,143.86,3314.94
D015,2026-03-18,P003244,123.72,1840.8
D015,2026-04-05,P003244,262.68,2609.18
D015,2026-05-21,P003244,243.84,2669.55
D015,2026-06-25,P003244,218.8,3633.27
D015,2025-11-04,P003245,258.71,2868.37
D015,2025-12-25,P003245,175.53,3515.36
D015,2026-02-23,P003245,257.76,5276.66
D015,2026-03-24,P003245,214.65,2078.81
D015,2026-04-09,P003245,259.31,4795.28
D015,2026-05-10,P003245,106.41,2152.81
D015,2026-06-14,P003245,522.8,5953.78
D015,2025-12-01,P003246,59.15,1456.15
D015,2026-01-17,P003246,339.43,2773.85
D015,2026-02-08,P003246,106.69,2415.23
D015,2026-03-09,P003246,123.79,2482.55
D015,2026-04-17,P003246,248.81,3685.73
D015,2026-05-26,P003246,197.2,4096.72
D015,2026-06-19,P003246,232.9,3146.48
D015,2025-11-12,P003247,2623.54,54617.85
D015,2025-12-01,P003247,4334.76,38161.77
D015,2026-01-06,P003247,656.9,14897.0
D015,2026-02-16,P003247,3225.7,51409.39
D015,2026-03-12,P003247,3247.95,72299.8
D015,2026-04-16,P003247,6330.79,56449.17
D015,2026-05-14,P003247,2503.47,58194.58
D015,2025-11-05,P003248,2558.23,38078.51
D015,2025-12-02,P003248,3578.86,43587.2
D015,2026-02-21,P003248,3738.93,66215.47
D015,2026-03-24,P003248,2089.35,38163.36
D015,2026-04-10,P003248,3568.86,35238.66
D015,2026-05-04,P003248,3604.68,66863.67
D015,2026-06-18,P003248,3360.73,52714.87
D015,2025-11-19,P003249,2242.93,30811.65
D015,2026-01-12,P003249,755.66,11582.68
D015,2026-02-24,P003249,1043.58,23726.93
D015,2026-03-08,P003249,1086.49,21481.54
D015,2026-04-04,P003249,1776.26,25339.51
D015,2026-05-05,P003249,1549.63,14995.78
D015,2026-06-04,P003249,1276.13,18330.25
D015,2025-11-04,P003250,1323.72,13191.74
D015,2025-12-10,P003250,334.38,8183.08
D015,2026-02-20,P003250,1571.42,12759.54
D015,2026-03-26,P003250,282.0,4010.87
D015,2026-04-16,P003250,1148.46,10323.48
D015,2026-06-27,P003250,360.21,6667.32
D015,2025-11-03,P003251,386.49,4486.49
D015,2025-12-07,P003251,322.62,3055.18
D015,2026-01-21,P003251,324.13,3149.92
D015,2026-02-18,P003251,156.26,3335.19
D015,2026-03-17,P003251,235.14,4655.3
D015,2026-04-03,P003251,142.72,3462.13
D015,2026-05-21,P003251,84.11,1978.13
D015,2026-06-04,P003251,439.23,4589.28
D015,2025-11-22,P003252,1142.8,27842.52
D015,2025-12-16,P003252,1828.49,21116.79
D015,2026-01-24,P003252,1268.86,31254.96
D015,2026-02-01,P003252,2040.35,38966.23
D015,2026-03-22,P003252,1762.03,33285.46
D015,2026-06-14,P003252,4465.72,41833.54
D015,2025-11-22,P003253,3487.08,69344.69
D015,2025-12-11,P003253,4439.28,105546.36
D015,2026-01-02,P003253,8380.12,68547.58
D015,2026-02-13,P003253,9789.5,81704.12
D015,2026-03-06,P003253,777.93,15009.3
D015,2026-04-16,P003253,3176.12,64931.14
D015,2026-05-06,P003253,1939.44,45431.03
D015,2025-12-09,P003254,122.15,2107.68
D015,2026-01-19,P003254,536.95,4810.61
D015,2026-03-26,P003254,133.8,2393.02
D015,2026-05-23,P003254,330.56,4458.31
D015,2026-06-03,P003254,202.41,3434.96
D015,2025-12-17,P003255,878.99,19968.65
D015,2026-01-15,P003255,784.09,15807.09
D015,2026-02-15,P003255,1141.99,27400.6
D015,2026-03-14,P003255,2283.73,18439.16
D015,2026-04-27,P003255,1690.7,18990.34
D015,2026-05-17,P003255,1192.29,12552.95
D015,2026-06-14,P003255,2703.4,30831.96
D015,2025-12-14,P003256,1586.79,20401.38
D015,2026-01-15,P003256,767.88,14503.46
D015,2026-02-15,P003256,685.98,16426.62
D015,2026-03-01,P003256,339.48,7125.1
D015,2026-05-10,P003256,689.99,15633.32
D015,2026-06-18,P003256,703.82,7776.11
D015,2025-11-06,P003257,564.58,9208.88
D015,2025-12-12,P003257,1021.05,17448.71
D015,2026-01-15,P003257,1072.62,12967.96
D015,2026-02-20,P003257,346.13,8523.86
D015,2026-03-08,P003257,612.98,10994.71
D015,2026-04-13,P003257,394.98,8435.48
D015,2026-05-20,P003257,1350.64,12253.12
D015,2026-06-14,P003257,862.57,14310.43
D015,2025-11-07,P003258,1072.1,17922.4
D015,2025-12-12,P003258,616.35,12005.71
D015,2026-01-21,P003258,1645.91,14301.71
D015,2026-02-22,P003258,504.46,7964.59
D015,2026-03-06,P003258,336.94,6503.2
D015,2026-04-13,P003258,408.65,7799.42
D015,2026-05-05,P003258,535.57,9223.78
D015,2026-06-18,P003258,1430.8,12250.82
D015,2025-12-27,P003259,774.67,15893.69
D015,2026-01-11,P003259,944.0,15056.25
D015,2026-02-08,P003259,929.37,20471.83
D015,2026-03-10,P003259,734.4,13470.54
D015,2026-04-19,P003259,372.99,9056.74
D015,2026-06-05,P003259,188.5,3874.43
D015,2025-11-22,P003260,248.03,5036.58
D015,2025-12-14,P003260,101.33,1973.67
D015,2026-01-22,P003260,185.1,4612.61
D015,2026-02-14,P003260,445.08,5053.22
D015,2026-03-12,P003260,619.72,5226.7
D015,2026-05-13,P003260,219.14,3882.47
D015,2025-12-15,P003261,243.45,5433.42
D015,2026-02-26,P003261,210.37,4200.67
D015,2026-03-12,P003261,322.69,4772.4
D015,2026-05-18,P003261,208.07,4308.89
D015,2026-06-12,P003261,405.64,5992.53
D015,2025-11-06,P003262,1243.42,11413.9
D015,2025-12-22,P003262,535.61,9384.94
D015,2026-01-07,P003262,521.69,11711.89
D015,2026-03-07,P003262,338.64,6620.35
D015,2026-04-03,P003262,588.36,11370.87
D015,2026-05-07,P003262,488.12,10292.04
D015,2026-06-24,P003262,339.82,7569.94
D015,2025-11-21,P003263,232.04,2308.95
D015,2025-12-18,P003263,470.42,4247.68
D015,2026-01-23,P003263,685.84,6179.05
D015,2026-03-09,P003263,172.72,4301.54
D015,2025-12-12,P003264,163.8,3720.51
D015,2026-01-04,P003264,202.02,2913.81
D015,2026-02-21,P003264,136.16,2987.77
D015,2026-03-24,P003264,109.19,2621.8
D015,2026-04-23,P003264,261.91,3770.96
D015,2026-05-07,P003264,312.15,2776.71
D015,2026-06-18,P003264,292.72,4073.29
D015,2025-11-03,P003265,112.52,1422.14
D015,2026-02-12,P003265,120.13,2861.72
D015,2026-03-10,P003265,158.71,3270.89
D015,2026-04-14,P003265,96.67,2371.98
D015,2026-05-14,P003265,81.2,1504.39
D015,2026-06-09,P003265,285.48,4460.76
D015,2025-11-19,P003266,151.29,2191.01
D015,2025-12-22,P003266,96.33,2121.86
D015,2026-01-07,P003266,231.27,2638.64
D015,2026-02-26,P003266,57.4,1276.43
D015,2026-03-09,P003266,73.0,1739.37
D015,2026-04-04,P003266,143.88,2884.57
D015,2026-05-10,P003266,170.7,2697.67
D015,2026-06-08,P003266,83.88,1682.75
D015,2025-11-26,P003267,230.25,4073.77
D015,2026-01-17,P003267,302.11,2871.67
D015,2026-02-09,P003267,152.5,1872.08
D015,2026-03-10,P003267,342.35,3981.48
D015,2026-04-04,P003267,188.79,3819.62
D015,2025-12-16,P003268,3310.83,60556.33
D015,2026-01-12,P003268,4281.49,34615.84
D015,2026-02-06,P003268,3109.49,35868.31
D015,2026-04-21,P003268,4712.94,57663.97
D015,2026-05-16,P003268,2735.85,35410.71
D015,2025-11-24,P003269,141.88,2257.39
D015,2025-12-21,P003269,140.62,2236.03
D015,2026-01-01,P003269,190.79,3679.31
D015,2026-02-05,P003269,181.1,3282.79
D015,2026-03-26,P003269,80.08,935.46
D015,2026-04-27,P003269,58.65,1308.38
D015,2026-05-25,P003269,136.73,1304.67
D015,2026-06-11,P003269,328.78,3112.94
D015,2025-11-10,P003270,101.24,2422.85
D015,2025-12-19,P003270,192.59,1973.9
D015,2026-01-24,P003270,266.24,3414.67
D015,2026-02-05,P003270,103.54,1504.63
D015,2026-03-01,P003270,259.89,4511.02
D015,2026-04-13,P003270,158.51,3400.85
D015,2026-05-27,P003270,162.59,2519.77
D015,2026-06-23,P003270,177.05,3351.23
D015,2025-11-07,P003271,501.98,10989.94
D015,2025-12-10,P003271,760.31,7562.68
D015,2026-01-03,P003271,392.39,9338.89
D015,2026-02-04,P003271,714.86,7767.36
D015,2026-03-23,P003271,345.36,7988.21
D015,2026-04-13,P003271,328.96,8071.21
D015,2026-05-11,P003271,698.1,7945.79
D015,2026-06-06,P003271,892.53,8904.27
D015,2025-11-21,P003272,3658.76,40008.3
D015,2025-12-01,P003272,2399.06,27228.27
D015,2026-01-26,P003272,2754.33,40586.82
D015,2026-02-11,P003272,1524.26,23088.13
D015,2026-03-05,P003272,1341.07,31972.6
D015,2026-04-26,P003272,1381.74,28096.95
D015,2026-05-18,P003272,1796.18,44525.33
D015,2026-06-09,P003272,1855.7,26994.29
D015,2025-12-01,P003273,52.69,1089.0
D015,2026-01-14,P003273,263.85,5963.86
D015,2026-02-16,P003273,371.84,5387.59
D015,2026-04-18,P003273,562.32,6223.81
D015,2026-05-25,P003273,886.54,7703.7
D015,2026-06-26,P003273,484.36,7204.17
D015,2025-11-20,P003274,2093.65,41781.49
D015,2025-12-11,P003274,2589.71,51443.5
D015,2026-01-04,P003274,2609.92,58159.63
D015,2026-02-26,P003274,2007.2,44214.02
D015,2026-03-08,P003274,3762.65,65544.89
D015,2026-04-24,P003274,2003.79,45174.03
D015,2026-06-12,P003274,1976.8,45805.93
D015,2025-11-09,P003275,542.28,5814.88
D015,2025-12-25,P003275,1054.98,10112.4
D015,2026-01-18,P003275,302.29,5888.25
D015,2026-02-19,P003275,592.96,11478.26
D015,2026-03-03,P003275,1170.02,11311.19
D015,2026-04-17,P003275,933.45,15475.71
D015,2026-05-14,P003275,784.88,9333.37
D015,2026-06-05,P003275,715.19,8322.57
D015,2025-11-10,P003276,1163.96,17126.69
D015,2025-12-22,P003276,764.15,14175.31
D015,2026-01-07,P003276,1000.45,15545.42
D015,2026-03-13,P003276,2230.02,19795.73
D015,2026-04-22,P003276,761.27,17977.39
D015,2026-06-02,P003276,864.96,16949.38
D015,2025-11-08,P003277,2361.09,23868.23
D015,2025-12-22,P003277,3212.9,55576.1
D015,2026-02-03,P003277,2554.58,37671.99
D015,2026-03-07,P003277,3142.64,54735.24
D015,2026-04-10,P003277,2116.92,35727.3
D015,2026-05-26,P003277,3338.7,43726.72
D015,2026-06-23,P003277,2035.41,36024.05
D015,2025-11-04,P003278,450.97,3996.16
D015,2025-12-09,P003278,243.86,3779.23
D015,2026-01-03,P003278,265.55,6609.82
D015,2026-03-20,P003278,94.78,2214.42
D015,2026-04-11,P003278,147.12,3642.7
D015,2026-05-23,P003278,96.27,1721.13
D015,2026-06-25,P003278,156.46,2672.83
D015,2025-12-25,P003279,259.38,5639.06
D015,2026-01-18,P003279,386.97,3301.7
D015,2026-02-01,P003279,430.08,8258.23
D015,2026-03-16,P003279,396.57,7435.93
D015,2026-04-27,P003279,384.19,6414.46
D015,2026-05-12,P003279,302.66,6378.58
D015,2025-11-25,P003280,312.87,2833.51
D015,2025-12-07,P003280,190.57,4657.5
D015,2026-01-13,P003280,163.06,2307.32
D015,2026-02-27,P003280,224.34,3333.08
D015,2026-03-08,P003280,335.47,5422.38
D015,2026-04-06,P003280,205.53,4639.23
D015,2026-06-09,P003280,373.77,4023.22
D015,2025-11-23,P003281,1760.23,15744.15
D015,2025-12-11,P003281,1076.99,19139.35
D015,2026-01-11,P003281,599.93,10973.15
D015,2026-02-09,P003281,1726.46,17739.37
D015,2026-03-02,P003281,863.35,14075.09
D015,2026-04-10,P003281,1445.23,11905.32
D015,2026-05-04,P003281,2094.02,18381.38
D015,2026-06-18,P003281,873.8,13538.2
D015,2025-12-06,P003282,176.36,3890.41
D015,2026-01-06,P003282,212.15,4161.54
D015,2026-02-15,P003282,196.86,4615.18
D015,2026-03-06,P003282,252.61,4370.88
D015,2026-05-24,P003282,420.42,5968.06
D015,2026-06-19,P003282,391.32,5082.8
D015,2025-11-09,P003283,747.21,14400.41
D015,2025-12-17,P003283,631.34,6827.28
D015,2026-02-05,P003283,584.36,13688.3
D015,2026-03-15,P003283,978.17,13396.96
D015,2026-05-04,P003283,606.06,12828.9
D015,2026-06-14,P003283,334.32,7682.18
D015,2025-11-06,P003284,222.43,4969.96
D015,2025-12-10,P003284,372.06,6074.42
D015,2026-01-24,P003284,325.81,3480.77
D015,2026-02-02,P003284,241.38,4966.5
D015,2026-03-08,P003284,298.55,4515.83
D015,2026-04-13,P003284,176.28,4105.37
D015,2026-05-23,P003284,109.59,2269.45
D015,2026-06-27,P003284,347.23,3588.24
D015,2025-12-09,P003285,360.83,4140.17
D015,2026-01-21,P003285,415.02,5348.47
D015,2026-02-18,P003285,464.75,4306.07
D015,2026-03-15,P003285,284.61,4975.77
D015,2026-04-26,P003285,171.33,3291.56
D015,2026-05-15,P003285,293.3,4173.07
D015,2026-06-07,P003285,348.67,3109.4
D015,2025-11-21,P003286,217.44,4808.58
D015,2025-12-25,P003286,472.54,7550.59
D015,2026-01-11,P003286,495.92,8598.79
D015,2026-02-08,P003286,289.54,6669.77
D015,2026-03-03,P003286,438.37,6843.95
D015,2026-04-01,P003286,323.69,4562.4
D015,2026-05-01,P003286,180.73,4227.45
D015,2026-06-17,P003286,239.75,4614.49
D015,2025-11-06,P003287,264.39,3058.58
D015,2025-12-16,P003287,543.05,6602.03
D015,2026-01-03,P003287,287.23,4512.09
D015,2026-03-17,P003287,388.42,5390.68
D015,2026-04-23,P003287,273.5,5149.91
D015,2026-05-06,P003287,156.68,3867.99
D015,2025-11-10,P003288,112.04,2360.62
D015,2025-12-24,P003288,164.8,2605.41
D015,2026-01-23,P003288,364.76,3676.93
D015,2026-03-03,P003288,241.41,2775.69
D015,2026-04-05,P003288,252.87,3097.96
D015,2026-05-25,P003288,275.14,3704.43
D015,2026-06-17,P003288,254.28,2846.24
D015,2025-11-10,P003289,282.16,6141.39
D015,2025-12-27,P003289,307.27,4511.7
D015,2026-01-21,P003289,312.32,7179.8
D015,2026-02-17,P003289,239.58,4611.35
D015,2026-03-11,P003289,337.99,5992.81
D015,2026-04-16,P003289,286.01,5606.11
D015,2026-05-08,P003289,261.72,3859.27
D015,2026-06-02,P003289,472.15,4775.35
D015,2025-11-14,P003290,93.76,1742.41
D015,2025-12-02,P003290,143.05,2273.43
D015,2026-01-13,P003290,78.91,1491.41
D015,2026-02-05,P003290,91.16,1849.38
D015,2026-03-15,P003290,92.96,2285.18
D015,2026-05-10,P003290,235.28,2140.49
D015,2026-06-27,P003290,98.33,1455.88
D015,2025-11-26,P003291,575.35,5860.11
D015,2025-12-13,P003291,268.49,5394.95
D015,2026-02-10,P003291,301.73,6673.94
D015,2026-03-12,P003291,423.37,7863.09
D015,2026-04-08,P003291,783.58,7431.7
D015,2026-05-10,P003291,261.55,5607.92
D015,2026-06-23,P003291,352.83,6257.8
D015,2025-11-07,P003292,2670.35,58094.89
D015,2025-12-10,P003292,1515.81,29801.07
D015,2026-01-06,P003292,1404.29,33480.83
D015,2026-02-26,P003292,1017.51,21722.73
D015,2026-03-22,P003292,5331.65,50722.93
D015,2026-04-13,P003292,2527.05,58096.57
D015,2026-05-10,P003292,4847.71,47635.86
D015,2026-06-19,P003292,5879.25,64255.43
D015,2025-12-21,P003293,785.21,8566.58
D015,2026-01-11,P003293,328.08,6886.49
D015,2026-02-15,P003293,366.89,8216.05
D015,2026-04-04,P003293,469.68,10327.83
D015,2026-05-14,P003293,563.71,9196.29
D015,2026-06-04,P003293,364.65,4178.48
D015,2025-11-12,P003294,339.91,6934.46
D015,2026-01-10,P003294,1329.45,15260.48
D015,2026-02-02,P003294,507.62,11345.74
D015,2026-03-09,P003294,382.81,8835.41
D015,2026-04-07,P003294,471.11,6113.89
D015,2026-05-14,P003294,545.18,10789.83
D015,2026-06-12,P003294,309.51,6985.42
D015,2025-11-27,P003295,297.86,4769.19
D015,2026-01-01,P003295,688.09,9455.4
D015,2026-03-25,P003295,84.34,870.7
D015,2026-04-11,P003295,492.83,9437.17
D015,2026-05-02,P003295,940.75,18043.52
D015,2026-06-15,P003295,461.13,6146.48
D015,2025-11-23,P003296,392.14,9477.09
D015,2025-12-11,P003296,805.46,7974.73
D015,2026-02-26,P003296,280.46,4311.72
D015,2026-03-24,P003296,260.8,5705.13
D015,2026-04-07,P003296,371.99,8711.91
D015,2025-12-02,P003297,272.84,4354.12
D015,2026-01-11,P003297,220.7,4105.46
D015,2026-02-25,P003297,457.26,5480.79
D015,2026-03-11,P003297,68.82,1242.43
D015,2026-04-04,P003297,153.91,3579.07
D015,2026-05-07,P003297,203.55,4120.39
D015,2026-06-11,P003297,124.75,2350.35
D015,2025-11-19,P003298,2266.96,26726.18
D015,2025-12-06,P003298,2264.23,39564.19
D015,2026-01-24,P003298,1073.09,9552.89
D015,2026-02-26,P003298,2575.85,40220.49
D015,2026-03-05,P003298,2119.67,31819.43
D015,2026-04-15,P003298,3038.1,35680.94
D015,2026-06-22,P003298,3084.94,26719.18
D015,2025-11-24,P003299,3783.65,91981.37
D015,2026-01-14,P003299,6105.61,56027.05
D015,2026-03-15,P003299,2755.24,60077.43
D015,2026-05-18,P003299,3862.71,57144.11
D015,2026-06-26,P003299,1831.82,43437.32
D015,2025-11-03,P003300,1189.53,22314.43
D015,2025-12-15,P003300,6008.42,53595.3
D015,2026-01-25,P003300,1248.95,29278.22
D015,2026-04-06,P003300,1093.72,26676.81
D015,2026-05-19,P003300,1879.57,23698.54
D015,2026-06-24,P003300,2361.6,27329.01
D015,2025-12-17,P003301,357.44,4349.58
D015,2026-01-18,P003301,437.74,5733.62
D015,2026-02-27,P003301,288.87,7009.45
D015,2026-04-04,P003301,297.63,3291.21
D015,2026-05-05,P003301,433.3,4383.95
D015,2026-06-06,P003301,346.79,6156.39
D015,2025-11-11,P003302,1070.82,21977.09
D015,2025-12-08,P003302,3153.04,26131.52
D015,2026-01-02,P003302,680.85,10761.51
D015,2026-02-23,P003302,1002.5,15893.92
D015,2026-03-07,P003302,580.64,14180.55
D015,2026-04-04,P003302,1061.06,15597.43
D015,2026-05-10,P003302,245.55,4544.36
D015,2025-11-17,P003303,154.28,2513.95
D015,2025-12-11,P003303,150.59,3602.21
D015,2026-01-14,P003303,429.12,3988.66
D015,2026-02-13,P003303,375.2,3325.27
D015,2026-03-09,P003303,89.91,1640.35
D015,2026-04-03,P003303,185.34,3248.42
D015,2026-05-07,P003303,200.65,3340.51
D015,2026-06-06,P003303,317.86,6930.65
D015,2025-11-03,P003304,280.71,3443.85
D015,2025-12-13,P003304,195.75,2962.45
D015,2026-01-16,P003304,231.83,3486.95
D015,2026-02-03,P003304,177.01,2243.35
D015,2026-04-26,P003304,42.43,969.16
D015,2026-05-14,P003304,171.95,3381.53
D015,2026-06-18,P003304,191.6,2794.92
D015,2025-11-01,P003305,260.49,3312.8
D015,2025-12-17,P003305,212.02,3228.21
D015,2026-01-23,P003305,309.67,4272.83
D015,2026-03-18,P003305,297.43,3907.08
D015,2026-04-14,P003305,203.51,5036.39
D015,2026-06-02,P003305,231.26,4472.02
D015,2025-11-08,P003306,122.01,2193.2
D015,2026-01-09,P003306,92.6,1696.83
D015,2026-02-08,P003306,74.95,1318.46
D015,2026-04-23,P003306,106.67,1234.15
D015,2026-05-04,P003306,51.72,1268.92
D015,2026-06-21,P003306,121.9,1681.36
D015,2025-11-14,P003307,165.7,4113.33
D015,2025-12-06,P003307,298.49,4947.15
D015,2026-01-22,P003307,265.53,4011.11
D015,2026-02-27,P003307,101.58,2488.94
D015,2026-03-10,P003307,182.11,1878.84
D015,2026-04-17,P003307,234.1,5539.02
D015,2026-05-14,P003307,121.41,1990.24
D015,2026-06-20,P003307,281.69,4294.57
D015,2025-11-01,P003308,1275.88,31571.27
D015,2026-02-21,P003308,7088.88,61680.5
D015,2026-03-01,P003308,3606.94,39141.19
D015,2026-04-05,P003308,1644.37,37298.43
D015,2026-05-12,P003308,2757.29,46218.92
D015,2026-06-18,P003308,3492.24,51148.76
D015,2025-11-22,P003309,192.71,3746.57
D015,2025-12-26,P003309,407.82,6407.46
D015,2026-01-12,P003309,569.45,8213.29
D015,2026-02-10,P003309,392.98,7266.82
D015,2026-04-15,P003309,318.36,6580.27
D015,2026-06-18,P003309,348.74,4439.87
D015,2025-11-03,P003310,1113.75,10859.1
D015,2025-12-17,P003310,547.38,11543.18
D015,2026-01-20,P003310,947.48,20100.52
D015,2026-02-26,P003310,1085.01,15977.99
D015,2026-03-18,P003310,1638.45,14291.7
D015,2026-04-09,P003310,1283.18,16766.41
D015,2026-05-09,P003310,1085.29,14445.77
D015,2026-06-01,P003310,793.48,15894.54
D015,2025-11-27,P003311,1180.63,20661.45
D015,2025-12-04,P003311,536.58,13138.14
D015,2026-01-07,P003311,325.84,6404.7
D015,2026-02-09,P003311,1507.27,13554.98
D015,2026-03-23,P003311,2061.54,21851.03
D015,2026-04-17,P003311,1109.05,15914.81
D015,2026-05-03,P003311,515.09,10836.54
D015,2026-06-04,P003311,498.61,6897.91
D015,2025-11-13,P003312,639.68,13434.72
D015,2025-12-09,P003312,513.45,8472.4
D015,2026-01-17,P003312,310.12,7562.93
D015,2026-03-15,P003312,751.8,7280.25
D015,2026-04-04,P003312,438.87,10661.74
D015,2026-05-01,P003312,401.06,6145.92
D015,2025-11-27,P003313,2245.24,37601.84
D015,2025-12-17,P003313,1116.58,17919.83
D015,2026-01-07,P003313,3057.0,26024.64
D015,2026-03-27,P003313,3013.07,26816.86
D015,2026-04-10,P003313,1633.93,26921.82
D015,2026-05-03,P003313,4049.3,32840.84
D015,2026-06-21,P003313,1399.2,15602.77
D015,2025-11-09,P003314,395.08,9334.98
D015,2025-12-05,P003314,676.04,12389.1
D015,2026-01-06,P003314,1215.76,10368.11
D015,2026-02-27,P003314,436.08,9588.29
D015,2026-03-14,P003314,369.73,5699.7
D015,2026-04-24,P003314,653.47,12328.09
D015,2026-05-23,P003314,646.06,8041.91
D015,2026-06-12,P003314,474.89,8835.48
D015,2025-12-26,P003315,289.52,3506.09
D015,2026-02-06,P003315,190.57,2126.79
D015,2026-04-06,P003315,247.98,3089.15
D015,2026-05-06,P003315,204.91,2567.21
D015,2026-06-04,P003315,191.42,2904.54
D015,2025-11-21,P003316,1278.75,20560.31
D015,2025-12-16,P003316,2065.36,24729.55
D015,2026-01-23,P003316,1938.74,39097.22
D015,2026-02-20,P003316,1610.55,14010.33
D015,2026-05-24,P003316,1184.66,22748.99
D015,2026-06-24,P003316,2399.82,24080.65
D015,2025-11-26,P003317,279.79,6577.71
D015,2025-12-07,P003317,291.33,5673.0
D015,2026-01-02,P003317,291.62,6326.01
D015,2026-02-13,P003317,176.67,1663.58
D015,2026-03-06,P003317,381.54,4949.36
D015,2026-04-17,P003317,210.05,2939.96
D015,2026-06-24,P003317,317.58,4550.75
D015,2025-11-04,P003318,3659.54,86868.22
D015,2025-12-06,P003318,4265.52,72693.15
D015,2026-01-24,P003318,8738.7,79477.63
D015,2026-02-26,P003318,7886.97,85603.07
D015,2026-03-07,P003318,2294.35,50522.59
D015,2026-04-02,P003318,5810.45,54339.08
D015,2026-05-15,P003318,2292.96,46420.72
D015,2026-06-14,P003318,5838.29,71295.32
D015,2025-12-21,P003319,950.32,10646.97
D015,2026-01-02,P003319,1709.52,17683.3
D015,2026-04-25,P003319,637.61,13152.08
D015,2026-05-14,P003319,770.45,13154.73
D015,2026-06-16,P003319,1090.42,13677.44
D015,2025-11-16,P003320,15682.18,131815.7
D015,2025-12-11,P003320,4222.44,83486.76
D015,2026-01-12,P003320,8249.94,69168.49
D015,2026-02-19,P003320,7284.56,73495.46
D015,2026-03-13,P003320,5667.08,99322.31
D015,2026-04-25,P003320,3987.11,57635.35
D015,2026-05-13,P003320,4067.23,72058.21
D015,2026-06-06,P003320,6596.14,86118.42
D015,2025-11-11,P003321,206.04,5010.51
D015,2025-12-18,P003321,438.39,5260.74
D015,2026-01-20,P003321,441.49,5959.7
D015,2026-03-27,P003321,473.0,6037.92
D015,2026-04-08,P003321,189.6,4202.1
D015,2026-05-18,P003321,315.5,4591.7
D015,2026-06-18,P003321,321.5,3593.36
D015,2025-11-21,P003322,2972.62,28705.29
D015,2026-01-27,P003322,2009.96,26116.1
D015,2026-02-07,P003322,1238.1,14758.06
D015,2026-03-07,P003322,2338.0,40487.99
D015,2026-04-18,P003322,2457.2,26034.32
D015,2026-05-07,P003322,3923.09,40219.76
D015,2026-06-26,P003322,1200.18,17821.89
D015,2025-11-20,P003323,442.44,6020.22
D015,2025-12-10,P003323,479.55,6787.9
D015,2026-02-16,P003323,137.56,3414.51
D015,2026-03-26,P003323,299.55,6099.11
D015,2026-05-11,P003323,991.04,8150.92
D015,2026-06-14,P003323,370.07,6877.58
D015,2025-11-07,P003324,1023.48,9461.46
D015,2026-02-26,P003324,681.66,6648.94
D015,2026-05-02,P003324,362.71,4772.9
D015,2026-06-08,P003324,264.6,5167.2
D015,2025-11-18,P003325,5264.56,84583.33
D015,2025-12-18,P003325,1807.18,42638.4
D015,2026-01-14,P003325,2005.0,35220.0
D015,2026-02-13,P003325,2372.64,38779.85
D015,2026-03-23,P003325,1746.48,34310.98
D015,2026-04-21,P003325,4185.42,56854.41
D015,2026-05-02,P003325,3053.55,43424.17
D015,2026-06-09,P003325,1973.92,28060.06
D015,2025-12-17,P003326,1102.51,20859.8
D015,2026-02-08,P003326,422.11,8333.52
D015,2026-03-17,P003326,400.15,9078.93
D015,2026-04-21,P003326,818.57,15473.42
D015,2026-05-15,P003326,770.59,12056.45
D015,2026-06-27,P003326,1298.95,13144.8
D015,2025-12-08,P003327,322.61,6109.56
D015,2026-01-22,P003327,274.05,2673.94
D015,2026-02-15,P003327,234.1,4599.58
D015,2026-03-02,P003327,203.81,3425.13
D015,2026-05-25,P003327,739.2,7906.34
D015,2026-06-18,P003327,221.94,4089.54
D015,2025-12-27,P003328,573.5,8613.65
D015,2026-01-13,P003328,529.39,7408.37
D015,2026-02-04,P003328,347.71,8056.58
D015,2026-03-14,P003328,273.06,6498.55
D015,2026-04-07,P003328,173.27,3655.0
D015,2026-05-20,P003328,491.68,6566.66
D015,2026-06-23,P003328,483.74,10229.09
D015,2025-11-03,P003329,317.26,5282.12
D015,2025-12-17,P003329,377.89,8216.35
D015,2026-01-24,P003329,612.46,8585.4
D015,2026-02-26,P003329,459.0,7112.82
D015,2026-03-04,P003329,858.01,7954.63
D015,2026-05-10,P003329,245.71,5967.96
D015,2026-06-24,P003329,472.67,10589.65
D015,2025-12-01,P003330,3121.34,36910.97
D015,2026-01-09,P003330,4669.03,54406.45
D015,2026-02-03,P003330,1443.05,26151.25
D015,2026-03-20,P003330,1794.88,35195.27
D015,2026-04-10,P003330,1542.43,32333.43
D015,2026-05-27,P003330,1403.04,33211.24
D015,2026-06-14,P003330,2092.11,50677.07
D015,2025-11-19,P003331,534.66,10337.75
D015,2026-01-09,P003331,411.37,8910.69
D015,2026-03-24,P003331,615.54,8596.45
D015,2026-04-13,P003331,421.44,6177.97
D015,2026-05-06,P003331,384.1,7545.56
D015,2026-06-14,P003331,264.14,4473.64
D015,2025-11-18,P003332,214.89,4217.98
D015,2025-12-14,P003332,218.61,5440.17
D015,2026-01-26,P003332,209.12,3778.08
D015,2026-02-20,P003332,137.29,2825.75
D015,2026-03-02,P003332,250.45,6201.56
D015,2026-04-11,P003332,328.55,6923.05
D015,2026-05-20,P003332,313.51,5797.0
D015,2026-06-26,P003332,273.71,6313.91
D015,2025-11-17,P003333,278.03,4611.05
D015,2026-01-04,P003333,211.49,3194.77
D015,2026-02-01,P003333,129.9,2238.76
D015,2026-05-18,P003333,135.26,3087.06
D015,2026-06-06,P003333,72.76,1291.57
D015,2025-11-07,P003334,3622.62,56811.39
D015,2025-12-10,P003334,5753.1,89742.09
D015,2026-01-24,P003334,7985.92,126965.86
D015,2026-02-19,P003334,3171.47,75171.51
D015,2026-03-17,P003334,8879.7,106166.14
D015,2026-04-13,P003334,2929.05,72617.36
D015,2026-05-02,P003334,5252.5,64755.74
D015,2026-06-05,P003334,3674.47,79291.26
D015,2025-11-09,P003335,1529.42,26490.43
D015,2025-12-27,P003335,1070.73,25153.58
D015,2026-01-01,P003335,1038.49,22650.43
D015,2026-02-10,P003335,2272.51,34379.44
D015,2026-03-21,P003335,3710.74,50584.09
D015,2026-04-18,P003335,2711.06,53814.36
D015,2026-05-06,P003335,2682.9,28481.11
D015,2026-06-14,P003335,1883.1,27236.15
D015,2025-11-13,P003336,987.9,23097.24
D015,2025-12-23,P003336,2842.16,24517.1
D015,2026-01-08,P003336,767.24,13682.73
D015,2026-02-07,P003336,648.06,9414.92
D015,2026-03-20,P003336,1951.86,22592.63
D015,2026-04-06,P003336,790.57,19481.07
D015,2026-05-11,P003336,1284.1,18863.58
D015,2026-06-05,P003336,1706.65,20698.64
D015,2025-11-18,P003337,689.88,7001.01
D015,2025-12-14,P003337,272.38,6715.83
D015,2026-01-16,P003337,251.06,5185.43
D015,2026-02-02,P003337,265.26,3317.24
D015,2026-03-03,P003337,183.64,4418.75
D015,2026-04-23,P003337,293.27,4857.02
D015,2026-05-27,P003337,247.95,5902.89
D015,2026-06-20,P003337,285.27,2637.16
D015,2025-11-15,P003338,434.44,5373.06
D015,2025-12-10,P003338,561.31,5713.53
D015,2026-01-21,P003338,463.71,4903.2
D015,2026-02-16,P003338,291.95,6085.23
D015,2026-03-20,P003338,313.27,7256.03
D015,2026-04-01,P003338,445.08,8600.72
D015,2026-05-19,P003338,377.09,5184.07
D015,2026-06-08,P003338,242.98,4213.14
D015,2025-11-06,P003339,5133.45,98063.3
D015,2025-12-13,P003339,5791.49,121249.66
D015,2026-01-22,P003339,8129.34,68282.11
D015,2026-02-07,P003339,7014.3,69724.31
D015,2026-03-16,P003339,4780.63,106219.67
D015,2026-04-24,P003339,8860.02,83276.84
D015,2026-05-02,P003339,7255.97,107446.55
D015,2026-06-03,P003339,5334.74,72369.39
D015,2025-12-26,P003340,115.68,1781.94
D015,2026-01-13,P003340,141.51,2065.92
D015,2026-04-22,P003340,91.23,1584.04
D015,2026-05-01,P003340,153.6,1864.91
D015,2026-06-02,P003340,89.22,1784.93
D015,2025-11-23,P003341,443.02,3600.02
D015,2025-12-02,P003341,316.37,2849.7
D015,2026-01-25,P003341,201.04,1741.17
D015,2026-03-07,P003341,141.72,1487.17
D015,2026-04-22,P003341,357.41,6662.11
D015,2026-05-18,P003341,433.14,4622.87
D015,2025-11-04,P003342,248.97,3542.03
D015,2025-12-05,P003342,391.66,6608.76
D015,2026-02-10,P003342,1095.52,10695.51
D015,2026-03-18,P003342,200.53,4680.89
D015,2026-04-03,P003342,252.45,6059.12
D015,2026-05-27,P003342,735.79,6286.37
D015,2026-06-14,P003342,685.93,7242.15
D015,2025-11-02,P003343,2686.11,45385.01
D015,2025-12-02,P003343,2692.5,46988.22
D015,2026-01-14,P003343,3338.97,66211.5
D015,2026-03-03,P003343,3728.89,40703.22
D015,2026-04-26,P003343,1323.52,31577.16
D015,2026-06-11,P003343,1505.73,36959.06
D015,2025-11-24,P003344,772.73,15951.65
D015,2025-12-10,P003344,1045.12,18687.52
D015,2026-01-11,P003344,706.89,9617.73
D015,2026-02-20,P003344,1334.54,26772.49
D015,2026-03-16,P003344,714.89,11104.41
D015,2026-04-21,P003344,970.82,21807.82
D015,2026-05-09,P003344,1087.35,19497.03
D015,2026-06-11,P003344,1339.09,22621.45
D015,2025-11-22,P003345,3404.98,52192.57
D015,2025-12-03,P003345,8408.12,69627.76
D015,2026-01-08,P003345,4091.75,45116.22
D015,2026-02-19,P003345,6355.63,106747.62
D015,2026-03-02,P003345,3497.77,44937.79
D015,2026-04-27,P003345,4431.72,63426.14
D015,2026-05-26,P003345,2510.6,47286.47
D015,2026-06-15,P003345,4658.64,60880.04
D015,2025-11-23,P003346,441.75,8875.08
D015,2025-12-16,P003346,641.37,12150.92
D015,2026-01-16,P003346,230.12,5542.05
D015,2026-02-05,P003346,481.1,11557.66
D015,2026-03-13,P003346,804.47,13054.97
D015,2026-04-19,P003346,935.97,9521.77
D015,2026-06-15,P003346,594.07,9036.04
D015,2025-11-04,P003347,478.03,5458.28
D015,2025-12-03,P003347,775.81,7253.8
D015,2026-01-12,P003347,359.54,5581.08
D015,2026-03-03,P003347,636.28,7972.29
D015,2026-04-17,P003347,942.57,9833.61
D015,2026-05-19,P003347,515.2,7770.08
D015,2025-11-19,P003348,235.55,4614.74
D015,2025-12-09,P003348,151.03,2901.29
D015,2026-01-01,P003348,153.88,3738.52
D015,2026-02-18,P003348,369.54,3229.68
D015,2026-03-04,P003348,418.66,4309.53
D015,2026-04-27,P003348,503.24,4959.02
D015,2026-05-05,P003348,233.92,3524.91
D015,2026-06-05,P003348,543.56,4529.01
D015,2026-01-22,P003349,442.35,5053.33
D015,2026-02-16,P003349,131.33,2969.65
D015,2026-03-10,P003349,110.57,2751.07
D015,2026-06-01,P003349,240.95,2926.22
D015,2025-12-17,P003350,311.92,7126.4
D015,2026-01-01,P003350,248.4,5682.85
D015,2026-02-11,P003350,175.03,3997.99
D015,2026-03-25,P003350,506.44,7598.79
D015,2026-04-04,P003350,699.69,7810.48
D015,2026-05-27,P003350,613.66,5622.9
D015,2026-06-05,P003350,197.05,4423.93
D015,2025-11-03,P003351,126.26,1804.32
D015,2025-12-07,P003351,57.78,1379.72
D015,2026-01-03,P003351,127.08,1333.37
D015,2026-03-09,P003351,129.73,2154.25
D015,2026-04-22,P003351,125.33,2092.06
D015,2026-05-20,P003351,91.27,1681.31
D015,2026-06-15,P003351,89.92,2234.75
D015,2025-11-09,P003352,211.42,3213.61
D015,2025-12-15,P003352,644.77,5855.05
D015,2026-01-24,P003352,118.54,2185.01
D015,2026-02-26,P003352,177.33,4275.63
D015,2026-03-08,P003352,270.26,4150.81
D015,2026-04-04,P003352,167.93,3956.42
D015,2026-05-03,P003352,317.93,4306.09
D015,2026-06-22,P003352,269.78,3823.42
D015,2025-11-17,P003353,323.39,5484.97
D015,2025-12-12,P003353,623.53,7148.07
D015,2026-01-01,P003353,828.72,11982.04
D015,2026-03-22,P003353,1166.97,15175.56
D015,2026-04-12,P003353,1198.07,12399.26
D015,2026-05-17,P003353,436.94,8821.04
D015,2025-12-13,P003354,315.63,6259.83
D015,2026-01-01,P003354,567.89,6550.66
D015,2026-02-09,P003354,463.87,5400.99
D015,2026-04-02,P003354,268.77,5534.58
D015,2026-05-09,P003354,316.44,5562.1
D015,2026-06-03,P003354,238.94,3762.04
D015,2025-11-16,P003355,272.73,2990.77
D015,2025-12-27,P003355,107.24,1180.7
D015,2026-01-22,P003355,199.56,2693.24
D015,2026-02-22,P003355,133.74,2319.94
D015,2026-03-27,P003355,143.5,2005.31
D015,2026-04-24,P003355,95.79,1317.04
D015,2026-05-24,P003355,66.62,968.6
D015,2026-06-21,P003355,109.04,2602.03
D015,2025-11-18,P003356,198.98,4658.66
D015,2025-12-22,P003356,201.25,4967.54
D015,2026-01-17,P003356,252.49,3977.43
D015,2026-02-12,P003356,497.46,5098.21
D015,2026-03-24,P003356,272.34,4103.71
D015,2026-04-26,P003356,560.35,5491.46
D015,2026-05-05,P003356,205.03,3883.32
D015,2026-06-07,P003356,147.03,3364.7
D015,2025-11-20,P003357,497.7,11393.29
D015,2025-12-04,P003357,1392.07,13281.96
D015,2026-03-05,P003357,1033.65,9175.57
D015,2026-04-24,P003357,600.18,14230.49
D015,2026-05-27,P003357,1320.5,12038.84
D015,2025-11-15,P003358,1197.85,15035.02
D015,2025-12-15,P003358,819.05,16162.29
D015,2026-01-04,P003358,1307.19,13775.16
D015,2026-02-08,P003358,1499.54,17873.01
D015,2026-03-16,P003358,729.2,12996.86
D015,2026-04-09,P003358,876.03,13275.34
D015,2026-05-10,P003358,1645.93,13375.58
D015,2026-06-19,P003358,204.09,4580.36
D015,2025-11-10,P003359,429.98,6133.5
D015,2025-12-07,P003359,263.75,5564.84
D015,2026-01-25,P003359,325.52,6493.21
D015,2026-02-10,P003359,603.91,8242.03
D015,2026-03-12,P003359,425.77,6782.88
D015,2026-05-09,P003359,293.85,5773.51
D015,2026-06-21,P003359,306.47,6198.71
D015,2025-11-26,P003360,268.84,3741.29
D015,2025-12-16,P003360,260.78,4919.38
D015,2026-02-01,P003360,206.14,2849.05
D015,2026-03-25,P003360,259.45,2375.78
D015,2026-04-11,P003360,106.59,2590.93
D015,2026-05-08,P003360,199.13,3260.47
D015,2026-06-02,P003360,235.16,3317.86
D015,2025-12-11,P003361,974.07,23822.59
D015,2026-01-17,P003361,1054.45,16125.93
D015,2026-02-04,P003361,1023.03,12767.35
D015,2026-03-22,P003361,951.78,21246.88
D015,2026-04-13,P003361,525.88,12812.69
D015,2026-05-18,P003361,1067.71,12486.67
D015,2026-06-16,P003361,1576.55,15085.71
D015,2026-01-24,P003362,284.39,6140.56
D015,2026-03-12,P003362,109.9,2316.86
D015,2026-04-01,P003362,384.38,8398.84
D015,2026-05-10,P003362,211.91,3765.12
D015,2026-06-26,P003362,174.93,4060.56
D015,2025-12-14,P003363,1077.08,23321.4
D015,2026-01-13,P003363,2140.5,47973.22
D015,2026-02-21,P003363,2428.27,35394.41
D015,2026-03-26,P003363,1264.6,29853.31
D015,2026-04-25,P003363,2829.46,39868.33
D015,2026-06-18,P003363,1966.48,39823.34
D015,2025-12-13,P003364,1425.32,26921.83
D015,2026-01-03,P003364,2168.0,35802.85
D015,2026-02-04,P003364,1586.74,23542.97
D015,2026-03-18,P003364,2353.19,32136.0
D015,2026-04-23,P003364,1269.44,27707.35
D015,2026-06-15,P003364,2420.68,27627.48
D015,2025-11-01,P003365,1917.75,27249.89
D015,2025-12-16,P003365,2092.34,45180.92
D015,2026-01-23,P003365,1102.77,25821.67
D015,2026-03-15,P003365,1729.9,33528.2
D015,2026-04-20,P003365,1577.23,26301.26
D015,2026-05-19,P003365,1711.55,38459.71
D015,2026-06-13,P003365,1281.05,29969.28
D015,2025-11-10,P003366,1322.0,31396.76
D015,2025-12-23,P003366,1886.79,23998.33
D015,2026-01-17,P003366,2332.1,35872.15
D015,2026-02-01,P003366,1917.06,31995.66
D015,2026-03-05,P003366,1303.86,26661.06
D015,2026-04-24,P003366,1538.6,26252.47
D015,2026-05-22,P003366,847.81,13508.23
D015,2026-06-24,P003366,3178.89,37197.61
D015,2025-11-06,P003367,233.87,2582.28
D015,2025-12-08,P003367,190.11,2003.33
D015,2026-01-06,P003367,120.47,2798.39
D015,2026-02-25,P003367,24.19,363.28
D015,2026-03-23,P003367,208.37,2527.16
D015,2026-04-22,P003367,195.43,2631.25
D015,2026-05-21,P003367,251.19,2147.26
D015,2026-06-14,P003367,141.81,2867.83
D015,2025-11-25,P003368,423.91,10523.74
D015,2025-12-06,P003368,241.68,4559.78
D015,2026-01-21,P003368,386.08,9513.98
D015,2026-02-09,P003368,199.05,4035.39
D015,2026-04-11,P003368,790.7,11787.11
D015,2026-05-14,P003368,1689.57,13732.39
D015,2026-06-07,P003368,407.33,8552.2
D015,2025-11-19,P003369,4490.35,51683.04
D015,2025-12-16,P003369,2071.78,44720.23
D015,2026-01-01,P003369,3059.38,68557.14
D015,2026-02-25,P003369,5004.65,82659.35
D015,2026-03-01,P003369,3497.61,62490.93
D015,2026-04-06,P003369,5878.38,88219.51
D015,2026-05-18,P003369,4185.27,45851.78
D015,2026-06-14,P003369,4137.84,89564.72
D015,2025-11-05,P003370,627.18,6726.13
D015,2025-12-03,P003370,507.66,8278.84
D015,2026-01-25,P003370,736.04,8678.88
D015,2026-03-18,P003370,66.41,671.14
D015,2026-05-16,P003370,1297.94,10865.56
D015,2026-06-15,P003370,592.74,8694.56
D015,2025-11-23,P003371,636.92,10335.65
D015,2026-02-20,P003371,292.31,6949.25
D015,2026-03-22,P003371,561.6,11333.38
D015,2026-04-13,P003371,711.32,10172.56
D015,2026-05-16,P003371,1033.17,15046.3
D015,2026-06-14,P003371,461.67,10497.64
D015,2025-11-18,P003372,669.15,13409.17
D015,2025-12-26,P003372,491.42,11869.2
D015,2026-01-22,P003372,313.91,7430.21
D015,2026-03-01,P003372,366.52,8294.54
D015,2026-04-24,P003372,544.63,6996.66
D015,2026-05-16,P003372,444.4,9145.45
D015,2026-06-19,P003372,838.27,8533.72
D015,2025-11-15,P003373,442.3,5446.9
D015,2025-12-22,P003373,784.99,11819.12
D015,2026-01-19,P003373,309.64,3193.56
D015,2026-02-15,P003373,1005.49,13117.02
D015,2026-03-06,P003373,962.42,8874.88
D015,2026-04-18,P003373,341.42,7681.17
D015,2026-05-25,P003373,320.92,7169.88
D015,2026-06-20,P003373,1295.61,10528.18
D015,2025-11-07,P003374,4099.32,39263.72
D015,2026-01-26,P003374,1631.8,31949.56
D015,2026-02-05,P003374,3771.46,31147.17
D015,2026-03-10,P003374,762.88,16321.88
D015,2026-04-17,P003374,2632.72,43246.26
D015,2026-05-12,P003374,3841.95,51083.64
D015,2026-06-06,P003374,4460.88,44582.38
D015,2025-11-13,P003375,267.38,2899.67
D015,2025-12-15,P003375,292.83,4259.03
D015,2026-01-04,P003375,213.67,2579.78
D015,2026-02-21,P003375,173.54,3884.44
D015,2026-03-14,P003375,409.4,4252.93
D015,2026-04-19,P003375,220.23,3377.92
D015,2026-06-16,P003375,214.87,2537.12
D015,2025-11-01,P003376,344.79,4002.47
D015,2026-01-11,P003376,580.12,5758.86
D015,2026-02-03,P003376,235.58,4822.48
D015,2026-03-21,P003376,371.99,5606.35
D015,2026-05-11,P003376,14.42,316.57
D015,2026-06-17,P003376,157.85,3380.65
D015,2025-12-08,P003377,1755.67,41378.03
D015,2026-01-17,P003377,2004.36,29250.66
D015,2026-03-19,P003377,2620.49,32987.49
D015,2026-04-20,P003377,1312.25,29689.45
D015,2026-05-10,P003377,1661.14,29618.39
D015,2026-06-19,P003377,3371.87,44086.61
D015,2025-11-08,P003378,393.06,5083.89
D015,2025-12-20,P003378,221.42,3241.67
D015,2026-01-25,P003378,129.64,2541.59
D015,2026-02-19,P003378,326.26,4247.22
D015,2026-03-14,P003378,310.86,4441.47
D015,2026-04-24,P003378,342.06,4005.09
D015,2026-05-10,P003378,270.14,4689.31
D015,2026-06-17,P003378,173.21,2994.35
D015,2025-11-15,P003379,123.89,1996.77
D015,2025-12-27,P003379,123.98,2484.23
D015,2026-01-15,P003379,237.83,4279.8
D015,2026-02-11,P003379,91.41,1468.5
D015,2026-03-04,P003379,175.79,2628.51
D015,2026-04-09,P003379,151.88,3060.91
D015,2026-05-20,P003379,75.61,1854.22
D015,2026-06-01,P003379,150.94,3659.62
D015,2025-11-23,P003380,767.01,11784.09
D015,2025-12-09,P003380,874.55,12085.3
D015,2026-01-25,P003380,212.97,3461.64
D015,2026-02-04,P003380,433.15,8782.5
D015,2026-03-22,P003380,240.41,5686.96
D015,2026-05-21,P003380,638.74,11175.1
D015,2026-06-10,P003380,291.26,7199.76
D015,2025-11-25,P003381,307.58,7233.38
D015,2025-12-24,P003381,332.5,4314.76
D015,2026-01-16,P003381,444.44,4405.66
D015,2026-02-05,P003381,306.65,4480.56
D015,2026-03-03,P003381,310.1,7584.15
D015,2026-05-01,P003381,379.39,5268.13
D015,2026-06-09,P003381,248.0,4203.97
D015,2025-11-01,P003382,1155.79,10453.17
D015,2025-12-03,P003382,409.17,10011.74
D015,2026-02-03,P003382,614.68,12811.49
D015,2026-03-17,P003382,865.72,8789.33
D015,2026-04-27,P003382,685.91,14537.35
D015,2026-05-27,P003382,543.22,8503.51
D015,2026-06-07,P003382,1200.12,15993.19
D015,2025-11-26,P003383,1561.05,29052.82
D015,2025-12-03,P003383,1527.17,15473.77
D015,2026-01-26,P003383,2391.46,54088.7
D015,2026-02-07,P003383,1168.31,25999.64
D015,2026-03-02,P003383,3899.99,47634.16
D015,2026-04-03,P003383,1831.8,42216.09
D015,2026-05-06,P003383,1746.9,30400.96
D015,2026-06-03,P003383,3628.69,59125.25
D015,2025-11-26,P003384,386.09,5929.45
D015,2025-12-11,P003384,538.69,5664.77
D015,2026-01-09,P003384,591.94,5590.81
D015,2026-02-03,P003384,313.54,2701.95
D015,2026-03-15,P003384,213.19,4967.43
D015,2026-04-14,P003384,281.52,5939.96
D015,2026-05-18,P003384,356.09,6785.21
D015,2026-06-05,P003384,352.42,7584.15
D015,2025-11-16,P003385,218.41,4828.68
D015,2025-12-22,P003385,477.92,5557.62
D015,2026-01-03,P003385,586.25,7484.46
D015,2026-02-04,P003385,168.93,2731.63
D015,2026-03-05,P003385,200.22,4687.04
D015,2026-04-20,P003385,409.46,7357.62
D015,2026-05-26,P003385,419.87,5974.3
D015,2026-06-04,P003385,356.98,8337.85
D015,2025-11-10,P003386,4706.82,68814.79
D015,2025-12-10,P003386,1498.79,32707.97
D015,2026-01-09,P003386,4957.59,77291.34
D015,2026-02-18,P003386,7413.73,96379.78
D015,2026-03-07,P003386,6154.04,60682.32
D015,2026-04-23,P003386,6716.24,55901.56
D015,2026-05-09,P003386,3089.8,52550.46
D015,2026-06-04,P003386,8228.09,80610.11
D015,2025-11-07,P003387,315.79,3742.51
D015,2025-12-08,P003387,98.1,2335.11
D015,2026-01-09,P003387,161.52,3791.04
D015,2026-02-26,P003387,301.23,4995.65
D015,2026-03-05,P003387,487.11,4110.88
D015,2026-04-23,P003387,185.88,3479.37
D015,2026-06-08,P003387,280.64,5174.53
D015,2025-11-17,P003388,410.6,3720.0
D015,2026-01-14,P003388,188.03,2086.85
D015,2026-02-13,P003388,519.55,4715.78
D015,2026-03-22,P003388,173.31,3992.09
D015,2026-04-27,P003388,301.77,3685.53
D015,2025-11-15,P003389,2608.45,60965.06
D015,2025-12-03,P003389,3660.9,57597.62
D015,2026-01-04,P003389,1349.88,30389.76
D015,2026-02-07,P003389,2036.73,42304.45
D015,2026-03-08,P003389,2855.79,46208.24
D015,2026-04-23,P003389,1258.45,23023.3
D015,2026-05-09,P003389,2670.65,46066.53
D015,2026-06-03,P003389,903.73,22099.23
D015,2025-11-04,P003390,3102.89,45119.23
D015,2025-12-27,P003390,2875.12,28193.62
D015,2026-01-02,P003390,2285.86,42312.26
D015,2026-04-05,P003390,1803.43,34330.11
D015,2026-05-04,P003390,1796.15,39336.38
D015,2026-06-08,P003390,4450.03,40390.06
D015,2025-12-16,P003391,92.97,2309.14
D015,2026-01-27,P003391,237.5,2903.99
D015,2026-02-15,P003391,51.33,736.96
D015,2026-03-08,P003391,79.09,1446.16
D015,2026-04-15,P003391,165.41,1634.72
D015,2026-05-24,P003391,146.47,1586.67
D015,2026-06-26,P003391,147.61,1799.1
D015,2025-11-21,P003392,615.02,6030.74
D015,2025-12-20,P003392,631.37,5790.31
D015,2026-01-10,P003392,241.89,3454.21
D015,2026-03-18,P003392,265.45,5336.32
D015,2026-04-09,P003392,385.2,4936.43
D015,2026-05-03,P003392,409.47,6489.66
D015,2025-11-09,P003393,813.91,18422.54
D015,2025-12-17,P003393,1379.83,34349.01
D015,2026-01-08,P003393,3735.54,34159.15
D015,2026-02-21,P003393,2512.03,30426.94
D015,2026-03-24,P003393,1413.48,32615.54
D015,2026-05-09,P003393,2377.83,51891.93
D015,2026-06-03,P003393,1332.29,30133.64
D015,2026-01-23,P003394,4353.65,80591.22
D015,2026-02-26,P003394,4775.3,98872.37
D015,2026-03-02,P003394,9752.71,93035.21
D015,2026-04-21,P003394,3530.88,63987.42
D015,2026-05-08,P003394,3333.86,81541.33
D015,2026-06-07,P003394,7513.05,72930.23
D015,2025-11-10,P003395,213.35,4578.74
D015,2025-12-01,P003395,311.0,7467.71
D015,2026-02-25,P003395,258.55,5494.32
D015,2026-03-20,P003395,224.41,5008.66
D015,2026-04-06,P003395,286.1,4398.46
D015,2026-05-20,P003395,820.25,6973.5
D015,2026-06-24,P003395,469.3,6060.12
D015,2025-11-25,P003396,230.78,4767.05
D015,2025-12-15,P003396,299.98,5929.49
D015,2026-02-17,P003396,211.14,3497.73
D015,2026-03-22,P003396,550.56,8011.4
D015,2026-04-24,P003396,208.79,4068.72
D015,2026-05-26,P003396,505.99,6556.01
D015,2026-06-10,P003396,230.82,5749.88
D015,2025-11-01,P003397,2217.0,18036.26
D015,2025-12-26,P003397,2307.75,41720.48
D015,2026-02-06,P003397,1110.04,26460.85
D015,2026-03-09,P003397,2792.64,53670.7
D015,2026-05-03,P003397,488.91,11203.15
D015,2026-06-19,P003397,1763.89,41923.45
D015,2025-11-09,P003398,2996.72,71095.56
D015,2025-12-07,P003398,4980.4,118329.12
D015,2026-01-25,P003398,6794.32,85824.47
D015,2026-03-16,P003398,5699.73,117459.08
D015,2026-04-09,P003398,7815.06,88442.89
D015,2026-05-20,P003398,3089.89,51652.26
D015,2026-06-26,P003398,7517.56,88023.4
D015,2025-11-22,P003399,629.59,5912.43
D015,2025-12-10,P003399,225.43,4714.44
D015,2026-01-16,P003399,833.31,6989.57
D015,2026-02-19,P003399,271.77,6167.35
D015,2026-03-04,P003399,238.64,5083.8
D015,2026-04-13,P003399,118.28,1971.92
D015,2026-05-14,P003399,176.37,3080.27
D015,2026-06-23,P003399,352.29,7461.39
D015,2025-11-04,P003400,770.88,9050.26
D015,2025-12-25,P003400,537.66,9407.76
D015,2026-02-07,P003400,423.15,8594.84
D015,2026-03-03,P003400,293.02,7086.1
D015,2026-04-26,P003400,664.36,9089.73
D015,2026-05-14,P003400,975.65,16263.31
D015,2026-06-25,P003400,440.17,9016.56
D015,2025-12-21,P003401,349.26,3089.36
D015,2026-01-23,P003401,212.25,2833.62
D015,2026-02-24,P003401,207.22,4496.94
D015,2026-03-15,P003401,433.52,4561.0
D015,2026-04-14,P003401,319.43,3791.23
D015,2026-05-25,P003401,247.51,5494.33
D015,2026-06-08,P003401,168.83,3299.28
D015,2025-11-05,P003402,1210.02,11707.79
D015,2025-12-04,P003402,1180.64,16133.51
D015,2026-01-16,P003402,626.15,11947.06
D015,2026-02-06,P003402,1467.66,22660.77
D015,2026-03-22,P003402,1009.8,21485.62
D015,2026-04-17,P003402,1448.48,25198.3
D015,2026-05-04,P003402,1012.83,11309.29
D015,2026-06-19,P003402,1368.89,14738.64
D015,2025-11-02,P003403,159.44,2386.13
D015,2025-12-25,P003403,120.55,1544.0
D015,2026-02-01,P003403,63.65,619.55
D015,2026-03-24,P003403,26.76,667.91
D015,2026-04-08,P003403,123.87,2415.81
D015,2026-05-11,P003403,75.27,1442.62
D015,2026-06-15,P003403,187.71,1921.09
D015,2025-11-18,P003404,2029.98,18469.04
D015,2026-01-22,P003404,605.35,12704.79
D015,2026-02-05,P003404,1922.43,44090.55
D015,2026-03-07,P003404,2290.42,30804.58
D015,2026-04-14,P003404,3764.06,35004.99
D015,2026-06-18,P003404,3415.57,33915.07
D015,2025-12-18,P003405,747.91,8717.74
D015,2026-01-27,P003405,327.54,4980.07
D015,2026-02-18,P003405,290.94,4104.85
D015,2026-03-25,P003405,485.4,8537.49
D015,2026-05-10,P003405,429.14,5892.91
D015,2025-11-06,P003406,1498.33,32841.44
D015,2026-01-25,P003406,1443.31,14717.69
D015,2026-05-17,P003406,1818.5,20532.43
D015,2026-06-17,P003406,3105.6,33171.47
D015,2025-11-16,P003407,160.3,3035.7
D015,2026-01-08,P003407,102.9,1730.57
D015,2026-02-17,P003407,251.23,3717.48
D015,2026-03-06,P003407,472.88,5447.43
D015,2026-04-22,P003407,471.67,3839.58
D015,2026-05-03,P003407,117.78,2678.73
D015,2026-06-03,P003407,720.89,5961.91
